# https://github.com/mikedh/trimesh
mtllib material.mtl
usemtl TacticalSurfaceMaterial
v -35.83925280 16.93311258 262.26352538
v -28.99756078 14.84466401 267.47269350
v -31.00098502 6.12507284 261.56793411
v -36.45013063 29.57797631 262.26192974
v -30.24736297 27.46665893 268.04177278
v -36.44084195 42.24588063 262.26012905
v -30.24564986 40.13456324 268.03322807
v -36.43030433 54.91378495 262.25808106
v -30.24371661 52.80246756 268.02354309
v -36.41824699 67.58168926 262.25573094
v -30.24151785 65.47037188 268.01247270
v -36.40431487 80.24959358 262.25300646
v -30.23899472 78.13827619 267.99969618
v -36.38803274 92.91749790 262.24981019
v -30.23606967 90.80618051 267.98478568
v -36.36874847 105.58540221 262.24600763
v -30.23263810 103.47408483 267.96715596
v -36.34554448 118.25330653 262.24140784
v -30.22855560 116.14198914 267.94598664
v -36.31708397 130.92121084 262.23572976
v -30.22361719 128.80989346 267.92008900
v -36.28133880 143.58911516 262.22854189
v -30.21752110 141.47779777 267.88767106
v -36.23507387 156.25701948 262.21914598
v -30.20980408 154.14570209 267.84589905
v -36.17277876 168.92492379 262.20633085
v -30.19971646 166.81360641 267.79000456
v -36.08419039 181.59282811 262.18778899
v -30.18595791 179.48151072 267.71126522
v -35.94755043 194.26073243 262.15848751
v -30.16605105 192.14941504 267.59173465
v -35.70575863 206.92863674 262.10478316
v -30.13459246 204.81731936 267.38703058
v -35.11926884 219.59654106 261.96982201
v -30.07693452 217.48522367 266.94123171
v -33.70673666 230.27472864 261.33157769
v -30.62193640 228.52407263 265.62076688
v -29.24680750 236.23646349 262.52054949
v -36.45572976 14.84526617 255.22373886
v -30.24761032 4.47588425 255.22373886
v -37.68371128 27.46665893 255.22373886
v -37.67239455 40.13456324 255.22373886
v -37.65954286 52.80246756 255.22373886
v -37.64482025 65.47037188 255.22373886
v -37.62778545 78.13827619 255.22373886
v -37.60784550 90.80618051 255.22373886
v -37.58418436 103.47408483 255.22373886
v -37.55564916 116.14198914 255.22373886
v -37.52055190 128.80989346 255.22373886
v -37.47631608 141.47779777 255.22373886
v -37.41880187 154.14570209 255.22373886
v -37.34088391 166.81360641 255.22373886
v -37.22910844 179.48151072 255.22373886
v -37.05436334 192.14941504 255.22373886
v -36.73754796 204.81731936 255.22373886
v -35.91720686 217.48522367 255.22373886
v -33.83844555 228.79019370 255.22373886
v -29.72899804 234.99878075 256.40144587
v -36.45478650 14.84576942 248.15749677
v -30.24739025 4.47770245 248.15749677
v -37.68234869 27.46665893 248.15749677
v -37.67085364 40.13456324 248.15749677
v -37.65778611 52.80246756 248.15749677
v -37.64279844 65.47037188 248.15749677
v -37.62543378 78.13827619 248.15749677
v -37.60507578 90.80618051 248.15749677
v -37.58087374 103.47408483 248.15749677
v -37.55162085 116.14198914 248.15749677
v -37.51554197 128.80989346 248.15749677
v -37.46991251 141.47779777 248.15749677
v -37.41032004 154.14570209 248.15749677
v -37.32909487 166.81360641 248.15749677
v -37.21153991 179.48151072 248.15749677
v -37.02509982 192.14941504 248.15749677
v -36.67705263 204.81731936 248.15749677
v -35.66052695 217.48522367 248.15749677
v -33.41811736 228.50096519 248.15749677
v -29.60827047 233.53163730 249.33520378
v -36.45122696 14.84613689 241.09125468
v -30.24615322 4.48171424 241.09125468
v -37.67810198 27.46665893 241.09125468
v -37.66601373 40.13456324 241.09125468
v -37.65221886 52.80246756 241.09125468
v -37.63632629 65.47037188 241.09125468
v -37.61781488 78.13827619 241.09125468
v -37.59597341 90.80618051 241.09125468
v -37.56980518 103.47408483 241.09125468
v -37.53786502 116.14198914 241.09125468
v -37.49797103 128.80989346 241.09125468
v -37.44665509 141.47779777 241.09125468
v -37.37800720 154.14570209 241.09125468
v -37.28092593 166.81360641 241.09125468
v -37.13108850 179.48151072 241.09125468
v -36.85661307 192.14941504 241.09125468
v -36.55555688 203.55052892 241.79787888
v -34.90117552 215.58281649 240.62924479
v -32.32900463 227.10014472 241.67741908
v -29.43322911 231.65698577 242.80528412
v -36.44326311 14.84820250 234.02501258
v -30.24498710 4.49485150 234.02501258
v -37.66785383 27.46665893 234.02501258
v -37.65433743 40.13456324 234.02501258
v -37.63879297 52.80246756 234.02501258
v -37.62072447 65.47037188 234.02501258
v -37.59945999 78.13827619 234.02501258
v -37.57406350 90.80618051 234.02501258
v -37.54319155 103.47408483 234.02501258
v -37.50484141 116.14198914 234.02501258
v -37.45588567 128.80989346 234.02501258
v -37.39114233 141.47779777 234.02501258
v -37.30131279 154.14570209 234.02501258
v -37.16772622 166.81360641 234.02501258
v -36.94571083 179.48151072 234.02501258
v -36.48625873 192.14941504 234.02501258
v -35.05483073 205.43597465 234.52974416
v -30.60299500 215.20441472 234.08482296
v -29.16578464 220.03979036 236.28343316
v -28.92126501 229.16045428 240.06448989
v -36.43921016 14.85014969 226.95877049
v -30.24383568 4.50137100 226.95877049
v -37.66206463 27.46665893 226.95877049
v -37.64769578 40.13456324 226.95877049
v -37.63109441 52.80246756 226.95877049
v -37.61169271 65.47037188 226.95877049
v -37.58871151 78.13827619 226.95877049
v -37.56104956 90.80618051 226.95877049
v -37.52709821 103.47408483 226.95877049
v -37.48440164 116.14198914 226.95877049
v -37.42900457 128.80989346 226.95877049
v -37.35405741 141.47779777 226.95877049
v -37.24640875 154.14570209 226.95877049
v -37.07630836 166.81360641 226.95877049
v -36.75024274 179.48151072 226.95877049
v -36.34539104 190.88262461 227.66539470
v -34.42478056 202.59671962 226.57218857
v -29.87097306 212.55342292 228.27431877
v -36.43151936 14.85207233 219.89252840
v -30.24273559 4.51402565 219.89252840
v -37.65212330 27.46665893 219.89252840
v -37.63623932 40.13456324 219.89252840
v -37.61774667 52.80246756 219.89252840
v -37.59594236 65.47037188 219.89252840
v -37.56984317 78.13827619 219.89252840
v -37.53803300 90.80618051 219.89252840
v -37.49838855 103.47408483 219.89252840
v -37.44757401 116.14198914 219.89252840
v -37.38001559 128.80989346 219.89252840
v -37.28560192 141.47779777 219.89252840
v -37.14371327 154.14570209 219.89252840
v -36.90376783 166.81360641 219.89252840
v -36.38788330 179.48151072 219.89252840
v -34.84038031 192.57454736 220.39725998
v -30.52098199 201.39735874 220.05793792
v -28.79985135 206.00544279 222.60931617
v -36.42996188 14.85390928 212.82628631
v -30.24262352 4.51821991 212.82628631
v -37.64924166 27.46665893 212.82628631
v -37.63292599 40.13456324 212.82628631
v -37.61389607 52.80246756 212.82628631
v -37.59141167 65.47037188 212.82628631
v -37.56443380 78.13827619 212.82628631
v -37.53146001 90.80618051 212.82628631
v -37.49022875 103.47408483 212.82628631
v -37.43716708 116.14198914 212.82628631
v -37.36627000 128.80989346 212.82628631
v -37.26656507 141.47779777 212.82628631
v -37.11547297 154.14570209 212.82628631
v -36.85692463 166.81360641 212.82628631
v -36.28929579 179.48151072 212.82628631
v -34.55307079 191.48174345 212.82628631
v -29.83335614 199.74676366 214.00399333
v -36.42797444 14.85409641 205.76004422
v -30.24185917 4.52031321 205.76004422
v -37.64683293 27.46665893 205.76004422
v -37.63011376 40.13456324 205.76004422
v -37.61056978 52.80246756 205.76004422
v -37.58741493 65.47037188 205.76004422
v -37.55954038 78.13827619 205.76004422
v -37.52532760 90.80618051 205.76004422
v -37.48231465 103.47408483 205.76004422
v -37.42655515 116.14198914 205.76004422
v -37.35127359 128.80989346 205.76004422
v -37.24368771 141.47779777 205.76004422
v -37.07598000 154.14570209 205.76004422
v -36.77012375 166.81360641 205.76004422
v -35.86945838 179.48151072 205.76004422
v -34.13684402 190.77746225 205.76004422
v -29.81232981 198.57129312 206.93775124
v -36.42017918 14.85537273 198.69380213
v -30.23990972 4.53081303 198.69380213
v -37.63704127 27.46665893 198.69380213
v -37.61865647 40.13456324 198.69380213
v -37.59697952 52.80246756 198.69380213
v -37.57103091 65.47037188 198.69380213
v -37.53939416 78.13827619 198.69380213
v -37.49993910 90.80618051 198.69380213
v -37.44929504 103.47408483 198.69380213
v -37.38176691 116.14198914 198.69380213
v -37.28680097 128.80989346 198.69380213
v -37.14190339 141.47779777 198.69380213
v -36.88521353 154.14570209 198.69380213
v -36.15664404 166.81360641 198.69380213
v -35.13120723 178.21472029 199.40042634
v -31.90347959 188.63719002 198.67138905
v -29.46816735 193.88660833 200.43421406
v -36.40892884 14.85862794 191.62756004
v -30.23790962 4.54805005 191.62756004
v -37.62199113 27.46665893 191.62756004
v -37.60095063 40.13456324 191.62756004
v -37.57584248 52.80246756 191.62756004
v -37.54535052 65.47037188 191.62756004
v -37.50751466 78.13827619 191.62756004
v -37.45927707 90.80618051 191.62756004
v -37.39557188 103.47408483 191.62756004
v -37.30730351 116.14198914 191.62756004
v -37.17612356 128.80989346 191.62756004
v -36.95739813 141.47779777 191.62756004
v -36.49076266 154.14570209 191.62756004
v -35.55611341 165.54681598 192.33418425
v -32.29369292 177.59932690 192.00608917
v -29.71315185 183.10942013 192.90845255
v -28.44113586 190.75281085 197.28666668
v -36.39578534 14.86196773 184.56131795
v -30.23419709 4.56598828 184.56131795
v -37.60440948 27.46665893 184.56131795
v -37.57984570 40.13456324 184.56131795
v -37.55001604 52.80246756 184.56131795
v -37.51297565 65.47037188 184.56131795
v -37.46564869 78.13827619 184.56131795
v -37.40281396 90.80618051 184.56131795
v -37.31464779 103.47408483 184.56131795
v -37.17930605 116.14198914 184.56131795
v -36.92844383 128.80989346 184.56131795
v -36.72388356 140.21100734 185.26794216
v -35.38323225 152.18133290 184.10679932
v -33.84823764 165.49908666 185.46023389
v -30.07927289 173.53509223 185.64852455
v -28.48053364 179.14246397 189.63252407
v -36.36822981 14.86816694 177.49507586
v -30.22874017 4.60714038 177.49507586
v -37.56761584 27.46665893 177.49507586
v -37.53496544 40.13456324 177.49507586
v -37.49399683 52.80246756 177.49507586
v -37.44095927 65.47037188 177.49507586
v -37.36933877 78.13827619 177.49507586
v -37.26653673 90.80618051 177.49507586
v -37.10354066 103.47408483 177.49507586
v -36.78445153 116.14198914 177.49507586
v -36.43856593 127.54310303 178.20170007
v -34.75136039 140.30943970 177.61377895
v -29.69664341 150.67481068 177.08332609
v -29.64433517 156.83607020 179.50302452
v -29.19897505 166.96170806 182.51727944
v -36.34692109 14.87727895 170.42883377
v -30.22610610 4.64396847 170.42883377
v -37.53618687 27.46665893 170.42883377
v -37.49603582 40.13456324 170.42883377
v -37.44447246 52.80246756 170.42883377
v -37.37573956 65.47037188 170.42883377
v -37.27932511 78.13827619 170.42883377
v -37.13358277 90.80618051 170.42883377
v -36.88451890 103.47408483 170.42883377
v -36.33468272 116.14198914 170.42883377
v -34.75689396 129.11462167 170.93356535
v -30.18519311 137.79614660 169.99825104
v -29.68340209 142.59888102 172.79170686
v -36.34305052 14.88167734 163.36259168
v -30.22578995 4.65495543 163.36259168
v -37.52880371 27.46665893 163.36259168
v -37.48685777 40.13456324 163.36259168
v -37.43274657 52.80246756 163.36259168
v -37.36021348 65.47037188 163.36259168
v -37.25774139 78.13827619 163.36259168
v -37.10136187 90.80618051 163.36259168
v -36.83037709 103.47408483 163.36259168
v -36.21574498 116.14198914 163.36259168
v -34.42094486 127.97545902 163.36259168
v -30.47022199 135.35956373 164.06921589
v -36.33984466 14.88220525 156.29634959
v -30.22482724 4.66123091 156.29634959
v -37.52448231 27.46665893 156.29634959
v -37.48131954 40.13456324 156.29634959
v -37.42538835 52.80246756 156.29634959
v -37.34994808 65.47037188 156.29634959
v -37.24238112 78.13827619 156.29634959
v -37.07569354 90.80618051 156.29634959
v -36.77767573 103.47408483 156.29634959
v -36.02278864 116.14198914 156.29634959
v -34.17359757 127.58100351 156.29634959
v -29.77534926 134.74929850 157.47405661
v -36.32785115 14.88381279 149.23010750
v -30.22131782 4.67567344 149.23010750
v -37.50836432 27.46665893 149.23010750
v -37.46035478 40.13456324 149.23010750
v -37.39695731 52.80246756 149.23010750
v -37.30906772 65.47037188 149.23010750
v -37.17810949 78.13827619 149.23010750
v -36.95733739 90.80618051 149.23010750
v -36.45226352 103.47408483 149.23010750
v -35.73695537 114.87519871 149.93673171
v -33.22602226 125.74506270 149.08360588
v -29.63953725 132.04976461 150.82574947
v -36.28791225 14.88967286 142.16386541
v -30.21026923 4.72130522 142.16386541
v -37.45246155 27.46665893 142.16386541
v -37.38385292 40.13456324 142.16386541
v -37.28465745 52.80246756 142.16386541
v -37.12262085 65.47037188 142.16386541
v -36.75425123 78.13827619 142.16386541
v -36.52722346 89.53939008 142.87048962
v -35.13251733 101.09897013 141.81923936
v -33.55598428 114.64448801 143.24503039
v -30.17715957 122.02625423 143.24824639
v -28.63452998 128.61714727 146.56737971
v -36.22226989 14.90812189 135.09762332
v -30.20111907 4.81958221 135.09762332
v -37.35369920 27.46665893 135.09762332
v -37.24590953 40.13456324 135.09762332
v -37.07704550 52.80246756 135.09762332
v -36.76789734 65.47037188 135.09762332
v -35.92484015 78.13827619 135.09762332
v -34.10798759 90.44516062 135.60235490
v -30.12122935 96.97415609 134.69555959
v -29.59011231 106.17907273 137.79326355
v -29.11206612 116.47756581 140.56469361
v -36.19957929 14.92340090 128.03138123
v -30.19687190 4.86442759 128.03138123
v -37.31282532 27.46665893 128.03138123
v -37.18590783 40.13456324 128.03138123
v -36.97814915 52.80246756 128.03138123
v -36.55681937 65.47037188 128.03138123
v -35.78282533 76.87148576 128.73800544
v -33.09181498 88.00323682 127.82388300
v -30.16243129 93.17593381 129.15413212
v -36.16751198 14.93049285 120.96513914
v -30.19103718 4.91895379 120.96513914
v -37.26218684 27.46665893 120.96513914
v -37.10655577 40.13456324 120.96513914
v -36.83361068 52.80246756 120.96513914
v -36.17541968 65.47037188 120.96513914
v -34.42581491 78.15250854 121.46987072
v -30.27186068 86.44363605 121.38126582
v -28.60906725 90.91514005 124.99542992
v -36.14335147 14.94023572 113.89889705
v -30.18751856 4.96121999 113.89889705
v -37.22069859 27.46665893 113.89889705
v -37.04006722 40.13456324 113.89889705
v -36.70708585 52.80246756 113.89889705
v -35.78645520 65.47037188 113.89889705
v -33.63783594 76.59437878 113.89889705
v -29.70242292 82.49726581 115.07660407
v -36.12801388 14.94611114 106.83265496
v -30.18453608 4.98667566 106.83265496
v -37.19382548 27.46665893 106.83265496
v -36.99477984 40.13456324 106.83265496
v -36.61114062 52.80246756 106.83265496
v -35.79857202 64.20358145 107.53927917
v -33.00404293 75.57767113 106.39052867
v -29.08138752 80.41898349 107.39999182
v -36.09880651 14.95109130 99.76641287
v -30.17717131 5.01911568 99.76641287
v -37.14415581 27.46665893 99.76641287
v -36.90237193 40.13456324 99.76641287
v -36.35567136 52.80246756 99.76641287
v -34.74631543 65.81287022 100.27114445
v -30.22058753 75.90630380 99.25059886
v -29.67022979 78.58725712 101.61789828
v -36.03602695 14.96338906 92.70017078
v -30.16435037 5.09794406 92.70017078
v -37.03181714 27.46665893 92.70017078
v -36.67131309 40.13456324 92.70017078
v -36.08525598 51.53567713 93.40679499
v -33.82346205 62.95454568 92.35442414
v -30.44112546 70.09713203 93.62937390
v -35.94033141 14.98479757 85.63392869
v -30.14501643 5.22323215 85.63392869
v -36.83822495 27.46665893 85.63392869
v -36.07852162 40.13456324 85.63392869
v -34.55074357 52.72904624 86.13866027
v -30.41228424 61.74803634 85.85650761
v -28.69972354 66.27025802 88.59851062
v -35.55188860 15.01708155 78.56768660
v -30.06439168 5.49906076 78.56768660
v -36.43056366 26.19986850 79.27431081
v -34.82988382 37.77251054 78.24247722
v -32.48700924 49.74719644 79.32967688
v -29.57026934 55.63574980 80.29794133
v -34.55001466 13.95550996 72.20806872
v -29.72978470 6.68987487 71.50144451
v -33.86660518 25.57424113 71.79595016
v -29.60049989 34.33007238 71.09697419
v -29.44595478 42.89706409 74.49027763
v -28.91868917 52.10726265 77.53667766
v -32.58120043 15.19779240 64.93993400
v -29.53767259 9.41953236 64.43520242
v -29.88263278 19.91348091 64.23902312
v -29.53253680 28.05950590 68.20449608
v -32.74062098 15.23864797 57.36896033
v -29.74954430 9.49960220 57.36896033
v -30.14869809 18.68076182 58.07558454
v -33.64363404 15.45735811 50.30271824
v -29.88865735 8.25617031 50.30271824
v -29.74954430 22.51379410 51.48042525
v -33.78537543 15.21260990 43.23647615
v -29.88686179 7.60443011 43.23647615
v -29.88865735 23.85583168 44.41418316
v -33.76882138 15.19364302 36.17023406
v -29.88370944 7.52153507 36.17023406
v -29.88686179 24.05984547 37.34794107
v -33.75788599 15.15386590 29.10399197
v -29.87692965 7.55117003 29.10399197
v -29.88370944 23.94088231 30.28169898
v -33.71769778 15.11698319 22.03774988
v -29.86963715 7.62108649 22.03774988
v -29.87692965 23.66368351 23.21545689
v -33.70529451 15.11608605 14.97150779
v -29.86758045 7.64962043 14.97150779
v -29.86963715 23.55358634 16.14921480
v -33.69372409 15.09243235 7.90526570
v -29.86323945 7.63942201 7.90526570
v -29.86758045 23.60243407 9.08297271
v -33.66073286 16.11969145 0.46204220
v -29.89689318 7.54797572 0.83902361
v -29.52963899 24.22464159 2.25510390
v -34.17799479 15.43139982 -6.22721848
v -29.94049631 7.13532879 -6.22721848
v -30.34307826 26.03849580 -3.21309468
v -31.85254721 25.55801181 -6.66703013
v -28.64303630 28.22697610 -5.48932311
v -33.82136864 14.20376779 -12.40332551
v -28.84717500 7.77615551 -12.98776639
v -32.21525959 24.43342415 -12.69461329
v -29.25444530 28.60903367 -11.66983199
v -29.63283252 17.18422801 -16.63230606
v -28.94262254 26.52282651 -14.84727962
v -21.42491707 14.84449147 268.04937790
v -23.95373108 4.47219764 262.26437238
v -22.68932407 27.46665893 269.19388562
v -22.68932407 40.13456324 269.18385541
v -22.68932407 52.80246756 269.17250255
v -22.68932407 65.47037188 269.15954618
v -22.68932407 78.13827619 269.14462009
v -22.68932407 90.80618051 269.12723677
v -22.68932407 103.47408483 269.10673417
v -22.68932407 116.14198914 269.08218677
v -22.68932407 128.80989346 269.05226110
v -22.68932407 141.47779777 269.01496287
v -22.68932407 154.14570209 268.96716418
v -22.68932407 166.81360641 268.90365965
v -22.68932407 179.48151072 268.81506707
v -22.68932407 192.14941504 268.68247758
v -22.68932407 204.81731936 268.46060842
v -22.68932407 217.48522367 268.00001979
v -23.95373108 229.69295054 266.44650517
v -22.68932407 238.02233457 261.91627307
v -22.68932407 2.41083906 255.22373886
v -22.68932407 236.35238645 255.22373886
v -22.68932407 2.41323552 248.15749677
v -22.68932407 234.42061368 248.15749677
v -22.68932407 2.41977905 241.09125468
v -22.68932407 231.78859879 242.16246022
v -22.68932407 2.43418105 234.02501258
v -23.65288199 216.34997211 232.58526891
v -21.91686447 219.79335755 235.36128015
v -22.68932407 228.24382396 239.56463723
v -22.68932407 2.44272814 226.95877049
v -23.44796828 212.98317745 226.56537141
v -22.68932407 2.45722390 219.89252840
v -23.95373108 202.57621318 218.97584232
v -21.42491707 206.19408242 221.99454487
v -22.68932407 2.46169968 212.82628631
v -22.68932407 201.50848954 212.82628631
v -22.68932407 2.46546708 205.76004422
v -22.68932407 199.39286526 205.76004422
v -22.68932407 2.47787319 198.69380213
v -22.68932407 194.23938117 199.77282367
v -22.68932407 2.49402292 191.62756004
v -23.95373108 185.30648803 192.30999264
v -21.42491707 191.37793900 196.88879735
v -22.68932407 2.52163882 184.56131795
v -23.95373108 173.75365201 184.91955641
v -21.42491707 179.68081893 188.15392265
v -22.68932407 2.56452783 177.49507586
v -26.32169760 154.10338215 177.42038786
v -23.03647668 156.93176251 177.85955836
v -22.14743536 165.72875269 181.25278979
v -22.68932407 2.59657572 170.42883377
v -26.26259004 141.16783898 169.52673043
v -23.66419050 146.49204770 171.33526775
v -21.85351278 153.75578173 175.50074266
v -22.68932407 2.62117464 163.36259168
v -24.06681259 138.04095336 163.59203464
v -21.13537649 142.12050084 166.86225187
v -22.68932407 2.63293705 156.29634959
v -22.68932407 136.14861891 156.29634959
v -22.68932407 2.65121267 149.23010750
v -22.14743536 132.45148586 149.19447223
v -22.68932407 2.69083287 142.16386541
v -22.99439114 125.52486735 141.68016953
v -22.41878717 129.25212168 144.14807602
v -22.68932407 2.76714700 135.09762332
v -26.08704736 102.65768941 134.26737950
v -22.02362534 110.16972565 134.58291529
v -22.86367675 115.80528913 137.40275622
v -22.68932407 2.85643821 128.03138123
v -22.95549723 96.54917712 128.14460887
v -21.65114734 103.57545454 131.23891398
v -22.68932407 2.92640878 120.96513914
v -23.56467113 87.86665575 119.90511792
v -22.39752154 91.39550222 123.18647120
v -22.68932407 2.98593868 113.89889705
v -23.44796828 83.23799515 113.19227284
v -22.68932407 3.01862549 106.83265496
v -21.93067987 81.64937085 107.53927917
v -22.68932407 3.04772560 99.76641287
v -27.49851890 77.88966016 98.90483050
v -23.15959642 80.23002759 101.16992320
v -22.68932407 3.14151071 92.70017078
v -23.57496501 72.88556751 92.75149925
v -21.34136463 77.88900678 97.11929684
v -22.68932407 3.30217817 85.63392869
v -23.49503314 62.78026222 84.35168475
v -22.30002835 66.28353923 87.07389278
v -22.68932407 3.58591773 78.56768660
v -23.44796828 56.92219973 78.87286279
v -22.68932407 4.39490179 71.50144451
v -26.56144363 40.21847561 71.08789040
v -22.38637208 46.62093503 70.92750754
v -22.14743536 52.19743581 75.04937957
v -22.68932407 5.63527503 64.43520242
v -26.19403485 26.51006952 63.84133203
v -22.80638188 36.13093730 64.34374384
v -22.84341560 40.43143655 66.82401216
v -22.68932407 8.45246984 57.36896033
v -23.62634862 20.40811190 57.14492581
v -21.91263073 28.36975464 60.52305365
v -22.68932407 7.10967756 50.30271824
v -23.44796828 22.71713170 49.59609403
v -22.68932407 6.30774305 43.23647615
v -22.68932407 25.13592869 43.23647615
v -22.68932407 6.23667159 36.17023406
v -22.68932407 25.28841577 36.17023406
v -22.68932407 6.20342654 29.10399197
v -22.68932407 25.36899162 29.10399197
v -22.68932407 6.20988172 22.03774988
v -22.68932407 25.35106359 22.03774988
v -22.68932407 6.15557171 14.97150779
v -22.22314790 25.66253242 15.12923640
v -22.68932407 5.89598634 7.90526570
v -23.17740633 26.49918514 8.23061049
v -22.68932407 5.60692168 0.83902361
v -23.37812345 27.24022311 4.20434081
v -26.01074783 27.39815965 -0.00496082
v -22.09754619 28.31482471 1.11789057
v -22.68932407 5.44023999 -6.22721848
v -22.68932407 28.96196684 -6.22721848
v -21.42491707 6.98491110 -12.98627036
v -22.68932407 28.79730584 -12.40294723
v -22.68932407 15.34678550 -17.05456288
v -22.68932407 25.60890930 -15.30394658
v -13.83847501 14.84449059 268.04947688
v -16.36728903 4.47163751 262.26446862
v -15.10288202 27.46665893 269.19409277
v -15.10288202 40.13456324 269.18408825
v -15.10288202 52.80246756 269.17276578
v -15.10288202 65.47037188 269.15984655
v -15.10288202 78.13827619 269.14496651
v -15.10288202 90.80618051 269.12764033
v -15.10288202 103.47408483 269.10721004
v -15.10288202 116.14198914 269.08275670
v -15.10288202 128.80989346 269.05295626
v -15.10288202 141.47779777 269.01582910
v -15.10288202 154.14570209 268.96827448
v -15.10288202 166.81360641 268.90513385
v -15.10288202 179.48151072 268.81712060
v -15.10288202 192.14941504 268.68553992
v -15.10288202 204.81731936 268.46567916
v -15.10288202 217.48522367 268.01012378
v -16.36728903 229.83715806 266.47667141
v -15.10288202 238.48157776 261.91637662
v -15.10288202 2.40862660 255.22373886
v -15.10288202 238.15223813 255.22373886
v -15.10288202 2.41261800 248.15749677
v -15.10288202 234.92040289 248.15749677
v -15.10288202 2.41930965 241.09125468
v -15.10288202 231.72199392 242.15557475
v -15.10288202 2.43099454 234.02501258
v -19.57185483 217.46055416 232.96795243
v -15.69321890 220.77690040 234.30990100
v -14.56099330 228.10966413 239.14149877
v -15.10288202 2.44177424 226.95877049
v -16.60832866 213.93800156 227.32766403
v -13.69821891 217.65078648 230.51695489
v -15.10288202 2.45546183 219.89252840
v -16.36728903 203.59545353 218.88539121
v -13.83847501 206.42132707 221.48682119
v -15.10288202 2.46095946 212.82628631
v -15.10288202 201.94167792 212.82628631
v -15.10288202 2.46505255 205.76004422
v -15.10288202 199.61988640 205.76004422
v -15.10288202 2.47546176 198.69380213
v -15.10288202 194.99392964 199.63304441
v -15.10288202 2.49213588 191.62756004
v -15.64477074 185.74073206 191.37111241
v -13.83847501 191.59054342 196.26993274
v -15.10288202 2.51740592 184.56131795
v -15.25692569 174.33289128 184.02801960
v -14.59070769 179.88802252 187.10993786
v -15.10288202 2.55037626 177.49507586
v -15.14885114 160.46351169 177.12465952
v -14.41778841 166.99502882 180.25624654
v -15.10288202 2.58165864 170.42883377
v -15.12022860 149.91271260 169.90383985
v -14.37199234 154.45528033 172.90276248
v -15.10288202 2.61427560 163.36259168
v -15.93381809 139.08607335 162.18669615
v -14.74890411 142.47435434 165.15242969
v -15.10288202 2.62799074 156.29634959
v -15.86152623 136.73393958 155.58972538
v -15.10288202 2.64400494 149.23010750
v -14.34423782 134.08315677 149.93673171
v -15.10288202 2.66738857 142.16386541
v -19.44002906 128.91193005 142.22989478
v -15.45153010 130.95659338 143.71579121
v -15.10288202 2.72773772 135.09762332
v -18.04560859 115.76381739 135.23468905
v -15.90943820 119.63147301 136.28138299
v -14.36775266 127.78327216 140.52534772
v -15.10288202 2.80250158 128.03138123
v -17.51461603 102.62805761 128.37462004
v -15.82093944 106.71513891 129.35532898
v -14.16854974 115.43925402 133.19867338
v -15.10288202 2.87968190 120.96513914
v -18.95437876 90.30866213 120.23123454
v -15.43634035 94.60051973 121.39019485
v -14.09269366 103.05344579 126.12526977
v -15.10288202 2.95816371 113.89889705
v -15.89622996 85.53176330 113.74452416
v -14.09630612 90.55618543 117.61028340
v -15.10288202 2.99525142 106.83265496
v -15.86152623 82.51048671 106.12603075
v -15.10288202 3.02981418 99.76641287
v -15.10288202 81.18168724 100.48556738
v -15.10288202 3.12293118 92.70017078
v -15.86152623 74.19447680 92.85653198
v -13.83847501 78.18930758 96.51478664
v -15.10288202 3.25180080 85.63392869
v -18.46691284 64.86629799 84.90188537
v -15.36670236 68.41610544 87.12996692
v -15.10288202 3.42198398 78.56768660
v -15.80787745 59.49779239 78.82983798
v -13.51406191 65.55585642 83.32644729
v -15.10288202 3.71141044 71.50144451
v -15.31000063 50.13330293 70.77958209
v -14.59278015 53.33833121 73.54816375
v -15.10288202 4.55051597 64.43520242
v -19.74175367 40.49596083 64.11134298
v -15.49463361 44.74718382 64.75487146
v -15.10288202 5.32626757 57.36896033
v -18.33572339 26.96715956 56.49161838
v -16.36610189 34.84342183 58.08478807
v -15.27281291 40.44194732 60.75095495
v -15.10288202 6.21544530 50.30271824
v -16.43173845 24.03881382 50.43681644
v -13.47619832 29.44839873 53.22130610
v -15.10288202 6.92966292 43.23647615
v -15.10288202 23.33679986 43.23647615
v -15.10288202 6.52253628 36.17023406
v -14.64238079 24.89906713 36.19109382
v -15.10288202 6.15181136 29.10399197
v -15.22654979 25.58643224 29.10399197
v -15.10288202 5.93114460 22.03774988
v -15.44163956 26.43178040 22.22176660
v -15.10288202 5.69874525 14.97150779
v -15.58092979 27.17493588 17.48885653
v -17.29702778 27.34136580 13.38896398
v -13.60464465 27.97190954 15.74437801
v -15.10288202 5.51517877 7.90526570
v -19.88331793 27.61367027 7.58905524
v -14.97934952 28.54713002 8.40999727
v -15.10288202 5.42791228 0.83902361
v -15.10288202 29.03276510 0.83902361
v -15.10288202 5.41866109 -6.22721848
v -15.10288202 29.08468343 -6.22721848
v -13.83847501 6.98653487 -12.99327656
v -15.10288202 28.79224992 -12.38998610
v -15.10288202 15.34946724 -17.10802926
v -15.10288202 25.68622931 -15.28689494
v -6.25203296 14.84449210 268.04947590
v -8.78084698 4.47126312 262.26446911
v -7.51643997 27.46665893 269.19409214
v -7.51643997 40.13456324 269.18408755
v -7.51643997 52.80246756 269.17276529
v -7.51643997 65.47037188 269.15984578
v -7.51643997 78.13827619 269.14496546
v -7.51643997 90.80618051 269.12763941
v -7.51643997 103.47408483 269.10720877
v -7.51643997 116.14198914 269.08275508
v -7.51643997 128.80989346 269.05295387
v -7.51643997 141.47779777 269.01582580
v -7.51643997 154.14570209 268.96827006
v -7.51643997 166.81360641 268.90512761
v -7.51643997 179.48151072 268.81711036
v -7.51643997 192.14941504 268.68552096
v -7.51643997 204.81731936 268.46563599
v -7.51643997 217.48522367 268.00996997
v -8.78084698 229.83788695 266.47670553
v -7.51643997 238.78677541 261.91620709
v -7.51643997 2.40782056 255.22373886
v -7.51643997 238.81400007 255.22373886
v -7.51643997 2.41163667 248.15749677
v -7.51643997 235.71977811 248.15749677
v -7.51643997 2.41795053 241.09125468
v -7.51643997 232.35509557 242.13425907
v -7.51643997 2.42926846 234.02501258
v -8.78084698 222.48949465 234.38290399
v -6.25203296 229.50982389 239.11177291
v -7.51643997 2.44058199 226.95877049
v -8.05832869 213.28929896 225.91518952
v -6.25203296 218.17095442 229.90377847
v -7.51643997 2.45425724 219.89252840
v -8.52758607 204.20969234 218.42672398
v -7.41475609 205.92756106 220.71041208
v -7.51643997 2.45993836 212.82628631
v -8.27508417 202.24446540 212.11966211
v -7.51643997 2.46449569 205.76004422
v -7.51643997 199.93505294 205.76004422
v -7.51643997 2.47544993 198.69380213
v -7.52709561 194.90124379 199.52752289
v -7.51643997 2.48969463 191.62756004
v -7.51643997 187.95621072 192.46128080
v -6.77058253 191.84137109 196.71971401
v -7.51643997 2.50566276 184.56131795
v -10.64539983 179.16025584 184.79207367
v -7.69248987 182.65012033 186.20737310
v -7.51643997 2.53581380 177.49507586
v -9.78080347 166.07615012 177.85539103
v -8.20993564 168.96849714 178.81511336
v -6.60871244 177.82814414 182.86454974
v -7.51643997 2.57076052 170.42883377
v -9.55182311 153.77533772 170.71594349
v -8.17177224 156.01628331 171.76643845
v -6.48519867 164.89358505 176.23992468
v -7.51643997 2.59988140 163.36259168
v -11.05705983 141.28790654 162.40579683
v -7.80548732 145.20294189 163.68258853
v -6.45248719 153.10023693 169.18797723
v -7.51643997 2.61894304 156.29634959
v -8.40433483 138.90917672 156.04474373
v -6.66113912 141.66840058 159.22987219
v -7.51643997 2.63327369 149.23010750
v -8.27508417 135.43949682 148.52348329
v -7.51643997 2.65869789 142.16386541
v -7.51643997 131.61269218 143.11962247
v -7.51643997 2.70095692 135.09762332
v -8.78084698 122.18728261 135.51115665
v -6.25203296 128.20650315 139.88621709
v -7.51643997 2.75254302 128.03138123
v -8.05832869 112.13529690 127.53584054
v -6.25203296 117.10897994 130.49067531
v -7.51643997 2.82343541 120.96513914
v -8.08383540 100.63443587 120.34037856
v -7.43867028 105.08296362 122.50000841
v -7.51643997 2.90671956 113.89889705
v -9.25308257 89.53684460 113.61451304
v -7.54777628 92.68428751 114.70522877
v -7.51643997 2.96491790 106.83265496
v -8.19397848 85.10998913 106.80928785
v -6.32456897 90.56385327 111.59208751
v -7.51643997 2.99886378 99.76641287
v -8.27508417 82.82228424 99.76522682
v -7.51643997 3.11007090 92.70017078
v -8.78084698 73.82000074 92.11032890
v -6.25203296 78.63258061 95.88897367
v -7.51643997 3.17834081 85.63392869
v -6.97455125 71.23275422 85.62589400
v -7.51643997 3.32819623 78.56768660
v -7.95576032 63.06199796 77.96945929
v -7.28498018 66.35592468 80.43497741
v -7.51643997 3.55246063 71.50144451
v -10.27644005 52.25737157 70.82603890
v -7.69397021 55.47012199 72.02847509
v -7.51643997 3.78813118 64.43520242
v -7.79726888 49.03409441 64.82061130
v -6.39231203 52.61545102 68.54631298
v -7.51643997 4.35983502 57.36896033
v -11.86291780 38.94751563 57.01011424
v -7.81223214 44.09954694 57.98800665
v -7.51643997 6.15618458 50.30271824
v -8.50338320 24.20444509 49.00005737
v -7.45976500 29.68465515 51.57608340
v -7.29507143 38.57181737 54.44510490
v -7.51643997 7.86000596 43.23647615
v -7.51643997 21.54463425 42.19001358
v -7.51643997 6.24261194 36.17023406
v -7.63038246 26.37933408 37.15116628
v -9.37927511 27.11434843 34.42800993
v -6.11309405 27.82130192 35.62110318
v -7.51643997 5.71363892 29.10399197
v -9.35813506 27.26314777 27.92628495
v -6.37570073 27.83600019 30.28169898
v -7.51643997 5.57978134 22.03774988
v -11.68708246 27.50302864 21.55194573
v -7.26491485 28.22123191 22.54248145
v -7.51643997 5.46036199 14.97150779
v -7.51643997 28.84913659 14.97150779
v -7.51643997 5.42100443 7.90526570
v -7.51643997 29.07130694 7.90526570
v -7.51643997 5.37576982 0.83902361
v -7.51643997 29.34089794 0.83902361
v -7.51643997 5.37923897 -6.22721848
v -7.51643997 29.32587540 -6.22721848
v -6.25203296 6.87764140 -13.00321418
v -7.51643997 29.45905947 -12.44455541
v -7.51643997 15.33690458 -17.23748566
v -7.51643997 25.79566680 -15.70178615
v 1.33440909 14.84450041 268.04946165
v -1.19440492 4.47103433 262.26446827
v 0.07000209 27.46665893 269.19407557
v 0.07000209 40.13456324 269.18406873
v 0.07000209 52.80246756 269.17274395
v 0.07000209 65.47037188 269.15982156
v 0.07000209 78.13827619 269.14493703
v 0.07000209 90.80618051 269.12760607
v 0.07000209 103.47408483 269.10716946
v 0.07000209 116.14198914 269.08270728
v 0.07000209 128.80989346 269.05289463
v 0.07000209 141.47779777 269.01575055
v 0.07000209 154.14570209 268.96817080
v 0.07000209 166.81360641 268.90499156
v 0.07000209 179.48151072 268.81691198
v 0.07000209 192.14941504 268.68520318
v 0.07000209 204.81731936 268.46503918
v 0.07000209 217.48522367 268.00837482
v -1.19440492 229.83669496 266.47475160
v 0.07000209 238.97820375 261.91522118
v 0.07000209 2.40604314 255.22373886
v 0.07000209 240.29019827 255.22373886
v 0.07000209 2.40881310 248.15749677
v 0.07000209 238.01677326 248.15749677
v 0.07000209 2.41512947 241.09125468
v 0.61189080 233.90117865 241.28233384
v 0.07000209 2.42436393 234.02501258
v -1.41809680 225.47763890 234.00263946
v 0.56021604 230.34314124 237.13718830
v 0.07000209 2.43870112 226.95877049
v -0.68864212 214.90658772 226.66441192
v 1.50393235 219.70092195 229.31365039
v 0.07000209 2.45227708 219.89252840
v -4.73208798 204.82708326 218.79316923
v 0.13355451 207.64277156 220.53034931
v 0.07000209 2.45753637 212.82628631
v -1.03584948 203.44851619 212.57402805
v 0.57657219 204.91085572 215.75458964
v 0.07000209 2.46440571 205.76004422
v 0.06086868 198.54393816 204.24824854
v 0.07000209 2.47694458 198.69380213
v -1.51122017 193.21310481 199.19011491
v -0.35243583 191.48594248 197.02938495
v 0.99587741 192.99329968 199.41721967
v 0.07000209 2.48492097 191.62756004
v -0.68864212 188.52779262 190.92093583
v 0.07000209 2.50147441 184.56131795
v 0.07000209 183.15217820 185.52444680
v 0.07000209 2.53166119 177.49507586
v -1.19440492 169.78192262 178.36062160
v 1.33440909 178.14515274 182.45404122
v 0.07000209 2.56180821 170.42883377
v -1.19440492 158.18676364 171.28128865
v 1.33440909 165.65423790 175.75646602
v 0.07000209 2.58673923 163.36259168
v -0.68864212 149.32154716 163.79601306
v 1.33440909 154.23002886 167.49514012
v 0.07000209 2.60599517 156.29634959
v -2.73389271 141.10181722 155.67765447
v 0.38332892 143.93750359 157.23458553
v 0.07000209 2.62306117 149.23010750
v -0.65088060 137.83929661 149.09502891
v 1.19252240 141.38813581 153.09584820
v 0.07000209 2.65243323 142.16386541
v -0.68864212 131.76457882 142.47270217
v 0.07000209 2.68919148 135.09762332
v -0.47188663 123.05875728 134.41953852
v 1.33440909 128.75413436 139.25949325
v 0.07000209 2.72865525 128.03138123
v -0.56215590 115.12824567 126.98291833
v 0.07005671 117.32495638 128.89323855
v 0.07000209 2.78180585 120.96513914
v -4.85165893 103.15237358 120.00913948
v -1.12959685 109.13721224 121.93503328
v 0.07000209 2.86234723 113.89889705
v -1.12959685 97.43211365 114.83447674
v 1.39921716 103.99267821 117.76536982
v 0.07000209 2.89249625 106.83265496
v -2.85501919 89.92477211 106.51118682
v 0.36818811 95.06854886 107.95665777
v 0.07000209 2.96661743 99.76641287
v -0.32935657 85.49351678 99.58904145
v 0.86844491 91.42693955 103.29237856
v 0.07000209 3.05777704 92.70017078
v -1.70942683 75.81001024 91.92412316
v 0.21062000 79.55142559 94.59086577
v 0.07000209 3.11607392 85.63392869
v 0.44454933 73.76319965 85.63392869
v 0.07000209 3.22996668 78.56768660
v -4.08320841 65.33134551 77.62386142
v -1.00152177 68.62518133 79.54772614
v 0.07000209 3.38488318 71.50144451
v -1.00152177 61.82539225 72.38454844
v 1.52729225 65.73431675 75.06985489
v 0.07000209 3.58472359 64.43520242
v -2.17037704 51.94183857 64.16176103
v 0.45376837 55.14228136 65.58922194
v 0.07000209 4.00363392 57.36896033
v -0.13158064 47.89470077 57.79769933
v 1.30507469 52.47402052 61.78338175
v 0.07000209 4.98244276 50.30271824
v -4.64156083 27.75329797 49.21991012
v -2.10809977 37.12063098 50.39108086
v -0.62794552 42.47091998 51.88227446
v 0.07000209 6.67690171 43.23647615
v -1.49399190 23.12626785 44.11726302
v 0.84063860 30.59813979 45.83479713
v 1.50839758 39.55803718 48.82962844
v 0.07000209 5.69068844 36.17023406
v -0.82550967 27.36999819 38.85146846
v 0.68083982 29.14969562 35.03053216
v 0.07000209 5.61870763 29.10399197
v -0.68864212 28.48792910 28.39736776
v 0.07000209 5.42756533 22.03774988
v 0.07000209 29.04649673 22.03774988
v 0.07000209 5.40550155 14.97150779
v 0.07000209 29.17092002 14.97150779
v 0.07000209 5.39951979 7.90526570
v 0.07000209 29.19816607 7.90526570
v 0.07000209 5.34406724 0.83902361
v 0.07000209 29.53740058 0.83902361
v 0.07000209 5.26009359 -6.22721848
v 0.07000209 30.06772441 -6.22721848
v 1.33440909 6.83148573 -13.00584010
v 0.07000209 29.74901561 -12.52243006
v 0.07000209 15.31908867 -17.27340396
v 0.07000209 25.82657895 -15.84389819
v 8.92085115 14.84463569 268.04928215
v 6.39203713 4.47097066 262.26446363
v 7.65644414 27.46665893 269.19386947
v 7.65644414 40.13456324 269.18383582
v 7.65644414 52.80246756 269.17247798
v 7.65644414 65.47037188 269.15951543
v 7.65644414 78.13827619 269.14458113
v 7.65644414 90.80618051 269.12718679
v 7.65644414 103.47408483 269.10666819
v 7.65644414 116.14198914 269.08209727
v 7.65644414 128.80989346 269.05213636
v 7.65644414 141.47779777 269.01478218
v 7.65644414 154.14570209 268.96689041
v 7.65644414 166.81360641 268.90321790
v 7.65644414 179.48151072 268.81428858
v 7.65644414 192.14941504 268.68091289
v 7.65644414 204.81731936 268.45668021
v 7.65644414 217.48522367 267.98409522
v 6.39203713 229.82979063 266.45262142
v 7.65644414 239.03139462 261.89757693
v 7.65644414 2.40546136 255.22373886
v 7.65644414 240.76911344 255.22373886
v 7.65644414 2.40731253 248.15749677
v 7.65644414 239.23961966 248.15749677
v 7.65644414 2.41124026 241.09125468
v 8.41508834 237.01427806 241.79787888
v 7.65644414 2.41910666 234.02501258
v 4.03836027 228.72171144 233.72068786
v 7.46470825 232.79032219 235.73162126
v 7.65644414 2.43627912 226.95877049
v 6.71525062 214.78480586 225.57926747
v 8.45499555 219.78457865 228.35311020
v 8.06495577 228.36143303 232.46342562
v 7.65644414 2.44826705 219.89252840
v 7.65644414 209.22790111 219.89252840
v 7.65644414 2.45501130 212.82628631
v 4.37036587 204.37831073 212.32630421
v 7.40375987 206.19722609 214.48808255
v 7.65644414 2.46446309 205.76004422
v 6.72944232 200.66128543 206.85744384
v 9.25825634 204.26819715 210.95991772
v 7.65644414 2.47681798 198.69380213
v 3.24602414 191.97009473 197.94546552
v 7.24313963 193.89504982 200.17820229
v 7.65644414 2.48421688 191.62756004
v 6.15936219 189.55611562 192.10009800
v 9.07086605 191.90434077 197.13868338
v 7.65644414 2.50070034 184.56131795
v 7.65644414 183.36296039 185.49082759
v 7.65644414 2.52809439 177.49507586
v 6.39203713 170.64613083 178.22556294
v 8.92085115 178.64505975 182.25406399
v 7.65644414 2.55453428 170.42883377
v 7.11455542 159.39472287 170.20940192
v 8.92085115 166.45608269 175.12603635
v 7.65644414 2.57509535 163.36259168
v 6.79786186 151.58502239 162.30428743
v 7.97171736 154.71557874 165.49293183
v 7.65644414 2.58861066 156.29634959
v 7.65644414 148.45831893 156.29634959
v 7.65644414 2.61207823 149.23010750
v 5.45192165 140.36898163 148.97083800
v 7.55826784 143.45468207 151.06384132
v 7.65644414 2.64467682 142.16386541
v 7.09638725 133.77358669 142.55839141
v 9.43851564 140.76921168 147.54538747
v 7.65644414 2.67216185 135.09762332
v 7.25050515 126.51184927 134.48190409
v 7.92796156 129.28991243 137.28502505
v 7.65644414 2.70526356 128.03138123
v 2.34620782 116.26499240 126.91977378
v 7.11459444 120.50849662 128.24683906
v 7.65644414 2.75405982 120.96513914
v 7.09175198 112.20660159 120.89664503
v 8.15728666 116.44980113 123.88641717
v 7.65644414 2.80545263 113.89889705
v 5.78991824 101.73503508 113.08747136
v 7.69254568 104.97503147 115.13892356
v 7.65644414 2.83382700 106.83265496
v 8.12922785 100.86705356 106.83265496
v 7.65644414 2.87854087 99.76641287
v 3.57333857 91.07718953 99.64811833
v 7.34408770 96.69091417 100.20354757
v 7.65644414 2.95253998 92.70017078
v 2.29486432 78.92533780 91.07987682
v 6.90665009 86.09414838 92.45612849
v 7.56449399 91.06679856 95.41395692
v 7.65644414 3.01923797 85.63392869
v 4.03074653 77.40739170 85.34836538
v 7.34725663 82.79119425 86.76161380
v 7.65644414 3.17606769 78.56768660
v 6.90116312 70.22739752 78.63715785
v 9.17821680 78.14904897 82.61402943
v 7.65644414 3.29456434 71.50144451
v 5.83073838 63.50286133 70.65433526
v 7.74152985 65.96307475 72.77925330
v 7.65644414 3.45023603 64.43520242
v 8.34508814 59.40966952 64.43520242
v 7.65644414 3.61061065 57.36896033
v 5.45116740 51.61700800 57.16551043
v 6.90957591 54.57170434 58.96597927
v 7.65644414 4.19661481 50.30271824
v 7.09629297 45.81178208 50.66092328
v 9.43838993 52.78061092 55.21832106
v 7.65644414 4.74138280 43.23647615
v 2.33616710 28.19628632 42.79109593
v 6.77351755 36.15322847 41.52522038
v 7.04741673 39.89124601 44.67269161
v 7.65644414 5.75084807 36.17023406
v 8.08646583 29.29361738 37.67447371
v 4.19805976 28.49837619 36.49781707
v 7.24566600 25.64680203 35.69643256
v 7.65644414 5.54215539 29.10399197
v 7.38259204 28.16639816 32.88855910
v 7.79687278 29.13028933 28.63656284
v 7.65644414 5.35770247 22.03774988
v 6.89779993 29.92541699 21.33112567
v 7.65644414 5.40161510 14.97150779
v 7.65644414 29.20342963 14.97150779
v 7.65644414 5.37757984 7.90526570
v 7.65644414 29.33710248 7.90526570
v 7.65644414 5.25733596 0.83902361
v 7.65644414 30.08478840 0.83902361
v 7.65644414 5.23284150 -6.22721848
v 7.65644414 30.23953438 -6.22721848
v 8.92085115 6.81303116 -13.00719238
v 7.65644414 29.87107278 -12.54067225
v 7.65644414 15.31438272 -17.29203475
v 7.65644414 25.84264574 -15.91093895
v 16.50729320 14.84480734 268.04871672
v 13.97847918 4.47179783 262.26438817
v 15.24288619 27.46665893 269.19315978
v 15.24288619 40.13456324 269.18303523
v 15.24288619 52.80246756 269.17156802
v 15.24288619 65.47037188 269.15847168
v 15.24288619 78.13827619 269.14337164
v 15.24288619 90.80618051 269.12576895
v 15.24288619 103.47408483 269.10498255
v 15.24288619 116.14198914 269.08006044
v 15.24288619 128.80989346 269.04962535
v 15.24288619 141.47779777 269.01160900
v 15.24288619 154.14570209 268.96275132
v 15.24288619 166.81360641 268.89758945
v 15.24288619 179.48151072 268.80618029
v 15.24288619 192.14941504 268.66818446
v 15.24288619 204.81731936 268.43359880
v 15.24288619 217.48522367 267.92675587
v 13.97847918 229.71648443 266.33927021
v 15.24288619 238.33894681 261.87445620
v 15.24288619 2.40539743 255.22373886
v 15.24288619 240.82269090 255.22373886
v 15.24288619 2.40480105 248.15749677
v 15.41302743 241.31161666 248.49322640
v 15.24288619 2.40604289 241.09125468
v 14.98496276 239.70212329 240.58652310
v 15.24288619 2.41634198 234.02501258
v 14.48424199 233.06254806 234.52478544
v 15.24288619 2.43139372 226.95877049
v 10.93046420 217.04267047 226.06445631
v 14.68385948 221.01904099 227.35932797
v 15.78477491 228.64402473 231.66382533
v 15.24288619 2.44431642 219.89252840
v 13.75980396 211.81416073 220.22344683
v 16.67364111 217.51462292 224.11546506
v 15.24288619 2.45209071 212.82628631
v 15.24288619 208.23209599 213.71686873
v 15.24288619 2.46641343 205.76004422
v 13.97847918 198.44531993 205.47291962
v 16.50729320 204.02729085 210.20946330
v 15.24288619 2.47671630 198.69380213
v 15.24288619 193.51409302 199.68189353
v 15.24288619 2.48403365 191.62756004
v 13.97847918 189.19889019 191.43794442
v 16.50729320 191.87249914 196.36591087
v 15.24288619 2.49940654 184.56131795
v 15.24288619 183.51015899 185.38367075
v 15.24288619 2.52329833 177.49507586
v 14.70099747 171.96534363 177.30048935
v 16.50729320 178.50947407 181.84275618
v 15.24288619 2.54659136 170.42883377
v 15.13470071 162.80579091 169.96831688
v 15.87170782 167.02989233 173.25025353
v 15.24288619 2.56075627 163.36259168
v 11.50874288 154.08537776 162.38594540
v 14.92619263 157.36171517 163.67445035
v 15.24288619 2.57563724 156.29634959
v 14.16843269 151.52044354 156.00485622
v 15.79969321 154.56916240 158.91077210
v 15.24288619 2.60051402 149.23010750
v 15.24288619 144.95608754 148.90286009
v 15.24288619 2.62540061 142.16386541
v 15.04980528 138.10426284 141.83661800
v 15.76983330 141.61040064 145.31932538
v 15.24288619 2.65232803 135.09762332
v 11.28996387 128.39132960 134.36062153
v 14.20474370 132.06640526 136.25001568
v 15.24288619 2.68706798 128.03138123
v 14.20474370 124.31946398 129.01577522
v 16.73355772 129.29533038 132.25544216
v 15.24288619 2.72513790 120.96513914
v 12.05699415 115.92438971 121.14488565
v 15.05870312 118.87559707 122.58204616
v 15.24288619 2.76652344 113.89889705
v 9.54405794 103.87604569 112.15189167
v 14.00856380 109.37161491 114.37579844
v 16.14248055 115.58099672 118.89529953
v 15.24288619 2.80335682 106.83265496
v 12.62467284 102.73902874 106.74990404
v 15.71566990 105.34707823 108.53025638
v 15.24288619 2.85192870 99.76641287
v 14.42117827 98.99452226 100.87516079
v 16.94999229 102.97031188 105.05757086
v 15.24288619 2.89570843 92.70017078
v 11.56717089 90.17356211 91.93438852
v 15.44723546 94.62349715 93.54647726
v 15.24288619 2.99135754 85.63392869
v 14.93201695 84.69337173 85.79444165
v 16.20060996 90.62077497 89.33728227
v 15.24288619 3.09754485 78.56768660
v 14.88741702 75.21245609 77.91534148
v 15.57496740 78.74099399 80.74223861
v 15.24288619 3.21542537 71.50144451
v 9.96401894 64.99632990 69.77123133
v 14.04938394 68.46071135 72.12664536
v 15.24288619 3.29612606 64.43520242
v 13.72389792 64.25412314 64.41121735
v 15.93153019 66.72568863 66.18177538
v 15.24288619 3.44299583 57.36896033
v 14.75788537 59.28428504 57.81086412
v 17.12503244 64.79961962 63.03206481
v 15.24288619 3.69689984 50.30271824
v 14.93133465 50.41676626 49.73420383
v 15.62766855 53.57137476 52.22624242
v 15.24288619 4.15880375 43.23647615
v 9.69211125 40.71981070 42.73743412
v 14.72086270 44.67904796 43.45604085
v 15.24288619 4.73839639 36.17023406
v 9.66137700 28.19002116 35.69643256
v 14.22175035 34.96735572 35.03424651
v 14.90384287 40.61700633 39.34913190
v 15.24288619 5.52024388 29.10399197
v 15.63967755 29.15206063 30.49703988
v 11.95487871 28.29559508 29.64509278
v 14.79057013 26.33014727 28.89708772
v 15.24288619 5.34456093 22.03774988
v 14.94134215 28.43286093 27.00109776
v 15.49850339 30.12164627 21.73583996
v 15.24288619 5.44727758 14.97150779
v 14.48424199 29.39394208 14.26488358
v 15.24288619 5.26381393 7.90526570
v 15.24288619 30.05427090 7.90526570
v 15.24288619 5.23937018 0.83902361
v 15.24288619 30.19759802 0.83902361
v 15.24288619 5.21427959 -6.22721848
v 15.24288619 30.36264612 -6.22721848
v 16.50729320 6.81183753 -13.00490564
v 15.24288619 29.87919301 -12.54993374
v 15.24288619 15.31195833 -17.27528636
v 15.24288619 25.81565163 -15.90585557
v 24.09373525 14.84486687 268.04845453
v 21.56492124 4.47216744 262.26429242
v 22.82932825 27.46665893 269.19277012
v 22.82932825 40.13456324 269.18259614
v 22.82932825 52.80246756 269.17106948
v 22.82932825 65.47037188 269.15790077
v 22.82932825 78.13827619 269.14271130
v 22.82932825 90.80618051 269.12499636
v 22.82932825 103.47408483 269.10406648
v 22.82932825 116.14198914 269.07895610
v 22.82932825 128.80989346 269.04826845
v 22.82932825 141.47779777 269.00990105
v 22.82932825 154.14570209 268.96053514
v 22.82932825 166.81360641 268.89459549
v 22.82932825 179.48151072 268.80190608
v 22.82932825 192.14941504 268.66156258
v 22.82932825 204.81731936 268.42184097
v 22.82932825 217.48522367 267.89867869
v 21.56492124 229.57304002 266.27555868
v 22.82932825 238.03170343 261.86568188
v 22.82932825 2.40499485 255.22373886
v 23.37121696 241.16145778 255.31670899
v 22.82932825 2.40160385 248.15749677
v 22.30888178 242.82995537 251.58098932
v 18.46328011 243.19676922 246.78262082
v 23.82617019 244.93715956 248.28765496
v 22.82932825 2.40084312 241.09125468
v 18.55378483 242.52097273 240.79788334
v 23.65518225 246.45660834 241.89116688
v 22.82932825 2.41082371 234.02501258
v 21.10689610 237.02058126 235.01344004
v 23.45250006 243.03756105 237.50452539
v 22.82932825 2.42667758 226.95877049
v 21.56492124 223.32314785 227.11587011
v 24.24440437 231.72472309 230.75657434
v 22.82932825 2.43902152 219.89252840
v 21.56492124 214.45431853 219.24084005
v 24.09373525 218.61413383 222.32059136
v 22.82932825 2.45219239 212.82628631
v 22.82932825 208.60405960 213.67927076
v 22.82932825 2.46841662 205.76004422
v 21.56492124 197.17340028 205.43532165
v 24.09373525 203.84756099 210.53228551
v 22.82932825 2.47641075 198.69380213
v 22.82932825 193.88814262 199.51916610
v 22.82932825 2.48682991 191.62756004
v 21.56492124 187.79059053 191.27521699
v 24.09373525 191.68086944 196.07912153
v 22.82932825 2.50174183 184.56131795
v 22.82932825 182.40149567 185.44894592
v 22.82932825 2.52447095 177.49507586
v 22.07068404 171.49154554 177.85360522
v 24.09373525 178.44555422 182.53071129
v 22.82932825 2.53532880 170.42883377
v 20.66292694 166.22553689 169.81604596
v 22.73659783 168.40773613 172.01005450
v 22.82932825 2.54449643 163.36259168
v 22.08893926 163.63233039 164.35721082
v 24.61775328 167.00293265 167.66038902
v 22.82932825 2.56244498 156.29634959
v 18.72648778 154.02178792 155.46836869
v 22.98028687 157.90771543 157.10378192
v 22.82932825 2.58124901 149.23010750
v 22.13944202 150.79310319 149.47655943
v 23.38077594 154.56554412 152.36851942
v 22.82932825 2.60553370 142.16386541
v 20.15355436 141.06063049 141.55462361
v 22.00404383 143.88715579 143.42272443
v 22.82932825 2.62981234 135.09762332
v 22.21036493 137.12784253 135.29516641
v 24.53285785 141.80059954 139.25398869
v 22.82932825 2.67023630 128.03138123
v 21.92304642 125.99670331 126.92844192
v 23.07782210 130.01758095 129.71819908
v 22.82932825 2.70817547 120.96513914
v 22.82932825 120.00616592 120.51707684
v 22.82932825 2.73898330 113.89889705
v 21.84792754 112.35797404 113.01011208
v 22.97265567 116.99962082 116.78812759
v 22.82932825 2.79208331 106.83265496
v 22.82932825 105.02643697 106.58007337
v 22.82932825 2.82670145 99.76641287
v 22.16111238 100.65707275 99.04518278
v 23.41111445 103.44612685 103.52829644
v 22.82932825 2.88490168 92.70017078
v 22.82932825 94.73156898 92.70017078
v 22.82932825 2.92558538 85.63392869
v 20.29332144 90.08011968 86.09032026
v 22.73798592 92.90437758 87.40891860
v 22.82932825 3.02281384 78.56768660
v 19.17922482 78.07015535 77.58494970
v 22.52464039 81.60496599 78.80883213
v 23.82176335 89.64145333 83.92185790
v 22.82932825 3.10231045 71.50144451
v 21.72524993 74.68920748 71.19801572
v 23.33873556 78.73148318 74.02038363
v 22.82932825 3.23065581 64.43520242
v 22.07068404 67.63167080 64.99123527
v 22.82932825 3.37768552 57.36896033
v 22.07068404 61.45432717 57.92499318
v 24.09373525 65.39827919 62.22693999
v 22.82932825 3.55868904 50.30271824
v 19.44273057 52.43865082 49.50362563
v 23.06981722 56.01788792 51.12820575
v 22.82932825 3.76521506 43.23647615
v 22.27722888 49.55748368 43.58839657
v 23.57367755 52.99794205 47.11316755
v 22.82932825 4.15353678 36.17023406
v 18.75940122 40.27298042 35.99830466
v 22.51885446 44.31137141 36.57672027
v 22.82932825 4.66130176 29.10399197
v 16.91129049 28.39508461 28.89708772
v 20.81615031 34.41652139 28.45230202
v 22.73712065 40.31126428 32.30361865
v 22.82932825 5.78330420 22.03774988
v 24.47319506 29.31127940 24.21648424
v 20.57801776 28.54315070 22.62286105
v 24.04808340 25.75880126 21.28048693
v 22.82932825 5.53877333 14.97150779
v 22.53079499 27.95398513 19.49222717
v 22.28743953 30.09585202 14.85025391
v 22.82932825 5.29465346 7.90526570
v 22.82932825 29.86166944 7.90526570
v 22.82932825 5.23449786 0.83902361
v 22.82932825 30.23202651 0.83902361
v 22.82932825 5.21650112 -6.22721848
v 22.82932825 30.34849166 -6.22721848
v 24.09373525 6.82868745 -13.00713622
v 22.82932825 29.76906135 -12.53410183
v 22.82932825 15.31605821 -17.28074486
v 22.82932825 25.84282520 -15.83895408
v 31.68017731 14.84492501 268.04831582
v 29.15136329 4.47266918 262.26425922
v 30.41577030 27.46665893 269.19258115
v 30.41577030 40.13456324 269.18238317
v 30.41577030 52.80246756 269.17082716
v 30.41577030 65.47037188 269.15762244
v 30.41577030 78.13827619 269.14238861
v 30.41577030 90.80618051 269.12461772
v 30.41577030 103.47408483 269.10361596
v 30.41577030 116.14198914 269.07841095
v 30.41577030 128.80989346 269.04759484
v 30.41577030 141.47779777 269.00904745
v 30.41577030 154.14570209 268.95941796
v 30.41577030 166.81360641 268.89306885
v 30.41577030 179.48151072 268.79968905
v 30.41577030 192.14941504 268.65803400
v 30.41577030 204.81731936 268.41525813
v 30.41577030 217.48522367 267.88086555
v 29.15136329 229.52366878 266.24528181
v 30.41577030 237.61498355 261.85660923
v 30.41577030 2.40676636 255.22373886
v 31.68017731 239.09228717 255.81016917
v 30.41577030 2.39918903 248.15749677
v 29.15136329 242.94799412 251.84148914
v 30.41577030 247.17027653 247.56622006
v 30.41577030 2.39627498 241.09125468
v 31.17441450 249.83774045 241.79787888
v 30.41577030 2.40254265 234.02501258
v 26.66570746 241.32593651 233.96454988
v 30.20518027 247.06322228 235.72768118
v 30.41577030 2.41928888 226.95877049
v 30.02840189 226.27925465 225.84546021
v 31.16368609 232.89631475 228.29290408
v 30.80228543 241.81076415 232.03915920
v 30.41577030 2.43519057 219.89252840
v 28.70693865 215.66110115 218.87937001
v 30.64110494 218.59553786 220.91469794
v 30.41577030 2.44877773 212.82628631
v 29.82301199 210.93317625 213.68404358
v 30.41577030 2.46848608 205.76004422
v 29.15136329 196.25867716 205.44009447
v 31.91429330 205.74715501 210.11391582
v 30.41577030 2.47606871 198.69380213
v 30.95765902 194.68454159 198.95554750
v 30.41577030 2.48318470 191.62756004
v 28.72536980 188.21457919 191.34407613
v 30.66322232 192.66294928 195.83440198
v 30.41577030 2.49409226 184.56131795
v 30.89941569 185.86490837 184.66812015
v 30.41577030 2.51736578 177.49507586
v 29.70730719 172.16862723 176.73497921
v 30.94121036 179.57078005 180.97176339
v 30.41577030 2.52426985 170.42883377
v 30.41577030 170.30532225 169.75353542
v 30.41577030 2.53631164 163.36259168
v 28.63110867 164.97890793 162.68729333
v 30.55010896 167.55078151 165.13599286
v 30.41577030 2.54842303 156.29634959
v 31.00881922 162.01589026 156.29634959
v 30.41577030 2.56310365 149.23010750
v 26.65483037 153.76400961 148.55426791
v 29.40962487 157.45020789 150.43346836
v 30.41577030 2.58855138 142.16386541
v 29.66116123 148.52623410 142.36314039
v 31.93843889 154.21979419 146.11298173
v 30.41577030 2.61962990 135.09762332
v 29.98984434 138.91502646 134.44748968
v 30.66330335 142.52639106 137.18194559
v 30.41577030 2.64862959 128.03138123
v 26.34773016 128.91169205 126.84845472
v 30.05137719 132.91195959 128.19589688
v 30.41577030 2.67206935 120.96513914
v 28.86488944 127.03679427 121.66167006
v 30.83064589 129.36366969 123.02445203
v 30.41577030 2.70085825 113.89889705
v 25.82189796 115.86681291 113.18255401
v 29.47573412 123.09183348 115.40614976
v 30.41577030 2.76727411 106.83265496
v 29.27080281 109.23157736 107.72996447
v 32.06633362 117.75023903 110.74357763
v 30.41577030 2.80625640 99.76641287
v 28.01419187 102.83370918 99.50452733
v 30.77938667 105.34395880 100.92765480
v 30.41577030 2.84150023 92.70017078
v 29.61206953 98.05212698 92.67420919
v 31.40578168 103.42974131 97.43884754
v 30.41577030 2.88279404 85.63392869
v 29.65712609 94.78452145 85.91434888
v 30.41577030 2.97902606 78.56768660
v 29.65712609 85.11271635 78.84810679
v 31.68017731 90.41849039 82.66239334
v 30.41577030 3.04226056 71.50144451
v 25.99189140 77.72414850 70.74906995
v 30.52659912 81.54928921 72.35613080
v 30.41577030 3.17007762 64.43520242
v 30.00797182 71.77681514 64.69731318
v 31.19902145 78.03726891 68.04712943
v 30.41577030 3.31127495 57.36896033
v 28.99263775 62.36410763 56.88591868
v 30.98394386 65.81607851 59.92350507
v 30.41577030 3.39117968 50.30271824
v 31.43793882 61.36463943 50.30271824
v 30.41577030 3.52354311 43.23647615
v 26.90309561 52.58633809 42.59194410
v 30.13071512 56.28576406 43.78555927
v 30.41577030 3.74705887 36.17023406
v 29.83771074 49.92330061 36.36739675
v 31.12377533 53.24651399 38.96362136
v 30.41577030 4.46499783 29.10399197
v 25.96668758 38.96908031 28.68537729
v 30.10532028 44.28425117 29.72936129
v 30.41577030 6.47218357 22.03774988
v 29.11981051 23.64758616 21.73537572
v 30.48678901 29.27576037 23.81706578
v 30.56052386 38.76496827 26.43778915
v 30.41577030 5.76771662 14.97150779
v 28.70360031 27.08373127 17.48076851
v 31.18097737 29.54912006 15.03439245
v 30.41577030 5.59212314 7.90526570
v 30.85889927 29.40504435 6.83292866
v 30.41577030 5.29244439 0.83902361
v 29.65712609 30.18180174 0.13239940
v 30.41577030 5.19808506 -6.22721848
v 30.41577030 30.47714306 -6.22721848
v 31.68017731 6.79030292 -13.00158562
v 30.41577030 30.03483651 -12.54878138
v 30.41577030 15.31205964 -17.25340966
v 30.41577030 25.78071977 -15.93594249
v 39.26661936 14.84492111 268.04819502
v 36.73780534 4.47340461 262.26422679
v 38.00221235 27.46665893 269.19241359
v 38.00221235 40.13456324 269.18219399
v 38.00221235 52.80246756 269.17061285
v 38.00221235 65.47037188 269.15737703
v 38.00221235 78.13827619 269.14210466
v 38.00221235 90.80618051 269.12428562
v 38.00221235 103.47408483 269.10322230
v 38.00221235 116.14198914 269.07793670
v 38.00221235 128.80989346 269.04701283
v 38.00221235 141.47779777 269.00831600
v 38.00221235 154.14570209 268.95847079
v 38.00221235 166.81360641 268.89179421
v 38.00221235 179.48151072 268.79788184
v 38.00221235 192.14941504 268.65527393
v 38.00221235 204.81731936 268.41052693
v 38.00221235 217.48522367 267.87099279
v 36.73780534 229.47562041 266.20804971
v 38.00221235 237.00592521 261.85719333
v 38.00221235 2.40727289 255.22373886
v 39.46131032 238.41358385 254.95968975
v 38.00221235 2.39871283 248.15749677
v 36.54347579 242.80685921 251.32561519
v 38.37753288 248.03427504 246.78086307
v 38.00221235 2.39442003 241.09125468
v 37.24356815 251.32424420 240.38463047
v 38.00221235 2.39663124 234.02501258
v 38.00221235 250.14885661 234.63002427
v 38.00221235 2.41025376 226.95877049
v 33.00665454 231.10093206 226.65729514
v 38.11792464 237.08317752 226.30958283
v 38.54410107 242.86185246 229.36669487
v 38.00221235 2.42949498 219.89252840
v 33.29072034 217.12950909 218.15056934
v 36.85815587 221.19067653 220.23657644
v 38.05049630 229.93472466 223.57576841
v 38.00221235 2.44028865 212.82628631
v 35.06161233 215.72913360 213.22103453
v 38.69978472 219.54885426 214.41043798
v 38.00221235 2.46116836 205.76004422
v 36.34933797 199.30686828 205.16134295
v 38.45556256 207.28424058 208.41988777
v 37.31710463 215.16795168 211.76073111
v 38.00221235 2.45999159 198.69380213
v 37.57204270 202.35443441 199.40042634
v 38.00221235 2.46562023 191.62756004
v 33.35608792 192.22155605 190.36665577
v 37.62355759 199.61583472 192.44844236
v 38.00221235 2.47780360 184.56131795
v 35.25359889 191.70155070 185.22181123
v 38.01740078 195.35099851 185.79633679
v 38.00221235 2.49807687 177.49507586
v 35.31890322 178.49959519 176.87086697
v 37.83563796 183.10743745 177.93136868
v 38.92008722 191.09996831 182.44071136
v 38.00221235 2.51457392 170.42883377
v 37.04315589 175.02311718 171.31806897
v 39.12727722 179.58202268 173.64437233
v 38.00221235 2.52382965 163.36259168
v 32.83297065 166.77966066 161.69267419
v 37.95888423 171.59464012 163.87671409
v 38.00221235 2.53301691 156.29634959
v 35.71264177 165.67257493 156.17797823
v 37.95522685 168.57328697 157.59122665
v 38.00221235 2.55469649 149.23010750
v 36.78891765 159.81772203 150.11970692
v 39.74771939 166.47476503 154.15936107
v 38.00221235 2.57891876 142.16386541
v 37.24356815 151.49385132 142.11442754
v 39.26661936 155.05860600 145.00363966
v 38.00221235 2.59920473 135.09762332
v 33.92936818 141.47568480 134.11210326
v 38.15692051 146.61268484 135.80659368
v 38.00221235 2.62498545 128.03138123
v 37.53938352 138.20546886 128.20393541
v 38.87154040 141.81140403 130.65250894
v 38.00221235 2.64842824 120.96513914
v 33.05389665 128.67216037 119.30625603
v 36.87645679 132.12762399 121.66167006
v 38.00221235 2.67434072 113.89889705
v 35.35030454 127.17614219 114.23531879
v 38.68267448 130.51683176 115.63735302
v 38.00221235 2.73208212 106.83265496
v 37.07735571 112.78314520 105.64820103
v 38.81982345 118.48749778 108.54014122
v 38.54402304 127.11778365 112.72923852
v 38.00221235 2.76521567 99.76641287
v 38.00221235 109.98848415 99.76641287
v 38.00221235 2.80012665 92.70017078
v 34.73282883 102.16789203 92.45964215
v 37.72960084 106.88041853 94.54729092
v 38.00221235 2.89011213 85.63392869
v 37.80753512 94.59716858 86.48263843
v 39.13784465 102.70749839 90.99859610
v 38.00221235 2.94998672 78.56768660
v 36.41505945 86.40667205 78.24001576
v 38.37356149 90.86462382 82.88121600
v 38.00221235 3.01781354 71.50144451
v 38.30061321 82.60692011 72.20806872
v 38.00221235 3.08240352 64.43520242
v 35.34200600 77.46864521 64.86623385
v 39.12091818 79.87643441 64.69399186
v 38.00221235 3.21695048 57.36896033
v 35.06973566 65.05452435 55.81371691
v 37.84818499 68.36392909 57.48229600
v 37.82432553 76.43908910 62.54740111
v 38.00221235 3.27617735 50.30271824
v 36.55201984 64.61815010 50.24163151
v 38.47017038 66.02859333 51.65487993
v 38.00221235 3.40659334 43.23647615
v 37.28649590 60.67651563 44.36327756
v 39.81530992 65.02226038 48.54823606
v 38.00221235 3.54372011 36.17023406
v 34.43389331 52.66610567 35.29902450
v 37.70920798 56.32086470 37.56686783
v 38.00221235 4.05876531 29.10399197
v 37.02817041 50.21850306 29.91452138
v 39.55698443 53.36586504 32.28485757
v 38.00221235 4.70750463 22.03774988
v 32.13074771 28.08973451 20.90963483
v 34.90628928 37.44490084 21.99947970
v 38.38242128 44.78142212 23.20005571
v 38.00221235 6.36750828 14.97150779
v 37.57639853 29.07728102 16.42843187
v 33.48970983 26.71561598 14.33492494
v 38.15394406 23.53946359 13.36941221
v 38.44859586 38.67257513 19.13448626
v 38.00221235 5.84701729 7.90526570
v 35.48125916 27.10643836 9.59847336
v 39.38123712 25.96864616 7.88952634
v 38.00221235 5.43721872 0.83902361
v 37.86394870 27.97497173 6.12418421
v 37.46032363 30.04011176 0.82778121
v 38.00221235 5.16604912 -6.22721848
v 38.00221235 30.74064597 -6.22721848
v 39.26661936 6.87745389 -12.99505338
v 38.00221235 29.47629133 -12.50667902
v 38.00221235 15.32200864 -17.15588215
v 38.00221235 25.70346771 -15.55254437
v 46.85306141 14.84467558 268.04858917
v 44.32424740 4.47271561 262.26422897
v 45.58865440 27.46665893 269.19285794
v 45.58865440 40.13456324 269.18269681
v 45.58865440 52.80246756 269.17118607
v 45.58865440 65.47037188 269.15803681
v 45.58865440 78.13827619 269.14287233
v 45.58865440 90.80618051 269.12518983
v 45.58865440 103.47408483 269.10430333
v 45.58865440 116.14198914 269.07925212
v 45.58865440 128.80989346 269.04864751
v 45.58865440 141.47779777 269.01040351
v 45.58865440 154.14570209 268.96123023
v 45.58865440 166.81360641 268.89561489
v 45.58865440 179.48151072 268.80352819
v 45.58865440 192.14941504 268.66449105
v 45.58865440 204.81731936 268.42842045
v 45.58865440 217.48522367 267.92272433
v 44.32424740 229.47878162 266.27149786
v 45.58865440 237.57761684 261.89126525
v 45.58865440 2.40546400 255.22373886
v 46.34729861 240.04503541 255.93036306
v 45.58865440 2.40275206 248.15749677
v 42.14674447 242.51178146 249.05670642
v 46.50586365 240.68380566 249.37629258
v 45.58865440 2.39503528 241.09125468
v 45.35545894 244.12724322 246.45983402
v 45.04676569 250.37158122 241.30058733
v 45.58865440 2.39552608 234.02501258
v 46.13054312 250.12748178 233.73872898
v 45.58865440 2.40599066 226.95877049
v 45.09640042 240.50647936 226.03591945
v 45.75659383 244.28132983 228.51941334
v 45.58865440 2.41795267 219.89252840
v 43.28747383 227.37179529 219.12949528
v 44.88902256 233.54936423 221.34544060
v 45.58865440 2.43726562 212.82628631
v 41.15650736 216.14521319 211.92239234
v 46.23033624 215.03436421 211.58040034
v 45.93913429 219.98052783 214.69513061
v 47.02502880 230.24502857 218.67228662
v 45.58865440 2.44264357 205.76004422
v 40.75902879 205.62319821 204.18568032
v 44.77759761 213.69734983 206.54109435
v 45.58865440 2.44804167 198.69380213
v 40.21364282 205.00060708 197.51609512
v 45.86238320 210.21046338 199.87150915
v 45.58865440 2.45606638 191.62756004
v 43.45412398 204.15477739 191.48806427
v 46.14197838 206.35979825 193.27787409
v 45.58865440 2.46821338 184.56131795
v 44.41155794 199.90712643 185.62857049
v 47.37639271 204.19200596 189.69101149
v 45.58865440 2.49519994 177.49507586
v 44.83001020 183.90135261 177.71547677
v 46.85306141 192.28320870 181.27156700
v 45.58865440 2.50197250 170.42883377
v 42.85974334 178.52519455 168.96265494
v 45.47506912 181.98884308 171.69576695
v 45.58865440 2.50682116 163.36259168
v 44.44776950 177.96476810 163.31114427
v 46.68334170 180.91409934 165.08627936
v 45.58865440 2.52316985 156.29634959
v 45.08659911 172.34710184 156.79792460
v 47.44806137 178.56241728 161.82029255
v 45.58865440 2.54412079 149.23010750
v 45.30023450 162.62191524 148.41043650
v 45.88582676 167.57376451 151.85355743
v 45.58865440 2.56689295 142.16386541
v 44.51951026 152.53308059 140.84828031
v 45.60914102 155.68653192 143.20151620
v 45.58865440 2.58924692 135.09762332
v 45.58865440 148.08492524 135.09762332
v 45.58865440 2.61225920 128.03138123
v 43.38711997 140.88119783 127.46182342
v 45.49090497 143.28110147 129.64348054
v 45.58865440 2.62925925 120.96513914
v 44.40712754 137.17586353 121.39522111
v 47.37122391 141.22069279 126.04046048
v 45.58865440 2.65672616 113.89889705
v 45.54771157 132.71514381 114.84047773
v 45.58865440 2.70910974 106.83265496
v 41.39059055 115.77005574 105.91801458
v 45.72340377 120.65514711 107.62899339
v 44.78087880 127.18624799 111.29528238
v 45.58865440 2.76007166 99.76641287
v 45.30495832 110.23942548 99.62816042
v 46.55812926 115.96189686 104.62850034
v 45.58865440 2.80588226 92.70017078
v 43.91518054 104.54818364 93.23080609
v 44.32538450 102.05254635 91.37580635
v 46.34866313 104.52719885 93.52180095
v 45.58865440 2.84221931 85.63392869
v 45.87659937 99.54063427 85.63392869
v 45.58865440 2.88309896 78.56768660
v 41.69477832 89.95035807 77.34005561
v 44.63370501 94.56902744 79.69546964
v 45.58865440 2.93060909 71.50144451
v 43.63676009 87.97404798 70.91609747
v 46.46952529 92.75661751 73.21993763
v 45.58865440 3.04981965 64.43520242
v 43.02740470 78.19699239 63.83256170
v 45.46329998 77.47054420 63.83256170
v 45.95453714 80.74423904 65.90159662
v 47.03299453 90.06618810 70.35723429
v 45.58865440 3.09806736 57.36896033
v 43.56620562 76.45580555 57.85765366
v 44.72972666 78.22517099 61.00857207
v 46.27135576 78.90787046 58.98125602
v 45.58865440 3.21305233 50.30271824
v 45.09877199 69.05428517 50.92851211
v 47.46429187 77.19551546 55.81133471
v 45.58865440 3.30990325 43.23647615
v 43.85532627 62.58506711 42.91422899
v 45.78459326 66.07930598 46.49370958
v 45.58865440 3.41605356 36.17023406
v 46.13255419 59.76974411 35.90987016
v 45.58865440 3.61603164 29.10399197
v 44.58372239 50.94072996 27.85201914
v 45.69903800 54.01472049 30.58212515
v 45.58865440 4.15391998 22.03774988
v 45.58865440 46.98548715 22.03774988
v 45.58865440 4.76967701 14.97150779
v 41.40532607 27.47715283 13.95391598
v 43.52864937 37.13960276 15.12314862
v 46.01738574 43.08231990 16.16287342
v 45.58865440 6.10255703 7.90526570
v 44.05467631 23.98488579 8.71960483
v 45.77971675 30.15472034 10.60396570
v 46.90005874 39.46640661 12.69381027
v 45.58865440 5.77014906 0.83902361
v 43.85470044 27.28514938 3.48250512
v 46.67643721 29.46768127 0.63149386
v 45.58865440 5.55404189 -6.22721848
v 44.83001020 30.13986175 -6.93384269
v 46.85306141 6.88092618 -13.00995083
v 45.58865440 29.45906828 -12.46152394
v 45.58865440 15.33371795 -17.28050226
v 45.58865440 25.88164515 -15.71292105
v 54.43950347 14.84446442 268.04942206
v 51.91068945 4.47100841 262.26436592
v 53.17509646 27.46665893 269.19392907
v 53.17509646 40.13456324 269.18390440
v 53.17509646 52.80246756 269.17255835
v 53.17509646 65.47037188 269.15961034
v 53.17509646 78.13827619 269.14469471
v 53.17509646 90.80618051 269.12732500
v 53.17509646 103.47408483 269.10683954
v 53.17509646 116.14198914 269.08231495
v 53.17509646 128.80989346 269.05242017
v 53.17509646 141.47779777 269.01516553
v 53.17509646 154.14570209 268.96743191
v 53.17509646 166.81360641 268.90403008
v 53.17509646 179.48151072 268.81561285
v 53.17509646 192.14941504 268.68336374
v 53.17509646 204.81731936 268.46230670
v 53.17509646 217.48522367 268.00471118
v 51.91068945 229.68349510 266.45118688
v 53.17509646 238.99988321 261.91948942
v 53.17509646 2.40526265 255.22373886
v 53.17509646 240.93292852 255.22373886
v 53.17509646 2.40362894 248.15749677
v 54.58098931 241.24898848 247.96521928
v 53.17509646 2.39927624 241.09125468
v 51.65428726 243.52586320 244.92468553
v 53.49721187 246.71231768 239.76924115
v 53.17509646 2.39597358 234.02501258
v 53.17509646 250.53417884 234.02501258
v 53.17509646 2.39816402 226.95877049
v 48.70428415 243.32545984 225.72277351
v 52.75316447 248.78543880 228.09484182
v 53.17509646 2.40992732 219.89252840
v 52.33175334 239.12626665 220.06640744
v 54.57945299 242.96186922 222.25575085
v 53.17509646 2.42757774 212.82628631
v 49.81531168 217.31205141 211.76809268
v 52.46756532 222.07827406 212.76580946
v 52.89256991 229.97762449 215.55468350
v 53.17509646 2.43475527 205.76004422
v 52.04129181 215.55260824 205.43571180
v 53.29790977 219.01492927 208.81837854
v 53.17509646 2.44307346 198.69380213
v 52.41645225 211.39186572 197.98717792
v 53.17509646 2.45491730 191.62756004
v 52.61581628 206.78561920 192.62765790
v 53.17509646 2.46928381 184.56131795
v 53.17509646 199.09092798 184.80123225
v 53.26260445 203.82782055 190.41326398
v 53.17509646 2.48260707 177.49507586
v 52.24883985 188.57537644 176.40730532
v 53.39562562 193.25783613 179.59214744
v 53.17509646 2.48620723 170.42883377
v 52.41645225 187.15215551 169.72220956
v 53.17509646 2.50242214 163.36259168
v 53.13222972 181.70002935 164.39007079
v 53.17509646 2.51814941 156.29634959
v 53.17509646 174.89422441 157.32382870
v 53.88230057 179.01088719 161.96038966
v 53.17509646 2.52963447 149.23010750
v 48.97112668 167.05107917 149.15772336
v 52.84547371 171.16700163 150.70293987
v 53.17509646 2.55466138 142.16386541
v 47.96702008 154.21199688 141.09218455
v 51.92776163 159.70731643 142.76767365
v 53.92925114 166.32694009 146.41392194
v 53.17509646 2.58560046 135.09762332
v 51.56406360 148.80413007 135.33214067
v 54.45657564 154.22222047 138.79849227
v 53.17509646 2.60641964 128.03138123
v 53.71698518 143.86963438 128.21232052
v 53.17509646 2.61959630 120.96513914
v 52.79802058 138.45850051 119.72624522
v 53.30413549 142.10284619 124.06300044
v 53.17509646 2.65881958 113.89889705
v 51.29544581 128.44177077 113.22871793
v 54.23663559 126.49878074 112.09931691
v 53.91426550 130.64935852 114.69551918
v 53.17509646 2.71425413 106.83265496
v 51.81145426 118.62257706 107.76432048
v 51.90704663 115.20273745 105.40890645
v 53.92936928 118.14457140 107.56056059
v 53.17509646 2.74830823 99.76641287
v 52.76544670 112.52890682 100.47303708
v 53.17509646 2.76931895 92.70017078
v 47.27684642 103.96570826 90.95277792
v 52.77800964 108.95899705 93.15618665
v 53.17509646 2.78694672 85.63392869
v 49.46185034 103.09976300 85.28721531
v 52.76198621 107.06826513 86.70046373
v 53.17509646 2.84205181 78.56768660
v 51.77295341 98.41604136 78.82476576
v 54.70028042 103.77325705 82.29451265
v 53.17509646 2.89681687 71.50144451
v 53.17509646 95.19163669 72.45519226
v 53.17509646 2.99164069 64.43520242
v 47.45882535 78.36684794 63.24646563
v 52.09594391 81.94684992 63.72203092
v 53.71698518 90.02196773 68.52972721
v 53.17509646 3.04517524 57.36896033
v 54.14120744 80.69654899 57.15845975
v 53.17509646 3.12231693 50.30271824
v 51.97274665 74.48410258 50.67984829
v 52.62046446 78.01913736 54.04973513
v 53.17509646 3.16974615 43.23647615
v 48.39467303 65.38250234 41.78742758
v 52.92566549 71.29540959 43.91625025
v 53.17509646 3.27971231 36.17023406
v 51.10169251 64.81598341 36.95717846
v 53.90029618 66.83762514 36.69486366
v 53.17509646 3.44573936 29.10399197
v 48.41650499 53.09021352 27.99036015
v 53.21704179 58.99444429 29.22835488
v 53.70095458 64.55545395 34.01833012
v 53.17509646 3.68867792 22.03774988
v 52.09080314 49.84914834 21.72018289
v 53.71615977 53.39681499 24.44358341
v 53.17509646 4.15992502 14.97150779
v 53.17509646 46.13318231 14.97150779
v 53.17509646 4.78288034 7.90526570
v 47.19002793 28.22423803 6.76260003
v 50.14288898 37.34900495 7.91853008
v 53.07994646 43.72232074 9.79391957
v 53.17509646 6.92251069 0.83902361
v 53.62430748 28.91932273 2.79949290
v 48.70962864 26.50559930 0.31690761
v 53.01291048 23.29498909 0.31690761
v 53.69629163 38.76252714 6.19164143
v 53.17509646 5.83344347 -6.22721848
v 53.06697247 27.10589346 -3.02056539
v 53.23424937 28.68369031 -6.82495685
v 54.43950347 6.90620630 -13.01316303
v 52.41645225 30.03898404 -13.12427391
v 53.17509646 15.30700963 -17.36708132
v 53.17509646 25.91876344 -16.15136021
v 62.02594552 14.84442842 268.04960737
v 59.49713150 4.47065693 262.26448371
v 60.76153851 27.46665893 269.19425443
v 60.76153851 40.13456324 269.18427062
v 60.76153851 52.80246756 269.17297336
v 60.76153851 65.47037188 269.16008466
v 60.76153851 78.13827619 269.14524197
v 60.76153851 90.80618051 269.12796393
v 60.76153851 103.47408483 269.10759528
v 60.76153851 116.14198914 269.08322238
v 60.76153851 128.80989346 269.05353068
v 60.76153851 141.47779777 269.01655591
v 60.76153851 154.14570209 268.96922424
v 60.76153851 166.81360641 268.90642891
v 60.76153851 179.48151072 268.81899430
v 60.76153851 192.14941504 268.68849990
v 60.76153851 204.81731936 268.47110769
v 60.76153851 217.48522367 268.02389639
v 59.49713150 229.86002146 266.49705137
v 60.76153851 239.29446564 261.92366550
v 60.76153851 2.40501449 255.22373886
v 60.76153851 241.14223884 255.22373886
v 60.76153851 2.40452659 248.15749677
v 61.52018272 241.17220992 248.86412097
v 60.76153851 2.40312682 241.09125468
v 56.94719275 242.73487264 242.06693258
v 61.76181907 240.94603898 241.42765603
v 60.76153851 2.39848984 234.02501258
v 60.08605479 243.54428882 238.83609606
v 60.53166283 248.14732028 233.31260413
v 60.76153851 2.39951421 226.95877049
v 60.76153851 248.22173303 226.21021054
v 60.76153851 2.41028082 219.89252840
v 60.47205370 236.85979680 219.14396845
v 61.17280095 243.18176536 223.01322074
v 60.76153851 2.41312213 212.82628631
v 56.89485283 228.34082649 211.14934923
v 59.84680845 235.93981440 213.65771697
v 60.76153851 2.42008246 205.76004422
v 55.71550154 219.39702042 205.36269210
v 59.34926099 227.78007777 205.72741585
v 62.08985309 233.14724661 206.71612331
v 60.76153851 2.43576983 198.69380213
v 59.72465594 214.32272121 197.89926131
v 60.69770536 220.57682806 200.60862786
v 62.08756766 229.28688010 203.30859242
v 60.76153851 2.45680383 191.62756004
v 55.88856901 205.56136012 192.47045883
v 60.08468716 201.01312458 190.21070430
v 61.33123504 205.78155909 193.38373324
v 60.76153851 2.46757610 184.56131795
v 60.76153851 198.37167482 184.56131795
v 60.76153851 2.47116405 177.49507586
v 56.55367486 191.95485931 176.61056845
v 60.37717062 197.39257910 178.88221116
v 60.76153851 2.48778116 170.42883377
v 59.44476129 186.25971725 170.19990092
v 62.20971982 192.26026677 174.12988411
v 60.76153851 2.50467212 163.36259168
v 58.98704965 180.27757614 163.95034383
v 60.08646826 178.32018710 162.08582462
v 62.61528228 180.38863486 164.74533010
v 60.76153851 2.51579600 156.29634959
v 60.76153851 174.59148122 156.29634959
v 60.76153851 2.52883536 149.23010750
v 60.58855762 170.43097428 149.91808115
v 60.76153851 2.55430109 142.16386541
v 60.21964979 161.01418657 142.73421745
v 61.31260565 166.44017375 146.87957063
v 60.76153851 2.58502900 135.09762332
v 59.49713150 148.56894516 134.48620687
v 62.02594552 154.48720533 138.45417525
v 60.76153851 2.59685547 128.03138123
v 61.52018272 146.52079135 128.73800544
v 60.76153851 2.60433264 120.96513914
v 55.71690212 142.10220408 120.93560594
v 60.84218790 145.66541536 121.83365280
v 60.76153851 2.63881902 113.89889705
v 55.21998819 129.68670019 113.39415224
v 60.61078880 135.55851273 113.76525468
v 60.64335788 141.69557289 117.29132347
v 60.76153851 2.68320720 106.83265496
v 54.76069504 116.85867155 105.06964134
v 60.21423595 123.87727982 106.53441271
v 60.77386333 128.99119284 110.02335934
v 60.76153851 2.70419200 99.76641287
v 56.57714663 115.88080378 98.58870585
v 60.35188876 121.05604766 100.47303708
v 60.76153851 2.71854240 92.70017078
v 58.33093907 115.07286289 92.43426482
v 61.46932842 119.89228688 94.24514300
v 60.76153851 2.76805208 85.63392869
v 60.13050858 109.32313590 85.81321527
v 62.44897929 115.82474164 89.93213991
v 60.76153851 2.81824257 78.56768660
v 59.12490729 100.90967150 77.85061666
v 61.07351366 104.17779299 80.59848992
v 60.76153851 2.85172471 71.50144451
v 61.20432020 99.23137990 71.30590035
v 60.76153851 2.93285101 64.43520242
v 59.20465442 86.46954473 63.39392495
v 60.95106065 92.21298312 66.33426307
v 60.76153851 3.01670850 57.36896033
v 59.53675805 79.42730724 58.05333136
v 60.67185351 77.93143947 57.34114386
v 60.87931265 80.39883427 58.91797724
v 60.76153851 3.01487583 50.30271824
v 56.26736792 78.12784809 49.58069200
v 59.93114631 78.94243954 56.41530176
v 61.00183698 82.62993262 51.67152616
v 60.76153851 3.06711821 43.23647615
v 58.80257464 76.91518113 43.11539440
v 61.53008851 80.12698748 44.90213522
v 60.76153851 3.18031959 36.17023406
v 60.00323266 71.48143519 37.24703962
v 62.53204668 77.44254887 41.27482241
v 60.76153851 3.30876398 29.10399197
v 58.64857271 64.75238345 29.86147730
v 60.73063061 66.99902099 31.05103546
v 60.76153851 3.52061598 22.03774988
v 57.60442765 52.60009116 21.11992066
v 60.52727816 56.18767797 22.37478698
v 61.81440805 64.58620347 27.51143160
v 60.76153851 3.67896312 14.97150779
v 59.79208672 50.09705876 14.71543151
v 61.48634826 53.07932004 17.86926707
v 60.76153851 4.40890046 7.90526570
v 60.76153851 44.49716409 7.63545612
v 60.76153851 5.37900616 0.83902361
v 56.99182037 26.75998668 0.31690761
v 59.16600010 30.43696091 -0.17153077
v 60.59616884 38.89981902 4.59119239
v 60.76153851 5.99642244 -6.22721848
v 62.32151298 29.08135082 -2.64345562
v 56.74204953 27.39261958 -5.51570723
v 61.62665797 25.28477660 -6.46832262
v 62.02594552 7.01231659 -13.00289970
v 60.10936956 27.40048918 -9.28874367
v 60.21964979 29.36057744 -12.65987943
v 60.76153851 15.30125087 -17.26087636
v 60.76153851 25.79210641 -15.90479307
v 69.61238757 14.84443962 268.04966950
v 67.08357356 4.47052101 262.26450379
v 68.34798056 27.46665893 269.19434414
v 68.34798056 40.13456324 269.18437156
v 68.34798056 52.80246756 269.17308750
v 68.34798056 65.47037188 269.16021530
v 68.34798056 78.13827619 269.14539261
v 68.34798056 90.80618051 269.12813929
v 68.34798056 103.47408483 269.10780222
v 68.34798056 116.14198914 269.08347025
v 68.34798056 128.80989346 269.05383295
v 68.34798056 141.47779777 269.01693280
v 68.34798056 154.14570209 268.96970691
v 68.34798056 166.81360641 268.90706911
v 68.34798056 179.48151072 268.81988264
v 68.34798056 192.14941504 268.68981392
v 68.34798056 204.81731936 268.47323058
v 68.34798056 217.48522367 268.02769628
v 67.08357356 229.89039323 266.51267971
v 68.34798056 239.40949540 261.92235177
v 68.34798056 2.40503890 255.22373886
v 68.34798056 241.12161446 255.22373886
v 68.34798056 2.40531764 248.15749677
v 68.34798056 240.88753395 248.15749677
v 68.34798056 2.40576188 241.09125468
v 69.10662477 239.78219273 241.79787888
v 68.34798056 2.40532998 234.02501258
v 64.23304247 242.66075778 235.00503169
v 69.46922255 239.13675602 234.30112317
v 68.34798056 2.39821348 226.95877049
v 67.86603512 243.84919049 231.28752777
v 68.80833761 249.86134649 226.68275769
v 68.34798056 2.39806259 219.89252840
v 65.09378330 242.62121890 218.97761005
v 68.09985073 249.20488095 220.24847845
v 68.34798056 2.40347717 212.82628631
v 67.25753795 240.55616672 212.39936940
v 68.87920500 243.87246102 214.35732048
v 68.34798056 2.41036325 205.76004422
v 68.34798056 237.99040737 205.76004422
v 68.34798056 2.42220067 198.69380213
v 62.73044652 218.95565418 198.21162335
v 65.91717480 227.18616183 198.84212911
v 68.26655276 233.56577922 200.61066501
v 68.34798056 2.44656816 191.62756004
v 65.44841381 204.05716488 190.88908917
v 67.28716933 209.33400499 192.42218454
v 68.62906238 219.47059707 194.94313444
v 69.75127005 230.13564187 197.53496851
v 68.34798056 2.46186340 184.56131795
v 67.06673479 199.90122915 184.89336635
v 70.14815738 206.00615039 188.93887916
v 68.34798056 2.47108087 177.49507586
v 68.34798056 197.34068464 178.05299223
v 68.34798056 2.48981179 170.42883377
v 67.08357356 186.11412670 169.97259944
v 69.61238757 191.98761347 173.97131514
v 68.34798056 2.50670589 163.36259168
v 67.08357356 177.42671757 162.34844098
v 69.61238757 180.33731957 165.59020765
v 68.34798056 2.51540336 156.29634959
v 68.69239752 174.10811872 155.46920347
v 68.34798056 2.53449747 149.23010750
v 65.79280681 167.95238840 149.76248818
v 67.94621251 165.05284701 147.59145310
v 69.30279370 167.71510802 150.38580484
v 68.34798056 2.55380979 142.16386541
v 68.34798056 160.02898861 141.42796475
v 68.34798056 2.57458078 135.09762332
v 67.40020863 151.11328308 133.96211975
v 68.53838827 155.16305015 137.05018809
v 68.34798056 2.59159971 128.03138123
v 67.58933636 146.60496006 127.32475702
v 68.34798056 2.59933624 120.96513914
v 69.10662477 146.08975018 121.67176335
v 68.34798056 2.61747670 113.89889705
v 65.09709114 141.18005413 114.13635713
v 68.14370875 143.86364477 115.54878326
v 68.34798056 2.65870418 106.83265496
v 66.75635982 128.18311624 106.36520891
v 68.33736166 131.35479617 108.42111615
v 68.74186695 140.22682567 112.63401795
v 68.34798056 2.67632843 99.76641287
v 67.25358422 125.91575247 100.23853687
v 70.23220236 128.77896394 105.05680937
v 68.34798056 2.70523915 92.70017078
v 68.88986928 121.42914722 92.79143176
v 68.34798056 2.75193079 85.63392869
v 67.24697929 111.65163980 85.76169407
v 68.76426770 116.49855423 88.74962784
v 68.34798056 2.77819966 78.56768660
v 63.91621758 103.53250679 76.96183746
v 68.27117928 107.99641861 79.12986026
v 68.34798056 2.80184618 71.50144451
v 65.03049573 103.43904222 72.08325363
v 68.29778706 105.78704750 72.67351601
v 68.34798056 2.86733482 64.43520242
v 63.29343429 89.43714759 62.53522624
v 67.24150867 96.99831920 64.93922224
v 69.17306611 103.14262728 68.99499583
v 68.34798056 2.91644380 57.36896033
v 62.03136178 81.21632708 57.24296901
v 66.31805803 89.41387214 58.05957225
v 69.07194189 93.11600876 59.00707529
v 68.34798056 2.96776739 50.30271824
v 68.78592476 89.32882454 55.04617911
v 67.58933636 84.90396418 49.44195936
v 68.34798056 3.03411604 43.23647615
v 68.88986928 81.10603352 43.50168819
v 68.34798056 3.11423534 36.17023406
v 67.64995135 73.66957291 35.42598295
v 68.88802808 78.07106022 39.92429377
v 68.34798056 3.20710580 29.10399197
v 67.58933636 69.33871360 29.13568364
v 68.34798056 3.33910089 22.03774988
v 67.58933636 62.79023211 22.06944155
v 69.61238757 66.12562615 24.25681363
v 68.34798056 3.56826064 14.97150779
v 64.50812131 52.40487823 14.33735094
v 68.53181184 55.41069334 15.90008015
v 68.34798056 3.88944756 7.90526570
v 68.00727122 48.84682080 8.24968670
v 69.38827589 52.55420067 11.72946112
v 68.34798056 4.43184012 0.83902361
v 65.07982989 38.22343397 0.91054483
v 68.20623513 43.72726535 1.59480978
v 68.34798056 5.42370744 -6.22721848
v 66.88758598 26.39649099 -5.99329531
v 68.24896677 29.86819990 -4.97023153
v 68.68489137 38.61931706 -1.82912675
v 69.61238757 6.73709946 -13.04479091
v 66.49878158 27.45175015 -8.98636637
v 68.38861901 30.60107203 -12.65625390
v 68.34798056 15.31965384 -17.48058900
v 68.34798056 26.48951627 -15.96446598
v 77.19882963 14.84450381 268.04950706
v 74.67001561 4.47077811 262.26449754
v 75.93442262 27.46665893 269.19415552
v 75.93442262 40.13456324 269.18415901
v 75.93442262 52.80246756 269.17284602
v 75.93442262 65.47037188 269.15993795
v 75.93442262 78.13827619 269.14507090
v 75.93442262 90.80618051 269.12776184
v 75.93442262 103.47408483 269.10735338
v 75.93442262 116.14198914 269.08292721
v 75.93442262 128.80989346 269.05316264
v 75.93442262 141.47779777 269.01608447
v 75.93442262 154.14570209 268.96859823
v 75.93442262 166.81360641 268.90555784
v 75.93442262 179.48151072 268.81769804
v 75.93442262 192.14941504 268.68636796
v 75.93442262 204.81731936 268.46693842
v 75.93442262 217.48522367 268.01195970
v 74.67001561 229.88098813 266.48667088
v 75.93442262 239.19263845 261.91478118
v 75.93442262 2.40544940 255.22373886
v 75.93442262 240.77612850 255.22373886
v 75.93442262 2.40579485 248.15749677
v 75.93442262 240.48616506 248.15749677
v 75.93442262 2.40617037 241.09125468
v 75.93442262 240.17550073 241.09125468
v 75.93442262 2.40496465 234.02501258
v 76.69306682 240.15027106 234.73163679
v 75.93442262 2.40237377 226.95877049
v 73.08776828 243.04239831 227.98560098
v 77.03088565 240.40424897 227.32442897
v 75.93442262 2.39874857 219.89252840
v 75.41283085 244.48106108 224.93766882
v 76.18527746 248.62987968 219.36654548
v 75.93442262 2.40275470 212.82628631
v 71.22372320 242.71641520 211.85301015
v 75.47822105 245.11633783 213.14055221
v 75.93442262 2.40569052 205.76004422
v 74.89374275 240.31678364 205.57866353
v 76.54526745 242.87946353 209.25536816
v 75.93442262 2.41236820 198.69380213
v 75.93442262 237.23158724 198.31182143
v 75.93442262 2.43256206 191.62756004
v 72.46912195 215.68510540 191.52807174
v 75.49125747 222.26103626 192.08622666
v 75.76334634 229.50959435 194.56277669
v 75.93442262 2.45890040 184.56131795
v 74.67001561 199.92269201 183.92476600
v 77.19882963 206.38130656 186.62535289
v 76.70165352 217.80554249 190.07188694
v 75.93442262 2.47348147 177.49507586
v 76.47631134 195.73829090 177.57015965
v 75.93442262 2.48788624 170.42883377
v 75.77909722 187.38883983 169.68537123
v 76.44454619 192.14083387 173.83767749
v 75.93442262 2.50318539 163.36259168
v 74.17191635 177.85523763 162.45019210
v 76.09534772 180.75121269 164.91580625
v 75.93442262 2.51241204 156.29634959
v 76.46123877 176.30343517 156.29634959
v 75.93442262 2.52911574 149.23010750
v 72.64264317 166.52094647 148.40261719
v 75.00647061 169.69396248 150.30709277
v 75.93442262 2.54309239 142.16386541
v 75.00647061 164.13181154 143.16600515
v 77.53528463 167.29678921 146.48029972
v 75.93442262 2.55871822 135.09762332
v 71.57595169 154.16336701 134.13807631
v 75.52853940 159.65317202 136.43115891
v 75.93442262 2.58113311 128.03138123
v 74.44476197 149.97651707 128.22763707
v 77.35750271 154.83661662 131.21168638
v 75.93442262 2.60013082 120.96513914
v 76.39912227 144.36010342 120.09731369
v 75.93442262 2.61763464 113.89889705
v 74.34151042 141.93598507 114.49504384
v 75.01939050 139.54033583 112.62912552
v 77.11231669 141.64309681 114.72915974
v 75.93442262 2.64630990 106.83265496
v 76.61157112 133.76366437 106.80340816
v 75.93442262 2.66246051 99.76641287
v 74.11680016 127.15185222 99.35848518
v 76.02920829 129.88038366 102.44781863
v 75.93442262 2.67721525 92.70017078
v 76.13729549 126.04088243 92.70017078
v 75.93442262 2.70495134 85.63392869
v 72.24894333 115.38099342 84.19542761
v 75.01692156 120.65041234 86.55084165
v 75.93442262 2.73188203 78.56768660
v 74.37092068 114.57236049 78.46387260
v 76.51505930 117.94782598 80.24773545
v 75.93442262 2.77576193 71.50144451
v 75.88303365 109.18335046 72.26107805
v 76.97354370 115.37853774 77.34199237
v 75.93442262 2.82922337 64.43520242
v 75.11655605 99.06406311 63.46710067
v 76.30669784 103.99597794 67.10268832
v 75.93442262 2.88647221 57.36896033
v 75.93442262 93.75372235 56.93759813
v 75.93442262 2.93593646 50.30271824
v 75.02746742 87.87624293 49.42824764
v 76.18197376 91.33616673 53.27745321
v 75.93442262 2.97479819 43.23647615
v 75.93442262 85.16829797 43.23647615
v 75.93442262 3.04841825 36.17023406
v 73.32415076 77.37499393 35.78025428
v 76.27195232 80.41168459 37.25141709
v 75.93442262 3.14485628 29.10399197
v 75.80834318 73.03415194 29.16481872
v 77.22476805 77.80054184 33.17169057
v 75.93442262 3.32348739 22.03774988
v 75.09020103 61.68605000 20.73089550
v 76.26980081 66.32216478 23.97472084
v 75.93442262 3.52638531 14.97150779
v 75.93442262 55.62930154 14.97150779
v 75.93442262 3.62770194 7.90526570
v 74.35473961 52.04123364 7.66180564
v 75.92550910 53.98528741 9.75029197
v 75.93442262 3.91558266 0.83902361
v 75.29182001 49.38097184 2.00087625
v 77.82063403 52.86956574 6.12496457
v 75.93442262 4.22397298 -6.22721848
v 69.76693370 29.67398647 -7.39052224
v 72.93584568 37.96281239 -6.10647638
v 76.31113298 44.58187858 -5.30175275
v 77.19882963 6.03336392 -13.11366240
v 75.41149269 39.20178003 -10.72911710
v 74.54269031 35.81627984 -13.80449783
v 75.93442262 15.24455523 -18.04546552
v 76.02410555 28.26220007 -17.40531395
v 84.78527168 14.84453564 268.04937074
v 82.25645766 4.47105661 262.26446174
v 83.52086467 27.46665893 269.19396719
v 83.52086467 40.13456324 269.18394673
v 83.52086467 52.80246756 269.17260517
v 83.52086467 65.47037188 269.15966215
v 83.52086467 78.13827619 269.14475213
v 83.52086467 90.80618051 269.12738902
v 83.52086467 103.47408483 269.10691128
v 83.52086467 116.14198914 269.08239497
v 83.52086467 128.80989346 269.05250910
v 83.52086467 141.47779777 269.01526296
v 83.52086467 154.14570209 268.96753362
v 83.52086467 166.81360641 268.90412302
v 83.52086467 179.48151072 268.81565728
v 83.52086467 192.14941504 268.68322447
v 83.52086467 204.81731936 268.46142411
v 83.52086467 217.48522367 267.99930224
v 82.25645766 229.82691534 266.45934094
v 83.52086467 238.95838075 261.91093138
v 83.52086467 2.40573520 255.22373886
v 83.52086467 240.53562692 255.22373886
v 83.52086467 2.40572009 248.15749677
v 83.52086467 240.54814893 248.15749677
v 83.52086467 2.40608920 241.09125468
v 83.52086467 240.24399830 241.09125468
v 83.52086467 2.40756434 234.02501258
v 83.52086467 239.02281707 234.02501258
v 83.52086467 2.40730234 226.95877049
v 84.27950888 238.06291846 227.66539470
v 83.52086467 2.41020040 219.89252840
v 79.20769495 242.51025441 220.56940074
v 84.31360823 236.18470860 220.55132649
v 83.52086467 2.40396683 212.82628631
v 83.11341725 242.83209372 215.52912715
v 83.52086467 244.68770833 213.00603058
v 83.52086467 2.40271242 205.76004422
v 80.66476939 242.31372706 205.29426470
v 83.32960655 243.92967103 207.44627088
v 83.52086467 2.41072820 198.69380213
v 83.61647694 237.99547688 198.80879756
v 85.25580199 240.89216416 203.51435607
v 83.52086467 2.42394047 191.62756004
v 80.21847438 228.37159521 191.73316524
v 82.71758489 233.83900753 193.00702448
v 83.52086467 2.45106319 184.56131795
v 82.46020925 202.62051412 183.18776778
v 84.18004385 207.83274263 185.08207326
v 83.52086467 217.48522367 187.76379799
v 83.98199190 228.89739092 190.62139887
v 83.52086467 2.46689302 177.49507586
v 83.52086467 198.22859285 177.49507586
v 83.52086467 2.47777415 170.42883377
v 80.38165101 191.83860121 170.76988581
v 83.34334994 194.87640255 172.13791538
v 83.52086467 2.49060838 163.36259168
v 78.39616703 179.79461945 161.70607729
v 82.39056191 185.67772174 163.89500976
v 84.42712737 191.84287466 167.97206373
v 83.52086467 2.50202573 156.29634959
v 80.72755178 178.95708904 156.08569986
v 84.04768083 182.40362194 157.88736868
v 83.52086467 2.51724258 149.23010750
v 82.23180872 174.14953538 149.99875437
v 85.17798359 179.26172512 153.77752975
v 83.52086467 2.53715983 142.16386541
v 82.25645766 164.74771882 141.46960101
v 84.78527168 167.77512046 144.33484828
v 83.52086467 2.55347769 135.09762332
v 84.06275339 160.01004034 134.82339367
v 83.52086467 2.57364840 128.03138123
v 82.59581269 152.04269331 126.74768843
v 83.74308031 154.86560128 129.25248627
v 83.52086467 2.59458071 120.96513914
v 83.52086467 146.54798550 120.96513914
v 83.52086467 2.60813842 113.89889705
v 79.91158857 140.76189761 112.15294294
v 83.28924354 143.55229699 114.92602285
v 83.52086467 2.61364361 106.83265496
v 81.61931627 140.40586540 107.38605290
v 84.42372934 143.76636236 108.37929394
v 83.52086467 2.62817196 99.76641287
v 77.79664279 130.03411609 98.21882034
v 82.33544572 136.36662658 100.35431282
v 84.52636980 140.79407737 104.20090714
v 83.52086467 2.64303744 92.70017078
v 79.04844981 129.08447530 92.20552790
v 84.23664443 135.08916676 93.35631759
v 83.52086467 2.67910606 85.63392869
v 82.80699568 124.23507278 84.95643267
v 83.99608229 129.76375315 88.10708377
v 83.52086467 2.72283948 78.56768660
v 80.07524029 117.04527875 79.26207567
v 82.10310953 114.63905758 77.37978364
v 84.09549112 117.28790499 79.73220515
v 83.52086467 2.74949306 71.50144451
v 84.05605533 113.07815507 71.50144451
v 83.52086467 2.79205260 64.43520242
v 80.07173132 102.61013959 63.81158790
v 83.24488682 107.33021519 64.99922663
v 83.52086467 2.85676880 57.36896033
v 83.07983695 97.40910355 57.71935391
v 84.42071427 103.36736079 61.23496385
v 83.52086467 2.87704119 50.30271824
v 79.44811093 90.80121218 49.47594629
v 83.15579820 95.07455617 50.72163001
v 83.52086467 2.93408982 43.23647615
v 82.38989207 87.24735013 42.94693116
v 83.98724113 91.71830681 45.86648572
v 83.52086467 3.01262863 36.17023406
v 83.52086467 81.65263621 36.17023406
v 83.52086467 3.08874242 29.10399197
v 81.58252271 77.50368405 29.76128680
v 83.51490304 78.99855215 30.99378375
v 83.52086467 3.21364279 22.03774988
v 79.88724619 65.18251960 21.17684813
v 83.21853180 70.38444153 22.42867309
v 84.59868047 77.15447058 27.85900833
v 83.52086467 3.35278508 14.97150779
v 82.50488508 61.01212885 14.72819835
v 84.17122994 66.10198393 17.97140175
v 83.52086467 3.47051723 7.90526570
v 83.52086467 56.87711998 7.38194344
v 83.52086467 3.62441011 0.83902361
v 81.69892172 51.17298896 0.31570135
v 83.61046574 53.68151412 2.72156049
v 83.52086467 3.76755211 -6.22721848
v 84.19679046 49.68738666 -6.22721848
v 84.78527168 5.64368345 -13.14416039
v 78.07949154 39.48637508 -13.99945402
v 82.36108775 45.95403814 -12.29785194
v 83.52086467 15.12108584 -18.32301135
v 83.52086467 27.46665893 -18.77727343
v 83.62549476 39.55821185 -16.71634455
v 92.37171373 14.84455867 268.04931760
v 89.84289972 4.47113312 262.26444398
v 91.10730672 27.46665893 269.19388969
v 91.10730672 40.13456324 269.18385941
v 91.10730672 52.80246756 269.17250563
v 91.10730672 65.47037188 269.15954815
v 91.10730672 78.13827619 269.14462051
v 91.10730672 90.80618051 269.12723487
v 91.10730672 103.47408483 269.10672828
v 91.10730672 116.14198914 269.08217421
v 91.10730672 128.80989346 269.05223737
v 91.10730672 141.47779777 269.01492040
v 91.10730672 154.14570209 268.96708857
v 91.10730672 166.81360641 268.90351975
v 91.10730672 179.48151072 268.81479197
v 91.10730672 192.14941504 268.68187361
v 91.10730672 204.81731936 268.45898786
v 91.10730672 217.48522367 267.99326735
v 89.84289972 229.80010144 266.44960921
v 91.10730672 238.89369677 261.90806258
v 91.10730672 2.40580806 255.22373886
v 91.10730672 240.47523976 255.22373886
v 91.10730672 2.40669816 248.15749677
v 91.10730672 239.74196805 248.15749677
v 91.10730672 2.40971439 241.09125468
v 91.10730672 237.25884009 241.09125468
v 91.10730672 2.41191327 234.02501258
v 91.10730672 235.48075243 234.02501258
v 91.10730672 2.41363482 226.95877049
v 91.10730672 234.10455516 226.95877049
v 91.10730672 2.41248536 219.89252840
v 92.28852921 234.48990227 219.47627850
v 91.10730672 2.40422909 212.82628631
v 89.32438210 241.45377703 214.69988068
v 91.20475177 244.50436681 211.05414502
v 91.10730672 2.40518287 205.76004422
v 91.10730672 244.43704254 205.58537772
v 91.10730672 2.41644115 198.69380213
v 87.90050230 231.59102482 199.11672634
v 90.94925464 226.66337028 198.55864014
v 90.86579054 232.73847778 200.89150022
v 91.70257317 242.19289476 203.53338574
v 91.10730672 2.41590153 191.62756004
v 90.22222085 231.04732902 196.25187239
v 91.05198072 235.88145283 191.94895398
v 91.10730672 2.43688079 184.56131795
v 85.95865136 205.50549007 183.34341928
v 91.17800503 213.77938594 183.34706463
v 90.48963350 218.43150653 185.44700456
v 91.06633133 228.72513319 188.31086867
v 91.10730672 2.45732847 177.49507586
v 89.86257106 200.73774340 177.16778928
v 91.39166228 206.35384833 179.82315267
v 91.10730672 2.46992952 170.42883377
v 91.10730672 195.95940124 169.73919843
v 91.10730672 2.48154772 163.36259168
v 90.20652608 189.57084243 162.26674409
v 91.36350224 192.68616906 164.97026055
v 91.10730672 2.49483147 156.29634959
v 90.34866252 184.22504152 156.44688704
v 91.10730672 2.51762741 149.23010750
v 90.56541801 172.97195612 148.52463487
v 92.37171373 179.26917309 152.98064210
v 91.10730672 2.53812997 142.16386541
v 90.49218539 164.51887818 140.84613446
v 91.76342526 167.26665926 143.90898547
v 91.10730672 2.54994826 135.09762332
v 91.10730672 161.34243487 135.09762332
v 91.10730672 2.56526024 128.03138123
v 86.90787546 153.94219068 127.16240764
v 91.30119816 157.26571911 128.40682147
v 91.10730672 2.57503633 120.96513914
v 89.18904084 151.14381708 121.31966078
v 90.59525719 153.95070178 125.21335114
v 91.10730672 2.57668930 113.89889705
v 90.74823393 150.82299776 113.39416547
v 91.10730672 2.59281209 106.83265496
v 91.10730672 146.36593659 106.25951880
v 91.10730672 2.61935619 99.76641287
v 90.42589940 138.24901933 98.77042172
v 91.67062488 141.80414573 102.32958879
v 91.10730672 2.63716995 92.70017078
v 91.10730672 135.58033715 92.70017078
v 91.10730672 2.65644477 85.63392869
v 87.05025437 128.95493407 85.59227559
v 90.79867218 133.41981003 87.12432165
v 91.10730672 2.69900897 78.56768660
v 86.16066833 116.28635070 76.87744180
v 90.01094091 120.70647146 79.02843599
v 91.88244961 128.59901692 83.04643422
v 91.10730672 2.72019008 71.50144451
v 88.20134351 115.57594822 71.32354311
v 92.10793030 119.02909809 72.38383524
v 91.10730672 2.75593125 64.43520242
v 89.92070365 111.97334158 65.46465827
v 91.95931565 116.23238564 68.49206488
v 91.10730672 2.78661160 57.36896033
v 88.43466921 102.76271606 56.70182334
v 91.58804722 108.36162261 58.13795195
v 91.10730672 2.82421552 50.30271824
v 90.59666905 100.66376565 50.48526139
v 91.90970239 104.02436118 52.99376870
v 91.10730672 2.87563601 43.23647615
v 86.89092387 90.46049139 42.43870166
v 90.02525415 96.35280729 44.33822460
v 91.10730672 2.97253073 36.17023406
v 89.63794437 84.44994787 36.43603527
v 92.55406816 91.56129427 39.84940939
v 91.10730672 3.04076528 29.10399197
v 91.64919544 80.46280838 29.39486379
v 91.10730672 3.11722930 22.03774988
v 91.01941118 75.20334396 21.78824683
v 91.76047628 78.10487872 25.50731776
v 91.10730672 3.20461069 14.97150779
v 87.37173269 65.25656378 14.16236344
v 90.79040878 70.16466858 15.40301070
v 91.10730672 3.34430795 7.90526570
v 90.50227407 62.09437586 8.11010496
v 91.77754942 66.06473260 10.75238894
v 91.10730672 3.45761894 0.83902361
v 85.83453526 52.90240557 -0.84615130
v 89.91756728 57.43412256 1.50926273
v 91.10730672 3.58212201 -6.22721848
v 89.49394771 52.27839200 -6.28584686
v 92.22856040 54.79191011 -5.25963274
v 92.37171373 5.49559513 -13.15961492
v 89.61897111 49.41004907 -12.47111724
v 92.05821369 53.07704880 -8.64023298
v 91.10730672 15.06640925 -18.42308616
v 91.10730672 27.46665893 -19.06593169
v 91.27116179 40.89908045 -17.45827780
v 99.95815579 14.84495395 268.04879400
v 97.42934177 4.47177317 262.26443113
v 98.69374878 27.46665893 269.19328838
v 98.69374878 40.13456324 269.18317864
v 98.69374878 52.80246756 269.17172863
v 98.69374878 65.47037188 269.15865279
v 98.69374878 78.13827619 269.14357753
v 98.69374878 90.80618051 269.12600467
v 98.69374878 103.47408483 269.10525485
v 98.69374878 116.14198914 269.08037724
v 98.69374878 128.80989346 269.04999739
v 98.69374878 141.47779777 269.01204942
v 98.69374878 154.14570209 268.96327443
v 98.69374878 166.81360641 268.89820192
v 98.69374878 179.48151072 268.80684934
v 98.69374878 192.14941504 268.66867548
v 98.69374878 204.81731936 268.43244062
v 98.69374878 217.48522367 267.90822574
v 97.42934177 229.78072544 266.37224327
v 98.69374878 238.36262366 261.84407313
v 98.69374878 2.40801650 255.22373886
v 98.69374878 238.64844129 255.22373886
v 98.69374878 2.41090136 248.15749677
v 98.69374878 236.29086368 248.15749677
v 98.69374878 2.41242584 241.09125468
v 98.69374878 235.05510666 241.09125468
v 98.69374878 2.41330058 234.02501258
v 98.69374878 234.35836201 234.02501258
v 98.69374878 2.41288190 226.95877049
v 98.69374878 234.69493819 226.95877049
v 98.69374878 2.41140285 219.89252840
v 99.45239298 235.07150186 220.59915261
v 98.69374878 2.41041598 212.82628631
v 93.30671046 241.02001762 213.17178535
v 99.50074373 235.67143829 212.96480174
v 98.69374878 2.40405153 205.76004422
v 97.70900809 242.49923649 208.98804030
v 98.97669496 246.16700302 205.21654042
v 98.69374878 2.40159328 198.69380213
v 93.03366633 232.28539795 197.42598713
v 95.89726045 241.47394836 198.27570040
v 97.92539714 246.83410104 199.84315132
v 98.69374878 2.40370419 191.62756004
v 95.66930240 241.38837865 192.86830761
v 99.98053914 246.65669650 192.51380831
v 98.69374878 2.41968932 184.56131795
v 93.27548820 218.90464796 183.95874799
v 96.60679158 227.06689564 184.51658686
v 98.94623111 233.78609452 184.93689334
v 98.81216032 242.36516980 188.99849527
v 98.69374878 2.44049491 177.49507586
v 94.64316306 204.42565397 176.61697444
v 98.47593112 212.50553362 177.11994356
v 98.15345279 219.77099207 180.39153945
v 99.98850900 229.49737074 182.43550095
v 98.69374878 2.46175618 170.42883377
v 98.03182426 198.76412574 170.68039186
v 99.28434286 205.80567530 173.60298878
v 98.69374878 2.47518251 163.36259168
v 94.66421690 191.39444454 162.64525128
v 97.64283803 194.09540319 164.53136854
v 98.69374878 2.49399888 156.29634959
v 97.25107942 185.51737407 157.29817180
v 100.17165205 191.86868857 161.33630185
v 98.69374878 2.51707634 149.23010750
v 97.93510457 173.99747045 149.30896603
v 99.95815579 179.88677273 152.94733512
v 98.69374878 2.53120413 142.16386541
v 96.66383204 166.36145118 141.55351708
v 99.10382286 169.67868070 143.10731810
v 98.69374878 2.53852348 135.09762332
v 97.10376045 163.94873954 135.53479364
v 99.50234194 167.58510258 139.57106397
v 98.69374878 2.54292225 128.03138123
v 98.36197940 163.61770587 128.86952303
v 98.69374878 2.54059664 120.96513914
v 92.88977899 155.73784793 120.90887034
v 97.73158007 164.56681408 123.38928764
v 97.45011103 164.31859572 119.81956092
v 100.15473663 168.08024965 122.17497495
v 98.69374878 2.55394545 113.89889705
v 94.35545891 155.43282474 114.07049961
v 99.40149407 160.81627976 113.99303041
v 100.55827329 166.35384273 119.05886900
v 98.69374878 2.58007363 106.83265496
v 97.95404083 150.52754089 106.97974286
v 99.17544606 154.91510099 109.27551871
v 98.69374878 2.60691182 99.76641287
v 96.19983011 140.79898142 99.17387948
v 98.55423017 143.63383117 100.35263789
v 98.69374878 2.62459634 92.70017078
v 97.91032092 137.63385374 92.59474837
v 99.71619682 141.46324856 96.80316097
v 98.69374878 2.63845910 85.63392869
v 98.69374878 135.15899023 85.01941123
v 98.69374878 2.67373528 78.56768660
v 97.10846251 125.20769335 77.95316914
v 99.06733787 129.67610148 80.80816655
v 98.69374878 2.68046631 71.50144451
v 99.15014070 125.63691511 71.50144451
v 98.69374878 2.70941126 64.43520242
v 94.99967250 115.42070486 63.10924424
v 97.77219974 119.74119416 65.46465827
v 98.69374878 2.74078526 57.36896033
v 96.94306992 115.15782412 58.16655219
v 99.07218483 117.25795445 59.07839525
v 98.69374878 2.78997567 50.30271824
v 94.75734575 103.45946071 49.37099072
v 97.81212744 107.47644428 51.60716009
v 97.97779828 114.47145952 56.31958251
v 98.69374878 2.84269588 43.23647615
v 98.42495827 100.29157050 43.60341489
v 99.61904675 103.61356181 47.19277545
v 98.69374878 2.92461626 36.17023406
v 97.67708109 88.02542670 34.96641736
v 98.78770242 92.53199848 37.56101770
v 98.69374878 3.00875061 29.10399197
v 98.69374878 82.05082023 29.10399197
v 98.69374878 3.05611728 22.03774988
v 96.64908712 77.51613146 21.67395475
v 99.10197975 79.73893368 23.13529831
v 98.69374878 3.12265004 14.97150779
v 98.36018760 74.80950804 15.42663533
v 99.74405155 78.14594102 19.57064902
v 98.69374878 3.20276682 7.90526570
v 95.15951742 65.36699006 6.96749205
v 98.40561407 70.00731716 8.24489053
v 98.69374878 3.30663885 0.83902361
v 96.87098276 62.51622084 0.97380918
v 99.17645317 66.49990428 3.19577104
v 98.69374878 3.41418125 -6.22721848
v 99.23289939 59.82358862 -6.22721848
v 99.95815579 5.33893669 -13.17411252
v 93.77158059 51.79248230 -13.46262837
v 97.62050601 56.26621123 -11.85554691
v 98.69374878 15.03870450 -18.52013297
v 98.69374878 27.46665893 -19.29287067
v 98.69374878 40.13456324 -18.54523759
v 98.88491302 51.77002161 -16.19863354
v 107.54459784 14.84537591 268.04723557
v 105.01578382 4.47458642 262.26421064
v 106.28019083 27.46665893 269.19131943
v 106.28019083 40.13456324 269.18095593
v 106.28019083 52.80246756 269.16919972
v 106.28019083 65.47037188 269.15574945
v 106.28019083 78.13827619 269.14021012
v 106.28019083 90.80618051 269.12205203
v 106.28019083 103.47408483 269.10054941
v 106.28019083 116.14198914 269.07468133
v 106.28019083 128.80989346 269.04295960
v 106.28019083 141.47779777 269.00313070
v 106.28019083 154.14570209 268.95160021
v 106.28019083 166.81360641 268.88225089
v 106.28019083 179.48151072 268.78371261
v 106.28019083 192.14941504 268.63196452
v 106.28019083 204.81731936 268.36452612
v 106.28019083 217.48522367 267.72896618
v 105.01578382 229.45419265 265.97329719
v 106.28019083 236.04208858 261.77229753
v 106.28019083 2.41096705 255.22373886
v 106.28019083 236.22980804 255.22373886
v 106.28019083 2.41178416 248.15749677
v 106.28019083 235.56906091 248.15749677
v 106.28019083 2.41174250 241.09125468
v 106.28019083 235.60325030 241.09125468
v 106.28019083 2.41123560 234.02501258
v 106.28019083 236.01342024 234.02501258
v 106.28019083 2.41034764 226.95877049
v 106.28019083 236.73170943 226.95877049
v 106.28019083 2.41084448 219.89252840
v 106.28019083 236.33137146 219.89252840
v 106.28019083 2.41015485 212.82628631
v 107.03883504 236.01157949 213.53291052
v 106.28019083 2.40565818 205.76004422
v 102.19166046 241.86572288 206.41238732
v 107.47509999 239.05226263 206.02924323
v 106.28019083 2.39857554 198.69380213
v 105.91611286 243.50837668 202.96726679
v 106.27921682 247.89514638 198.07899223
v 106.28019083 2.39752562 191.62756004
v 106.28019083 249.84243877 191.62756004
v 106.28019083 2.40180080 184.56131795
v 102.85607031 242.34456758 184.77699540
v 106.06197512 248.62032874 186.19875694
v 106.28019083 2.41826526 177.49507586
v 101.16441816 218.48240603 176.95915777
v 103.64858442 227.41460250 177.54886908
v 106.15636389 234.78292480 178.09388240
v 107.14575255 242.47671361 181.24782323
v 106.28019083 2.44049680 170.42883377
v 102.66272809 204.41547930 169.63344890
v 106.09177528 213.06635280 170.10637645
v 105.73334407 219.66222460 172.80728728
v 107.51381680 229.66424152 174.59234799
v 106.28019083 2.46281592 163.36259168
v 105.81358511 198.71984982 163.43430923
v 106.95758894 205.94235069 166.10425124
v 106.28019083 2.48511113 156.29634959
v 106.16765501 187.71246487 155.81816950
v 106.85877772 192.60582763 158.74834185
v 106.28019083 2.50740407 149.23010750
v 104.91419726 176.50878190 148.52303358
v 106.91693116 180.24126048 151.06334803
v 106.28019083 2.51363626 142.16386541
v 106.80820655 176.52258370 142.87048962
v 106.28019083 2.51385837 135.09762332
v 100.94919575 167.65385788 133.84109484
v 105.33823687 174.73539492 136.54425680
v 106.28019083 2.51719186 128.03138123
v 100.97686864 167.17070669 127.45627462
v 106.00207491 173.05480400 128.03138123
v 106.28019083 2.52565930 120.96513914
v 105.52154663 170.41509213 121.26230278
v 106.28019083 2.54691793 113.89889705
v 105.52154663 162.31936818 114.19606069
v 107.54459784 166.99875663 117.77282416
v 106.28019083 2.56766613 106.83265496
v 102.73240109 153.18019626 106.15289063
v 106.50053079 157.78038111 107.73272265
v 106.28019083 2.59439371 99.76641287
v 105.77850905 146.76321705 100.14324217
v 107.09512474 154.12560767 103.81746641
v 106.28019083 2.60455337 92.70017078
v 103.26533082 140.85376900 92.27062561
v 106.06625203 143.53085916 93.40281596
v 106.28019083 2.62900404 85.63392869
v 105.96446702 137.53836077 85.95232505
v 107.35546591 141.39051215 89.27595160
v 106.28019083 2.64589927 78.56768660
v 101.97116893 129.00710359 76.97988197
v 105.32710807 133.03785195 79.33529600
v 106.28019083 2.66101028 71.50144451
v 102.21367655 128.11527750 71.31875715
v 106.45999734 131.40257947 73.11576556
v 106.28019083 2.70429645 64.43520242
v 105.17714270 121.16465487 64.96241377
v 106.88101375 127.96134069 69.88138349
v 106.28019083 2.75163203 57.36896033
v 101.36586496 114.54779384 57.11886651
v 106.91922538 110.49344758 56.00315619
v 107.64156848 116.16633045 60.91359702
v 106.28019083 2.79800151 50.30271824
v 103.93971338 105.41546607 51.12642556
v 104.98321188 102.86411337 48.77101153
v 106.99974870 104.79008019 51.28866285
v 106.28019083 2.82070975 43.23647615
v 106.45054361 101.51689351 43.23647615
v 106.28019083 2.86777162 36.17023406
v 101.43944962 91.19450065 34.99755875
v 105.80541186 96.70889596 36.34207199
v 106.28019083 2.94316193 29.10399197
v 105.19962444 87.27175348 28.77370531
v 106.82721722 91.46905773 31.40806821
v 106.28019083 2.99778303 22.03774988
v 106.28019083 83.29124256 22.03774988
v 106.28019083 3.03040716 14.97150779
v 102.95534746 78.05922683 14.27116962
v 106.52839909 81.75527459 15.85871682
v 106.28019083 3.07960902 7.90526570
v 104.74854481 76.46486030 8.55722894
v 106.71814823 79.21987976 9.69717254
v 106.28019083 3.15153056 0.83902361
v 101.02834297 65.66676302 -0.77028708
v 105.84535769 72.84986535 1.39860111
v 106.28019083 3.22984675 -6.22721848
v 103.69478999 64.67302225 -6.52901310
v 106.81934145 69.33353335 -5.88986049
v 107.54459784 5.22138136 -13.18946597
v 104.67967662 60.46030703 -12.55108095
v 107.07404776 66.11317280 -9.85606417
v 106.28019083 15.01271538 -18.59488078
v 106.28019083 27.46665893 -19.45010253
v 106.28019083 40.13456324 -18.97359986
v 106.47613723 53.40344913 -17.25430112
v 115.13103989 14.84536005 268.04691617
v 112.60222588 4.47537143 262.26397527
v 113.86663288 27.46665893 269.19072557
v 113.86663288 40.13456324 269.18028758
v 113.86663288 52.80246756 269.16844215
v 113.86663288 65.47037188 269.15488315
v 113.86663288 78.13827619 269.13920974
v 113.86663288 90.80618051 269.12088388
v 113.86663288 103.47408483 269.09916752
v 113.86663288 116.14198914 269.07302103
v 113.86663288 128.80989346 269.04092740
v 113.86663288 141.47779777 269.00058523
v 113.86663288 154.14570209 268.94831816
v 113.86663288 166.81360641 268.87785790
v 113.86663288 179.48151072 268.77752827
v 113.86663288 192.14941504 268.62260876
v 113.86663288 204.81731936 268.34872805
v 113.86663288 217.48522367 267.69721020
v 112.60222588 229.10649384 265.84564029
v 113.86663288 235.39773947 261.77562492
v 113.86663288 2.41041346 255.22373886
v 113.86663288 236.67574193 255.22373886
v 113.86663288 2.41072253 248.15749677
v 113.86663288 236.42504594 248.15749677
v 113.86663288 2.41043888 241.09125468
v 113.86663288 236.65472693 241.09125468
v 113.86663288 2.41023199 234.02501258
v 113.86663288 236.82269991 234.02501258
v 113.86663288 2.41050621 226.95877049
v 113.86663288 236.59999573 226.95877049
v 113.86663288 2.41085077 219.89252840
v 113.86663288 236.32064146 219.89252840
v 113.86663288 2.41000144 212.82628631
v 113.86663288 237.01303693 212.82628631
v 113.86663288 2.40665726 205.76004422
v 114.62527709 238.94980804 206.46666843
v 113.86663288 2.40199183 198.69380213
v 111.58290818 243.05289916 199.82997892
v 114.94929716 241.77621089 199.84785692
v 113.86663288 2.39657851 191.62756004
v 113.86507447 244.27702172 197.47831868
v 113.32474417 248.98499366 191.77215167
v 113.86663288 2.39785319 184.56131795
v 113.86663288 248.06801167 184.85889514
v 113.86663288 2.40766905 177.49507586
v 113.10798868 240.15502616 177.14554428
v 115.13103989 243.15234316 179.36656096
v 113.86663288 2.42331452 170.42883377
v 108.63177038 218.71430490 169.89486996
v 111.51730703 227.20595462 170.43977830
v 113.60104242 233.03152736 172.25753171
v 113.86663288 2.44599871 163.36259168
v 109.87074518 204.99452729 163.35382607
v 112.47654196 211.41910649 164.09760786
v 113.87649418 219.95615581 166.42636858
v 114.35015483 228.89934402 169.32186520
v 113.86663288 2.47377192 156.29634959
v 111.06973578 191.87700537 156.51254509
v 113.08438161 195.16244223 157.39094134
v 114.72067520 205.64479763 160.53066936
v 113.86663288 2.49733715 149.23010750
v 111.26989915 179.15504739 147.58060044
v 113.13284282 182.30954072 149.89209485
v 114.82179795 191.60838311 154.65510650
v 113.86663288 2.50051585 142.16386541
v 111.45381513 180.00744838 140.98615840
v 114.93884949 181.91338884 143.34157243
v 113.86663288 2.49158355 135.09762332
v 109.26906612 179.93591444 133.91991631
v 114.53723492 186.60021700 136.27533034
v 113.86663288 2.50087992 128.03138123
v 111.16405262 178.85073951 127.67721868
v 114.86954168 182.77749262 128.78787113
v 113.86663288 2.51651709 120.96513914
v 113.59307451 175.07236930 121.08132965
v 114.89151622 179.62757430 124.14069584
v 113.86663288 2.54282031 113.89889705
v 113.09018356 161.49725532 112.86410913
v 114.29689225 167.59225698 116.40086225
v 113.86663288 2.55995112 106.83265496
v 113.86663288 158.13190055 106.83265496
v 113.86663288 2.56792789 99.76641287
v 110.86807331 152.94152898 99.27994562
v 113.42136752 158.17482540 101.43786257
v 113.86663288 2.59844614 92.70017078
v 114.25300653 146.21132224 93.16439144
v 114.03572376 153.90392243 97.34611228
v 113.86663288 2.61484957 85.63392869
v 111.63684941 140.64817481 85.23762244
v 113.11568020 142.81760489 87.07023401
v 113.86663288 2.63202154 78.56768660
v 113.18160749 136.02862920 78.19293523
v 115.64449422 141.23408363 83.44207210
v 113.86663288 2.66551765 71.50144451
v 110.68983198 129.68400611 72.19289003
v 112.50018471 126.30564077 70.31108859
v 114.50282769 130.01733571 73.04561211
v 113.86663288 2.69541951 64.43520242
v 113.39714080 122.78127788 65.03111716
v 113.86663288 2.74581501 57.36896033
v 113.10798868 112.58433711 57.37743381
v 115.48215661 118.06831681 60.64905710
v 113.86663288 2.76823442 50.30271824
v 108.00278886 104.45901800 48.58271112
v 113.37408787 109.73693048 51.35208431
v 113.86663288 2.77871210 43.23647615
v 109.30191541 103.51420480 42.82832562
v 114.03698566 109.03273729 44.66291123
v 113.86663288 2.84483976 36.17023406
v 112.71501101 99.00083159 37.00781563
v 115.24382502 104.00563212 39.55769616
v 113.86663288 2.90208949 29.10399197
v 110.82148718 90.29419325 28.37599468
v 114.14980335 93.83853739 29.97391406
v 113.86663288 2.94662731 22.03774988
v 112.27821455 86.91271839 22.39995385
v 114.67742404 91.02745832 25.98642614
v 113.86663288 2.96316262 14.97150779
v 114.72397496 86.63297839 14.97150779
v 113.86663288 2.98766741 7.90526570
v 108.29312077 78.38494466 6.20181491
v 112.63624603 83.80462774 8.55722894
v 113.86663288 3.04577300 0.83902361
v 111.86335973 77.66807308 0.38822397
v 114.90431203 80.93872471 1.52648702
v 113.86663288 3.08925864 -6.22721848
v 112.55551313 76.26460876 -5.42517783
v 114.56922180 78.83908490 -3.53484720
v 115.13103989 5.07177448 -13.20407364
v 109.16910405 64.52923836 -13.75560851
v 112.95249024 72.13377527 -11.79294387
v 113.86663288 14.98518782 -18.69128290
v 113.86663288 27.46665893 -19.63174716
v 113.86663288 40.13456324 -19.36524863
v 113.86663288 52.80246756 -18.75527992
v 114.54293747 66.00685270 -16.55990435
v 122.71748195 14.84532997 268.04709882
v 120.18866793 4.47496345 262.26398412
v 121.45307494 27.46665893 269.19093974
v 121.45307494 40.13456324 269.18052934
v 121.45307494 52.80246756 269.16871746
v 121.45307494 65.47037188 269.15520009
v 121.45307494 78.13827619 269.13957786
v 121.45307494 90.80618051 269.12131686
v 121.45307494 103.47408483 269.09968431
v 121.45307494 116.14198914 269.07364824
v 121.45307494 128.80989346 269.04170504
v 121.45307494 141.47779777 269.00157458
v 121.45307494 154.14570209 268.94961996
v 121.45307494 166.81360641 268.87964841
v 121.45307494 179.48151072 268.78014752
v 121.45307494 192.14941504 268.62681299
v 121.45307494 204.81731936 268.35663621
v 121.45307494 217.48522367 267.71875093
v 120.18866793 229.11936017 265.91056230
v 121.45307494 235.72870803 261.78235736
v 121.45307494 2.41025565 255.22373886
v 121.45307494 236.80285275 255.22373886
v 121.45307494 2.41048418 248.15749677
v 121.45307494 236.61719714 248.15749677
v 121.45307494 2.41056661 241.09125468
v 121.45307494 236.55026809 241.09125468
v 121.45307494 2.41069938 234.02501258
v 121.45307494 236.44306484 234.02501258
v 121.45307494 2.41091948 226.95877049
v 121.45307494 236.26456725 226.95877049
v 121.45307494 2.41046153 219.89252840
v 121.45307494 236.63586237 219.89252840
v 121.45307494 2.40919063 212.82628631
v 121.45307494 237.67418273 212.82628631
v 121.45307494 2.40719524 205.76004422
v 121.45307494 239.32309572 205.76004422
v 121.45307494 2.40545771 198.69380213
v 122.67491261 239.98031547 198.33449492
v 121.45307494 2.40174820 191.62756004
v 119.71753471 243.34554943 194.41111957
v 121.59113518 245.17054552 190.01317192
v 121.45307494 2.39975130 184.56131795
v 120.69443073 246.97109215 184.28193555
v 121.45307494 2.41101034 177.49507586
v 120.18249613 235.16061310 176.41275805
v 122.71748195 241.91424644 181.20863135
v 121.45307494 2.42287117 170.42883377
v 118.51979921 229.42072438 170.11656933
v 123.07408038 226.47142044 169.29238170
v 123.38439689 228.58281693 172.84864724
v 121.45307494 2.43361059 163.36259168
v 116.72909496 216.65507881 162.98918891
v 121.45844124 224.68986609 163.79538894
v 121.45307494 2.45866544 156.29634959
v 119.61920389 200.81713305 156.22895729
v 121.36602637 207.16784807 157.42113967
v 121.54199061 216.51050402 159.99776552
v 121.45307494 2.48232367 149.23010750
v 120.18866793 187.49072566 148.75654860
v 122.59062906 194.36611173 151.90951951
v 121.45307494 2.48967286 142.16386541
v 121.45307494 186.60034083 142.16386541
v 121.45307494 2.49013911 135.09762332
v 121.45307494 186.36274675 135.09762332
v 121.45307494 2.50020817 128.03138123
v 122.21171914 182.17824986 128.73800544
v 121.45307494 2.51018875 120.96513914
v 118.43453376 179.23223476 121.27088611
v 120.82969951 180.67582052 122.65404643
v 121.45307494 2.52990894 113.89889705
v 118.29386231 165.90827510 113.20524386
v 121.21851433 171.27829144 115.34531103
v 121.35800710 177.94001039 119.83696524
v 121.45307494 2.55247647 106.83265496
v 120.66743809 159.61300769 106.48451323
v 123.07603141 166.42510585 111.13957732
v 121.45307494 2.57851844 99.76641287
v 118.05007646 153.11331295 99.29070763
v 122.43487615 149.37312187 98.37916541
v 122.26739677 154.64256689 102.21324179
v 121.45307494 2.60442048 92.70017078
v 119.55605203 143.40915476 93.74851013
v 121.40763736 140.72366208 92.50611928
v 122.17536908 142.65793684 93.98182478
v 121.45307494 2.60693850 85.63392869
v 120.65808067 141.99629249 90.64231080
v 121.54312731 144.04004121 86.36161239
v 121.45307494 2.61995080 78.56768660
v 120.08662170 139.49083633 78.73451600
v 121.60391011 142.27290033 81.35682975
v 121.45307494 2.63832508 71.50144451
v 116.79867608 128.66594165 69.87447455
v 121.11639445 135.47098322 72.04777756
v 121.45307494 2.66850242 64.43520242
v 119.31559842 126.96575062 64.71924948
v 121.64832864 130.51298515 65.84244379
v 121.45307494 2.71972270 57.36896033
v 120.40655773 114.62365078 56.07826678
v 122.12874870 118.69966527 58.54987281
v 122.07344561 127.53534719 63.14047339
v 121.45307494 2.74943555 50.30271824
v 120.69443073 111.60218721 49.59609403
v 121.45307494 2.77533670 43.23647615
v 121.45307494 109.00845236 43.61373738
v 121.45307494 2.82436905 36.17023406
v 120.18866793 100.57432457 35.36978828
v 122.71748195 104.21711098 38.39311202
v 121.45307494 2.86756058 29.10399197
v 122.21171914 97.11003151 29.81061618
v 121.45307494 2.88251189 22.03774988
v 117.47887534 90.49997208 20.69376066
v 121.16669937 94.99744797 23.40941701
v 121.45307494 2.90843998 14.97150779
v 119.85574433 90.11183275 14.83989450
v 122.72982829 92.39093016 15.88696145
v 121.45307494 2.94187065 7.90526570
v 120.87921775 87.82995410 7.82300739
v 122.81083605 90.62299789 12.19356872
v 121.45307494 2.96232286 0.83902361
v 121.45307494 86.47411126 0.83902361
v 121.45307494 2.99328661 -6.22721848
v 115.93799023 78.27963511 -7.78059186
v 120.94640514 83.79428960 -5.03502349
v 122.71748195 4.99374937 -13.21159874
v 118.79573509 76.42182889 -13.09317796
v 122.05458156 80.41418285 -11.59553568
v 121.45307494 14.95899873 -18.74046334
v 121.45307494 27.46665893 -19.72444514
v 121.45307494 40.13456324 -19.53301788
v 121.45307494 52.80246756 -19.16734754
v 121.45307494 65.47037188 -18.06175118
v 122.01349282 76.66474941 -14.82979578
v 130.30392400 14.84537503 268.04699121
v 127.77510998 4.47516819 262.26400090
v 129.03951699 27.46665893 269.19083564
v 129.03951699 40.13456324 269.18041134
v 129.03951699 52.80246756 269.16858255
v 129.03951699 65.47037188 269.15504418
v 129.03951699 78.13827619 269.13939577
v 129.03951699 90.80618051 269.12110163
v 129.03951699 103.47408483 269.09942598
v 129.03951699 116.14198914 269.07333264
v 129.03951699 128.80989346 269.04131033
v 129.03951699 141.47779777 269.00106671
v 129.03951699 154.14570209 268.94894214
v 129.03951699 166.81360641 268.87869872
v 129.03951699 179.48151072 268.77872042
v 129.03951699 192.14941504 268.62442510
v 129.03951699 204.81731936 268.35179116
v 129.03951699 217.48522367 267.70277449
v 127.77510998 229.14372765 265.88193281
v 129.03951699 235.56221699 261.77266241
v 129.03951699 2.41058977 255.22373886
v 129.03951699 236.53149212 255.22373886
v 129.03951699 2.41070466 248.15749677
v 129.03951699 236.43803509 248.15749677
v 129.03951699 2.41095006 241.09125468
v 129.03951699 236.23956148 241.09125468
v 129.03951699 2.41100493 234.02501258
v 129.03951699 236.19534079 234.02501258
v 129.03951699 2.41078042 226.95877049
v 129.03951699 236.37718080 226.95877049
v 129.03951699 2.41009394 219.89252840
v 129.03951699 236.93527118 219.89252840
v 129.03951699 2.40901130 212.82628631
v 129.03951699 237.82429185 212.82628631
v 129.03951699 2.40917012 205.76004422
v 129.03951699 237.69803476 205.76004422
v 129.03951699 2.40993261 198.69380213
v 129.79816120 236.54938215 199.40042634
v 129.03951699 2.40639135 191.62756004
v 123.93678503 242.28977033 192.19391351
v 129.81624434 239.06455964 191.85428464
v 129.03951699 2.40416881 184.56131795
v 128.00634814 242.96131510 188.49498738
v 129.14968346 245.17855891 183.80888791
v 129.03951699 2.41577707 177.49507586
v 127.69799699 233.96465855 177.82538329
v 128.92384751 241.77860639 181.59642800
v 129.03951699 2.42668740 170.42883377
v 127.17620771 219.76681547 170.53390593
v 128.99190530 216.91906919 170.33844162
v 128.69158729 220.55784067 171.41883901
v 129.32619932 230.21304036 175.46114974
v 129.03951699 2.42784403 163.36259168
v 128.24278343 219.01246715 169.08280986
v 128.11140581 223.17971754 164.43373208
v 129.03951699 2.43798041 156.29634959
v 123.18446421 204.63426721 155.44813045
v 126.39396633 214.64716237 156.29562516
v 129.37255667 222.60971457 157.07527659
v 129.03951699 2.46848936 149.23010750
v 127.16630083 190.25519622 148.23337010
v 128.65360091 194.57066021 149.87219872
v 128.61205592 205.72216966 152.43640954
v 130.29706185 217.00290205 154.03834986
v 129.03951699 2.48180356 142.16386541
v 128.69965931 187.49713279 141.65913383
v 129.03951699 2.49047914 135.09762332
v 128.28087279 184.73597833 134.39099911
v 129.03951699 2.50116546 128.03138123
v 129.10845745 181.65166083 127.51295646
v 129.03951699 2.51623998 120.96513914
v 124.28053122 178.95576979 122.14766806
v 128.44686858 173.73375293 119.79087634
v 129.72709763 179.07803248 124.59060729
v 129.03951699 2.52634314 113.89889705
v 128.28087279 170.47251217 114.04794520
v 129.03951699 2.54754791 106.83265496
v 128.28087279 162.42618282 106.98170311
v 130.30392400 167.32657908 110.49890509
v 129.03951699 2.56472037 99.76641287
v 125.26365995 154.13456789 99.84481316
v 128.77105320 158.59300508 101.32540777
v 129.03951699 2.58847776 92.70017078
v 123.02219051 142.12559361 91.83830537
v 127.52963246 147.07465370 92.57851738
v 129.85483064 153.79416151 96.98583466
v 129.03951699 2.59295103 85.63392869
v 129.79816120 147.82700468 86.34055290
v 129.03951699 2.59570714 78.56768660
v 123.98691728 141.54270828 77.05301469
v 128.60536768 146.95145197 79.79305428
v 129.03951699 2.61122778 71.50144451
v 126.97139948 140.73024021 71.26348474
v 130.13079608 143.67882792 72.34093640
v 129.03951699 2.63644131 64.43520242
v 128.84699458 137.06847849 64.81873681
v 130.21026506 141.44520792 68.19177304
v 129.03951699 2.69100615 57.36896033
v 123.98982912 116.44862686 56.17898898
v 129.49814229 122.14087410 56.61690462
v 128.89890607 128.17203590 60.00739329
v 129.03951699 2.73252673 50.30271824
v 127.78909191 113.33641556 49.98634656
v 129.31476948 117.04106367 52.71811426
v 129.03951699 2.77084041 43.23647615
v 129.03951699 108.17188763 42.21254619
v 129.03951699 2.80791742 36.17023406
v 127.16943238 102.29836461 35.14630410
v 129.07134807 104.43237223 37.18256144
v 129.03951699 2.82739787 29.10399197
v 128.04938502 100.18671801 29.10399197
v 129.03951699 2.84203772 22.03774988
v 129.21538732 98.92424906 21.53301830
v 129.03951699 2.87328385 14.97150779
v 129.03951699 95.38675932 14.97150779
v 129.03951699 2.90195434 7.90526570
v 127.16235270 90.50616563 7.52748602
v 129.46868513 92.63306028 8.99407379
v 129.03951699 2.91791316 0.83902361
v 127.42088325 89.45762800 1.16792205
v 129.80800658 91.22698902 4.55456111
v 129.03951699 2.94698999 -6.22721848
v 129.05483554 87.45026320 -6.73195006
v 130.30392400 4.93934145 -13.21702804
v 128.28087279 83.74087088 -13.08098326
v 129.03951699 14.94550872 -18.77570102
v 129.03951699 27.46665893 -19.78497388
v 129.03951699 40.13456324 -19.63334428
v 129.03951699 52.80246756 -19.36906060
v 129.03951699 65.47037188 -18.77040649
v 129.03951699 77.50153714 -16.71956574
v 137.89036605 14.84538887 268.04692024
v 135.36155204 4.47532512 262.26397577
v 136.62595904 27.46665893 269.19073076
v 136.62595904 40.13456324 269.18029341
v 136.62595904 52.80246756 269.16844826
v 136.62595904 65.47037188 269.15488982
v 136.62595904 78.13827619 269.13921704
v 136.62595904 90.80618051 269.12089175
v 136.62595904 103.47408483 269.09917629
v 136.62595904 116.14198914 269.07303051
v 136.62595904 128.80989346 269.04093737
v 136.62595904 141.47779777 269.00059435
v 136.62595904 154.14570209 268.94832462
v 136.62595904 166.81360641 268.87785573
v 136.62595904 179.48151072 268.77749914
v 136.62595904 192.14941504 268.62249062
v 136.62595904 204.81731936 268.34821926
v 136.62595904 217.48522367 267.69328529
v 135.36155204 229.10715830 265.85537350
v 136.62595904 235.43512027 261.76961769
v 136.62595904 2.41072329 255.22373886
v 136.62595904 236.42325795 255.22373886
v 136.62595904 2.41098731 248.15749677
v 136.62595904 236.20946153 248.15749677
v 136.62595904 2.41105967 241.09125468
v 136.62595904 236.15100533 241.09125468
v 136.62595904 2.41103450 234.02501258
v 136.62595904 236.17152299 234.02501258
v 136.62595904 2.41092514 226.95877049
v 136.62595904 236.26048587 226.95877049
v 136.62595904 2.41109478 219.89252840
v 136.62595904 236.12622105 219.89252840
v 136.62595904 2.41161540 212.82628631
v 136.62595904 235.70949714 212.82628631
v 136.62595904 2.41201068 205.76004422
v 136.62595904 235.38874110 205.76004422
v 136.62595904 2.41190157 198.69380213
v 136.62595904 235.47902886 198.69380213
v 136.62595904 2.41072153 191.62756004
v 137.38460325 235.61376001 192.33418425
v 136.62595904 2.41020745 184.56131795
v 132.01098150 242.24059077 185.07843234
v 137.37558721 237.56385422 185.27080359
v 136.62595904 2.40768377 177.49507586
v 134.00995128 240.89236436 176.93080514
v 136.15815006 242.76176023 180.51902430
v 137.18104956 244.29922590 177.73395560
v 136.62595904 2.40726156 170.42883377
v 129.82147283 219.92921707 169.19086532
v 132.43309257 230.15312799 171.03949153
v 135.75419762 240.40090704 169.72783497
v 138.16315361 244.06939878 171.34217239
v 136.62595904 2.41021966 163.36259168
v 132.80441030 230.14243021 163.36259168
v 137.31796219 238.71801004 163.25044638
v 137.84256685 242.71721980 167.63608936
v 136.62595904 2.41726002 156.29634959
v 133.34851357 230.09688464 156.75092671
v 137.26079850 235.99000917 156.59940101
v 136.62595904 2.43687726 149.23010750
v 129.77930825 192.72683631 147.84296556
v 132.52091180 202.91793762 147.99904931
v 134.52952279 214.64305682 149.33345068
v 136.91765595 222.63348824 149.53811874
v 136.78833042 229.63679377 152.81497651
v 136.62595904 2.45752114 142.16386541
v 132.52058537 193.21652355 142.35547237
v 135.74921657 201.65597063 142.44357667
v 136.61407918 207.87966746 144.05055120
v 137.74321590 217.53218998 146.38728233
v 136.62595904 2.48033596 135.09762332
v 135.49027465 187.04825677 134.79968841
v 136.36727325 194.00697872 138.36713772
v 136.62595904 2.49572005 128.03138123
v 136.62595904 183.25076213 128.03138123
v 136.62595904 2.50451670 120.96513914
v 134.20182913 178.47587525 120.56926823
v 136.18752145 181.77098887 122.70130051
v 136.62595904 2.51923809 113.89889705
v 136.52519888 173.70895714 114.39651268
v 137.52943483 178.97112481 118.89343747
v 136.62595904 2.53753523 106.83265496
v 135.73322785 164.77371509 105.64853123
v 136.89342378 167.70481496 108.18129626
v 136.62595904 2.55678941 99.76641287
v 136.62595904 158.91396865 99.12671553
v 136.62595904 2.57372038 92.70017078
v 135.70211220 151.61956644 91.64712720
v 136.84986188 154.84852955 94.94963907
v 136.62595904 2.58257076 85.63392869
v 135.86731484 149.50652503 84.92730448
v 136.62595904 2.58826886 78.56768660
v 136.62595904 148.48774637 78.56768660
v 136.62595904 2.59850089 71.50144451
v 137.38460325 146.05748410 72.20806872
v 136.62595904 2.61777898 64.43520242
v 133.69831111 141.26322767 64.94399057
v 136.47866798 143.12775837 66.24013324
v 136.62595904 2.65811976 57.36896033
v 133.88568301 128.19547214 57.54032702
v 135.85314462 132.40681818 58.60955021
v 137.56244542 140.64685850 62.84229452
v 136.62595904 2.70163622 50.30271824
v 132.43089048 115.79804271 49.47665523
v 135.54745885 121.41367427 51.25402201
v 137.58921283 128.51147328 55.13788691
v 136.62595904 2.75505903 43.23647615
v 135.54745885 111.21807128 44.14762623
v 138.07627287 116.91661531 46.99835118
v 136.62595904 2.77618363 36.17023406
v 130.71082856 104.01587886 34.42891743
v 136.10680681 108.47217605 37.20133484
v 136.62595904 2.78461294 29.10399197
v 132.40658114 103.29176258 27.92628495
v 136.90023408 107.57498183 30.28169898
v 136.62595904 2.80894620 22.03774988
v 135.15056704 102.83911424 21.95744652
v 137.88560680 104.59907526 22.98985350
v 136.62595904 2.83264583 14.97150779
v 136.06083178 100.34189010 14.92131819
v 137.99768804 103.29913303 19.51636049
v 136.62595904 2.85332583 7.90526570
v 136.62595904 97.85380136 7.90526570
v 136.62595904 2.87490196 0.83902361
v 131.29491814 90.90681318 -0.54382207
v 136.14251358 95.18851331 2.17738520
v 136.62595904 2.90697905 -6.22721848
v 134.88861826 90.33836340 -6.30883457
v 137.72505503 92.63921914 -5.27605253
v 137.89036605 4.90199640 -13.22152064
v 135.13296616 87.39612368 -12.47555143
v 137.57034583 91.04464543 -8.75517155
v 136.62595904 14.93577882 -18.79931635
v 136.62595904 27.46665893 -19.82481197
v 136.62595904 40.13456324 -19.69618446
v 136.62595904 52.80246756 -19.48377678
v 136.62595904 65.47037188 -19.05723177
v 136.80175702 78.90270883 -17.42823004
v 145.47680811 14.84723425 268.04472147
v 142.94799409 4.47721895 262.26396804
v 144.21240110 27.46665893 269.18823484
v 144.21240110 40.13456324 269.17744531
v 144.21240110 52.80246756 269.16516845
v 144.21240110 65.47037188 269.15107139
v 144.21240110 78.13827619 269.13471483
v 144.21240110 90.80618051 269.11550393
v 144.21240110 103.47408483 269.09261163
v 144.21240110 116.14198914 269.06485370
v 144.21240110 128.80989346 269.03046836
v 144.21240110 141.47779777 268.98670219
v 144.21240110 154.14570209 268.92897929
v 144.21240110 166.81360641 268.84899164
v 144.21240110 179.48151072 268.72951632
v 144.21240110 192.14941504 268.52514007
v 144.21240110 204.81731936 268.00420443
v 143.45375689 216.21843324 267.48676289
v 143.33475487 228.34215196 265.50440232
v 143.41316809 234.86858322 260.85202172
v 144.21240110 2.41468361 255.22373886
v 143.30892146 235.20772058 254.04603184
v 144.21240110 2.41621765 248.15749677
v 143.21811021 235.14887377 246.97978975
v 144.21240110 2.41771180 241.09125468
v 143.23732274 235.10987813 239.91354766
v 144.21240110 2.41736976 234.02501258
v 143.28894684 234.90045909 232.84730557
v 144.21240110 2.41651666 226.95877049
v 143.32460090 234.52537052 225.78106348
v 144.21240110 2.41600372 219.89252840
v 143.75788183 234.35550887 218.71482139
v 144.21240110 2.41474087 212.82628631
v 144.74278514 234.38554784 211.80581951
v 144.21240110 2.41286994 205.76004422
v 143.45375689 235.12987027 205.05342001
v 144.21240110 2.41231018 198.69380213
v 144.21240110 235.14593002 198.69380213
v 144.21240110 2.41299088 191.62756004
v 144.21240110 234.60994797 191.62756004
v 144.21240110 2.41333808 184.56131795
v 145.41995069 233.76836126 184.15108684
v 144.21240110 2.40406587 177.49507586
v 142.46019144 241.67863969 179.46291534
v 144.33617326 244.85037686 175.70900336
v 144.21240110 2.40214800 170.42883377
v 144.21240110 245.26808624 170.42883377
v 144.21240110 2.40176959 163.36259168
v 141.34833285 242.29346471 162.90105969
v 144.02000398 244.94600531 165.05185228
v 144.21240110 2.40835100 156.29634959
v 143.35573429 239.35775224 157.20159191
v 145.88454830 242.77865398 160.25852476
v 144.21240110 2.42057627 149.23010750
v 141.34318298 229.43487001 149.27069080
v 143.66332183 233.55246418 150.76749269
v 144.21240110 2.43388733 142.16386541
v 137.94304405 203.65703269 140.63039760
v 141.04230538 214.68950014 141.34655603
v 143.99624115 224.30394715 143.59808681
v 144.20401212 228.60413136 146.98527872
v 144.21240110 2.45604738 135.09762332
v 139.50637814 193.52026040 134.80893024
v 142.47535719 203.95262993 135.72145393
v 144.58346662 209.49574414 136.08973537
v 145.85682501 218.08100895 138.84866783
v 144.21240110 2.48240296 128.03138123
v 143.55393480 187.31813289 127.42266102
v 145.14560795 194.80830164 130.38715210
v 145.64473475 204.77872038 133.72782998
v 144.21240110 2.50609491 120.96513914
v 140.53289104 180.32334159 121.59357466
v 143.77947864 176.40104967 119.39509534
v 145.12359807 180.16161130 122.64589737
v 144.21240110 2.52126104 113.89889705
v 144.21240110 172.28599813 113.89889705
v 144.21240110 2.53268707 106.83265496
v 140.23921536 166.58834306 105.97446629
v 143.86155862 169.10956776 108.23858937
v 144.21240110 2.54435951 99.76641287
v 143.17088137 163.99084576 100.78033332
v 145.69969539 167.05402242 104.14352418
v 144.21240110 2.55840085 92.70017078
v 140.02140584 154.15434125 91.76578140
v 144.35234037 158.75470763 93.44109781
v 144.21240110 2.57529784 85.63392869
v 143.34127244 151.50853237 85.35138289
v 145.09452786 154.39371407 88.31993172
v 144.21240110 2.58747680 78.56768660
v 143.45375689 148.28217413 77.86106239
v 144.21240110 2.59495850 71.50144451
v 144.21240110 146.48670486 71.50144451
v 144.21240110 2.60588229 64.43520242
v 144.21240110 144.70194241 65.24039350
v 144.21240110 2.63460927 57.36896033
v 143.67051238 136.09968402 56.98526120
v 145.47680811 141.32240118 61.15493477
v 144.21240110 2.67529386 50.30271824
v 143.81389667 126.25878540 49.32455688
v 144.33343822 130.04475487 51.87414870
v 144.21240110 2.72401185 43.23647615
v 143.18853976 114.05888217 42.05127998
v 144.29628363 118.29651362 44.69906674
v 144.21240110 2.74776018 36.17023406
v 143.45375689 111.48501185 35.46360985
v 144.21240110 2.76804629 29.10399197
v 144.21240110 109.40965312 29.10399197
v 144.21240110 2.79227082 22.03774988
v 144.97104530 106.21495968 22.74437409
v 144.21240110 2.80896419 14.97150779
v 142.22271816 103.21617122 14.61197164
v 144.62750441 103.97712561 16.07171809
v 144.21240110 2.81952404 7.90526570
v 143.64918026 102.02820000 7.73074520
v 145.58718037 103.45951387 11.45547118
v 144.21240110 2.83679542 0.83902361
v 143.45375689 99.30196739 0.13239940
v 144.21240110 2.86540449 -6.22721848
v 144.97104530 97.09179999 -5.52059428
v 145.47680811 4.86212212 -13.22465198
v 139.37383327 89.75218397 -13.46771219
v 143.84631035 94.35459605 -11.55987442
v 144.21240110 14.92772604 -18.82193207
v 144.21240110 27.46665893 -19.86140416
v 144.21240110 40.13456324 -19.75172193
v 144.21240110 52.80246756 -19.57865591
v 144.21240110 65.47037188 -19.26102266
v 144.21240110 78.13827619 -18.43083814
v 144.41749873 89.47603320 -16.03958892
v 153.06325016 14.85284351 268.03288614
v 150.53443614 4.49396820 262.26293868
v 151.79884315 27.46665893 269.17375479
v 151.79884315 40.13456324 269.16086160
v 151.79884315 52.80246756 269.14598093
v 151.79884315 65.47037188 269.12860624
v 151.79884315 78.13827619 269.10803871
v 151.79884315 90.80618051 269.08328367
v 151.79884315 103.47408483 269.05286865
v 151.79884315 116.14198914 269.01450217
v 151.79884315 128.80989346 268.96436866
v 151.79884315 141.47779777 268.89545828
v 151.79884315 154.14570209 268.79270300
v 151.79884315 166.81360641 268.61215666
v 151.79884315 179.48151072 268.02652982
v 151.04019895 190.88262461 267.77399139
v 151.60202648 203.91246905 266.45412224
v 149.88440458 217.65453448 264.92071420
v 147.44223307 228.48877661 262.20471718
v 151.09656269 220.93028147 260.71261949
v 151.79884315 2.43858711 255.22373886
v 147.33071802 228.61548237 255.72847043
v 151.11065188 219.88043780 255.10860520
v 151.79884315 2.44700949 248.15749677
v 149.16480681 219.67291461 248.57999001
v 151.64936213 209.99707168 246.88384503
v 151.77149053 215.48082926 252.52819793
v 145.96902459 230.08607088 248.86412097
v 151.79884315 2.44806331 241.09125468
v 149.20265565 218.03588017 241.09125468
v 151.84295853 209.44547487 239.91354766
v 146.14920321 229.03929096 242.26896169
v 151.79884315 2.44361962 234.02501258
v 149.90287173 218.41847510 234.10800992
v 151.97563170 212.97768299 233.41798518
v 146.38811119 229.00797284 235.20271960
v 151.79884315 2.43898805 226.95877049
v 151.13357379 218.37018994 228.87000293
v 147.13982372 228.24705334 228.03937422
v 150.96016615 220.07519246 225.27520731
v 151.79884315 2.43666018 219.89252840
v 147.42772811 229.03297660 221.07023542
v 151.58840850 221.32931067 218.71482139
v 151.79884315 2.42826901 212.82628631
v 150.01280627 230.01702484 214.58000924
v 152.12593582 227.69061514 212.81088120
v 151.79884315 2.42382494 205.76004422
v 151.11094851 231.11854201 211.33601234
v 150.30743576 233.95925228 205.24430900
v 151.79884315 2.42234300 198.69380213
v 151.87106184 233.93605320 197.23197727
v 151.79884315 2.41797658 191.62756004
v 151.04019895 233.78501689 190.92093583
v 151.79884315 2.41339245 184.56131795
v 152.55748736 233.27475179 185.26794216
v 151.79884315 2.41089632 177.49507586
v 146.59609462 240.93329498 177.82107119
v 152.51834260 234.96544409 177.61613503
v 151.79884315 2.40295328 170.42883377
v 150.67410965 242.51130063 173.51717975
v 151.46173670 245.59081954 169.35837148
v 151.79884315 2.40137482 163.36259168
v 151.79884315 245.87412833 162.79855527
v 151.79884315 2.40813719 156.29634959
v 151.31921765 238.01945593 155.27039048
v 152.26835091 243.06489323 159.16633116
v 151.79884315 2.42278610 149.23010750
v 147.41060746 230.37220826 149.97521079
v 151.33186764 224.94511980 147.74339783
v 152.66236584 230.18011223 151.78510240
v 151.79884315 2.42594177 142.16386541
v 151.04019895 225.29486703 141.96972463
v 151.79884315 2.44467697 135.09762332
v 150.53443614 212.88768960 135.15780389
v 153.06325016 218.79176158 137.42123988
v 151.79884315 2.47483669 128.03138123
v 148.25267550 192.05200247 128.03260771
v 151.46893172 194.98492563 128.38701151
v 152.34073187 203.85604534 131.61052122
v 151.79884315 2.50014914 120.96513914
v 149.41331917 178.61961927 120.35010054
v 151.02193372 182.58135540 122.11143168
v 152.64696957 191.18940695 126.16424176
v 151.79884315 2.51525990 113.89889705
v 150.59103206 174.18927515 114.32988492
v 153.55074774 179.76340805 118.71239215
v 151.79884315 2.52382952 106.83265496
v 152.34073187 171.42248229 106.74382286
v 151.79884315 2.53584413 99.76641287
v 150.02240711 165.33518227 99.07392192
v 151.94305252 167.51969212 101.34401212
v 151.79884315 2.54737449 92.70017078
v 152.55016482 163.07731464 92.70017078
v 151.79884315 2.56518625 85.63392869
v 149.77945333 153.68444741 85.07739447
v 151.72711438 156.65450316 86.24586740
v 151.79884315 2.57568519 78.56768660
v 150.89129262 151.21436925 78.50239851
v 152.62269492 154.79259909 82.99175137
v 151.79884315 2.59153477 71.50144451
v 151.04019895 146.43161383 70.79482030
v 151.79884315 2.60678874 64.43520242
v 151.79884315 143.78569909 65.16748204
v 151.79884315 2.62674451 57.36896033
v 151.04019895 138.42329028 57.54107167
v 153.06325016 141.47127501 61.66254305
v 151.79884315 2.65090938 50.30271824
v 146.71419723 129.25959412 49.72751492
v 151.87449135 133.63170300 50.89839684
v 151.79884315 2.68070101 43.23647615
v 146.90774637 117.04884025 41.93626054
v 151.52695747 125.30176349 42.79650389
v 151.46729107 129.26181250 45.92491731
v 151.79884315 2.72252814 36.17023406
v 149.73237873 114.54541559 36.19822742
v 151.94036978 117.97944754 37.77943602
v 151.79884315 2.75356765 29.10399197
v 151.77154035 111.22387018 28.59926039
v 151.79884315 2.78288686 22.03774988
v 151.04019895 106.42505527 21.33112567
v 151.79884315 2.79645791 14.97150779
v 152.55748736 105.46036128 15.67813200
v 151.79884315 2.80670705 7.90526570
v 150.04140355 103.37905041 7.57603570
v 151.76453584 103.91506922 9.68902773
v 151.79884315 2.81749795 0.83902361
v 150.68075840 102.30738973 1.30804290
v 153.65542847 103.43755776 6.19109558
v 151.79884315 2.83274147 -6.22721848
v 151.79884315 100.24728437 -6.22721848
v 153.06325016 4.84422353 -13.22702632
v 151.79884315 96.52480930 -12.68288537
v 151.79884315 14.92211137 -18.83258177
v 151.79884315 27.46665893 -19.87944867
v 151.79884315 40.13456324 -19.77847983
v 151.79884315 52.80246756 -19.62263618
v 151.79884315 65.47037188 -19.34777917
v 151.79884315 78.13827619 -18.70156645
v 151.79884315 89.99808075 -16.68262762
v 160.64969221 14.85660865 268.01685614
v 158.12087820 4.52397654 262.25980980
v 159.38528520 27.46665893 269.15228643
v 159.38528520 40.13456324 269.13611161
v 159.38528520 52.80246756 269.11712948
v 159.38528520 65.47037188 269.09453425
v 159.38528520 78.13827619 269.06717378
v 159.38528520 90.80618051 269.03334531
v 159.38528520 103.47408483 268.99041069
v 159.38528520 116.14198914 268.93404715
v 159.38528520 128.80989346 268.85661066
v 159.38528520 141.47779777 268.74307715
v 159.38528520 154.14570209 268.55876581
v 159.38528520 166.81360641 268.19688716
v 159.38528520 179.48151072 266.90320392
v 158.05770601 192.17572067 264.18617125
v 155.58836348 204.84800926 261.59438526
v 160.07460538 194.50617114 261.19260758
v 152.59562446 215.18867794 262.34051608
v 159.38528520 2.47192251 255.22373886
v 156.00514911 203.62443599 255.93036306
v 159.87002022 194.59469507 255.22373886
v 152.81222202 215.06732478 256.15096368
v 159.38528520 2.47307110 248.15749677
v 154.18192956 205.14325414 249.58945317
v 159.65835924 194.75154945 248.15749677
v 159.38528520 2.47241796 241.09125468
v 154.24079141 203.37062309 242.26896169
v 159.77018814 194.77884458 241.09125468
v 159.38528520 2.47109270 234.02501258
v 154.82633919 204.81033651 234.52974416
v 159.97433679 194.78125877 234.02501258
v 159.38528520 2.47031309 226.95877049
v 155.71152962 204.93218401 226.95877049
v 160.05923101 194.81019290 226.95877049
v 152.53030717 215.05571949 227.63062134
v 159.38528520 2.46889181 219.89252840
v 156.10987397 204.93343843 219.89252840
v 160.15425423 194.84284195 219.89252840
v 152.88785821 215.54029262 221.07023542
v 159.38528520 2.46703648 212.82628631
v 156.90722468 204.93609022 212.82628631
v 160.26760248 194.85951381 212.82628631
v 154.05310014 217.56664480 213.33101789
v 159.38528520 2.46521967 205.76004422
v 157.36728956 204.94128709 205.76004422
v 160.40554369 195.59568497 205.76004422
v 154.95394727 217.48522367 205.76004422
v 152.79381533 228.43409454 206.92491365
v 159.38528520 2.45363419 198.69380213
v 158.41146067 204.55155306 200.03169422
v 161.39899308 200.11789769 198.63997618
v 156.38435521 215.37390629 199.51343579
v 153.95457397 228.09833383 199.50254109
v 159.38528520 2.42791450 191.62756004
v 159.82045930 207.69914227 196.84403705
v 158.87994854 219.59654106 195.15388435
v 158.04128650 229.66145321 193.75969004
v 157.91278699 232.86854530 190.67046676
v 159.38528520 2.42091328 184.56131795
v 158.36293580 232.63716606 183.38361094
v 159.38528520 2.41688463 177.49507586
v 160.14100334 232.76760521 176.45760017
v 159.38528520 2.41188773 170.42883377
v 154.41250099 241.34877212 170.83596672
v 159.72805032 235.88750256 170.07655811
v 159.38528520 2.40314796 163.36259168
v 158.34786796 242.67937227 166.54965572
v 159.57142612 245.52662254 162.56973101
v 159.38528520 2.40581360 156.29634959
v 156.04299247 242.62474838 156.58438675
v 158.51213466 244.82006635 157.66608138
v 159.38528520 2.41540130 149.23010750
v 157.47011548 229.13379139 148.63208461
v 159.32844502 233.12707642 149.72219114
v 160.26253661 241.79557682 154.49513768
v 159.38528520 2.42235017 142.16386541
v 157.94787672 226.60791997 142.70196799
v 160.40749015 230.30315053 145.80487075
v 159.38528520 2.44344017 135.09762332
v 158.12087820 212.76863483 134.77729001
v 160.71416050 219.23510926 137.68591009
v 159.38528520 2.47213595 128.03138123
v 158.12087820 196.13188247 128.27805394
v 160.64969221 204.38703849 131.72940300
v 159.38528520 2.48919087 120.96513914
v 158.84339649 187.14258230 120.61352004
v 160.64969221 192.19737179 124.89254162
v 159.38528520 2.50428112 113.89889705
v 157.52565757 177.56472148 113.25402874
v 159.42966466 181.10170222 115.38902142
v 159.38528520 2.51626930 106.83265496
v 159.84594577 174.23803486 106.83265496
v 159.38528520 2.52679467 99.76641287
v 154.41544419 166.67588943 98.06000146
v 158.24105267 169.56814332 100.41541549
v 159.38528520 2.53622015 92.70017078
v 158.00586830 166.19228500 92.69858040
v 160.57116392 168.08658372 93.70849795
v 159.38528520 2.54382153 85.63392869
v 158.35752644 163.81466673 86.81031039
v 160.42790730 166.98900520 90.57234626
v 159.38528520 2.55149262 78.56768660
v 154.90291499 154.55604720 77.89004233
v 159.40996538 161.44580977 79.18171287
v 159.38528520 2.57386057 71.50144451
v 158.16685960 150.72629539 71.14320492
v 159.71173686 155.51879373 73.58189730
v 159.38528520 2.59806723 64.43520242
v 158.62664100 144.74863106 64.35890736
v 159.38528520 2.61605227 57.36896033
v 158.12087820 139.82489703 56.71652761
v 160.64969221 142.11724600 59.48049604
v 159.38528520 2.63266875 50.30271824
v 160.14392941 137.14487908 51.00934245
v 159.38528520 2.65477167 43.23647615
v 154.89417657 129.03807136 43.09852089
v 159.01464261 132.81942475 44.67183930
v 159.38528520 2.68951440 36.17023406
v 153.90378414 116.37308362 34.43633246
v 158.16891494 123.11170581 36.54612954
v 160.09842005 129.12007023 40.30799752
v 159.38528520 2.72331517 29.10399197
v 157.44630077 115.33358656 28.98016884
v 160.44175984 118.58748289 30.02501003
v 159.38528520 2.74906204 22.03774988
v 158.70514232 111.93248899 21.96036042
v 160.57298921 116.01934952 26.36500371
v 159.38528520 2.77351246 14.97150779
v 158.62664100 107.79024831 14.26488358
v 159.38528520 2.79468438 7.90526570
v 159.38528520 105.51964402 8.75483127
v 159.38528520 2.80568985 0.83902361
v 158.12087820 103.09611795 0.51088217
v 160.64969221 104.20617964 4.38283029
v 159.38528520 2.81777266 -6.22721848
v 159.38528520 102.17280218 -6.22721848
v 160.64969221 4.82059576 -13.22953992
v 159.38528520 99.47826683 -12.81496993
v 159.38528520 14.91785343 -18.84846984
v 159.38528520 27.46665893 -19.90368847
v 159.38528520 40.13456324 -19.81374895
v 159.38528520 52.80246756 -19.67883406
v 159.38528520 65.47037188 -19.45247912
v 159.38528520 78.13827619 -18.98216275
v 159.38528520 90.56893577 -17.33842081
v 168.23613427 14.85660990 268.01475304
v 165.70732025 4.53143973 262.25770958
v 166.97172726 27.46665893 269.14778169
v 166.97172726 40.13456324 269.13093389
v 166.97172726 52.80246756 269.11111509
v 166.97172726 65.47037188 269.08746150
v 166.97172726 78.13827619 269.05873535
v 166.97172726 90.80618051 269.02310008
v 166.97172726 103.47408483 268.97770430
v 166.97172726 116.14198914 268.91786061
v 166.97172726 128.80989346 268.83526486
v 166.97172726 141.47779777 268.71358101
v 166.97172726 154.14570209 268.51517837
v 166.97172726 166.81360641 268.12524935
v 166.97172726 179.48151072 266.75856277
v 165.70732025 190.09918752 263.46071159
v 166.97172726 192.45402072 261.19185212
v 166.97172726 2.47792592 255.22373886
v 166.97172726 192.54185402 255.22373886
v 166.97172726 2.47787306 248.15749677
v 166.97172726 192.56973306 248.15749677
v 166.97172726 2.47786727 241.09125468
v 166.97172726 192.57253990 241.09125468
v 166.97172726 2.47781291 234.02501258
v 166.97172726 192.60129079 234.02501258
v 166.97172726 2.47752385 226.95877049
v 166.97172726 192.75378995 226.95877049
v 166.97172726 2.47746432 219.89252840
v 166.97172726 192.78521680 219.89252840
v 166.97172726 2.47742657 212.82628631
v 166.97172726 192.80528947 212.82628631
v 166.97172726 2.47604027 205.76004422
v 166.97172726 193.56928532 205.76004422
v 166.97172726 2.46977448 198.69380213
v 167.73037146 194.35173096 199.40042634
v 166.97172726 2.45825897 191.62756004
v 164.35690169 205.10936919 192.73606154
v 167.95754286 198.83792890 192.74583130
v 162.80035682 216.58037336 191.16953574
v 160.23529437 227.95247442 191.34654616
v 166.97172726 2.43809506 184.56131795
v 167.77867518 207.45716478 189.08215077
v 166.70217450 217.53442981 185.87655725
v 161.58549264 227.91224071 185.58352724
v 167.21378487 220.01510934 183.43361353
v 166.97172726 2.42972188 177.49507586
v 162.14152646 228.60470521 178.81301420
v 168.29795247 220.91894254 177.11054256
v 166.97172726 2.41737315 170.42883377
v 165.79386574 229.61202962 173.39009433
v 166.27938889 233.07051954 169.98021159
v 166.97172726 2.41184028 163.36259168
v 162.20556003 241.59181879 163.66583515
v 166.21030915 236.14049642 164.15902108
v 166.97172726 2.40644131 156.29634959
v 167.06418222 240.83885047 159.13156290
v 165.18529245 243.87953407 156.66787603
v 166.97172726 2.40904087 149.23010750
v 166.97172726 239.00877083 150.11564978
v 167.10393811 242.19588845 154.34197071
v 166.97172726 2.41949262 142.16386541
v 162.61825861 228.92604315 142.00237726
v 166.67493640 232.95514748 143.94666570
v 166.97172726 2.44642167 135.09762332
v 165.70732025 210.31496250 134.96799284
v 168.23613427 218.24949135 137.70207204
v 167.25767476 228.58015248 140.88931151
v 166.97172726 2.46975321 128.03138123
v 166.42983854 196.70596614 127.59268311
v 168.23613427 204.27676463 132.21742581
v 166.97172726 2.48239188 120.96513914
v 166.58465985 190.31446890 120.34410068
v 167.26589058 192.65271662 123.36834181
v 166.97172726 2.49062487 113.89889705
v 161.29526719 179.81240679 112.16235605
v 165.74430313 186.25878424 114.51777008
v 166.97172726 2.50034068 106.83265496
v 164.24766340 178.55815086 106.58637131
v 167.90846789 183.37162941 107.66620122
v 166.97172726 2.51487192 99.76641287
v 166.21875782 173.74036310 99.61248559
v 168.04290877 179.41193834 103.48136409
v 166.97172726 2.52368254 92.70017078
v 166.97172726 171.06320358 92.70017078
v 166.97172726 2.52705290 85.63392869
v 162.36941554 167.01392641 84.45489636
v 166.63358530 170.30256245 87.14698744
v 166.97172726 2.53302874 78.56768660
v 163.39942861 166.89558543 79.02974052
v 167.37457660 169.86723199 80.05342956
v 166.97172726 2.55550919 71.50144451
v 162.46533686 154.06309063 70.54516046
v 167.07224214 160.43489696 72.01807420
v 167.13687205 166.31483804 76.29392774
v 166.97172726 2.58614008 64.43520242
v 166.62966313 148.55547579 64.32594324
v 167.87330023 154.27374194 67.46606833
v 166.97172726 2.61028646 57.36896033
v 165.22849623 140.26077142 56.35703234
v 167.15578263 142.43050735 58.77892825
v 166.97172726 2.61869626 50.30271824
v 166.70426396 139.35794886 49.79798666
v 166.97172726 2.63439144 43.23647615
v 166.97172726 135.75224352 42.47132644
v 166.97172726 2.66575549 36.17023406
v 165.96015507 126.51087905 35.00965988
v 167.07281461 130.26278650 37.70466665
v 166.97172726 2.69053348 29.10399197
v 166.97172726 123.02187058 29.10399197
v 166.97172726 2.72076569 22.03774988
v 164.28585693 115.66801674 21.65464108
v 166.80478698 118.50540075 23.78302705
v 166.97172726 2.74584823 14.97150779
v 165.72100955 112.69878060 15.29103531
v 168.67357412 116.25407415 19.10818885
v 166.97172726 2.76145557 7.90526570
v 167.51361598 110.87132515 7.66370139
v 166.97172726 2.79313247 0.83902361
v 165.07980502 103.35342730 -0.03165492
v 166.97735319 105.29855729 1.93641199
v 166.97172726 2.80336374 -6.22721848
v 166.47023462 103.03059793 -6.73195006
v 168.23613427 4.80753790 -13.23018910
v 166.21308305 100.36356472 -13.56337213
v 166.97172726 14.91334870 -18.85496613
v 166.97172726 27.46665893 -19.91500982
v 166.97172726 40.13456324 -19.82980998
v 166.97172726 52.80246756 -19.70347595
v 166.97172726 65.47037188 -19.49528906
v 166.97172726 78.13827619 -19.07749787
v 166.97172726 90.72510153 -17.58273939
v 175.82257632 14.85656171 268.01480885
v 173.29376230 4.53139682 262.25770888
v 174.55816931 27.46665893 269.14784578
v 174.55816931 40.13456324 269.13100935
v 174.55816931 52.80246756 269.11120557
v 174.55816931 65.47037188 269.08757108
v 174.55816931 78.13827619 269.05887111
v 174.55816931 90.80618051 269.02327241
v 174.55816931 103.47408483 268.97793110
v 174.55816931 116.14198914 268.91817298
v 174.55816931 128.80989346 268.83572135
v 174.55816931 141.47779777 268.71431394
v 174.55816931 154.14570209 268.51655381
v 174.55816931 166.81360641 268.12882609
v 174.55816931 179.48151072 266.79052583
v 173.29376230 190.09857139 263.48776586
v 174.55816931 192.47674317 261.22133106
v 174.55816931 2.47788514 255.22373886
v 174.55816931 192.56331802 255.22373886
v 174.55816931 2.47788338 248.15749677
v 174.55816931 192.56421806 248.15749677
v 174.55816931 2.47788061 241.09125468
v 174.55816931 192.56548456 241.09125468
v 174.55816931 2.47783103 234.02501258
v 174.55816931 192.59171052 234.02501258
v 174.55816931 2.47778095 226.95877049
v 174.55816931 192.61819018 226.95877049
v 174.55816931 2.47777440 219.89252840
v 174.55816931 192.62163730 219.89252840
v 174.55816931 2.47778913 212.82628631
v 174.55816931 192.61373629 212.82628631
v 174.55816931 2.47775628 205.76004422
v 174.55816931 192.63108267 205.76004422
v 174.55816931 2.47676777 198.69380213
v 174.55816931 193.16719157 198.69380213
v 174.55816931 2.46972527 191.62756004
v 175.05971942 194.43396912 192.71590618
v 174.55816931 2.44419322 184.56131795
v 174.76122035 203.66441220 188.54227596
v 172.70979451 215.54597675 185.50277733
v 174.59951421 218.74541578 182.63112602
v 174.55816931 2.43394370 177.49507586
v 174.55816931 219.79978467 177.49507586
v 174.55816931 2.42926431 170.42883377
v 169.18169119 228.18758142 170.59711136
v 174.50662514 221.26343382 170.93356535
v 174.55816931 2.42083148 163.36259168
v 171.21033664 230.70313010 164.29873086
v 176.34855873 226.52978143 163.22512114
v 174.55816931 2.41186243 156.29634959
v 173.59611515 232.66268527 160.11972152
v 169.15006992 241.15739613 156.67603099
v 174.47538831 237.33018224 155.02796431
v 174.55816931 2.41068465 149.23010750
v 173.79952511 237.44300570 148.52348329
v 174.55816931 2.41807058 142.16386541
v 175.10005803 234.47175825 142.53381334
v 174.55816931 2.44294283 135.09762332
v 174.24114902 211.27216814 134.24063822
v 174.70373596 219.22534742 137.06714180
v 174.46996508 228.66854553 139.55218586
v 174.55816931 2.46132667 128.03138123
v 174.17669335 199.36622855 127.59298138
v 174.85904236 205.64372875 131.28870497
v 174.55816931 2.47161420 120.96513914
v 170.71847646 192.23579096 119.88121776
v 174.22639725 195.17751421 121.20037274
v 174.55816931 2.47995944 113.89889705
v 173.37752485 190.64400837 113.50237128
v 174.94507079 192.73109488 115.67306039
v 174.55816931 2.48775386 106.83265496
v 174.55816931 188.07609556 106.83265496
v 174.55816931 2.50217876 99.76641287
v 172.06150134 178.44754034 99.34862168
v 174.41825794 182.47550939 101.48691691
v 174.55816931 2.51713146 92.70017078
v 173.33448051 173.58198812 93.08239697
v 176.29154990 178.99528048 97.48961814
v 174.55816931 2.52579395 85.63392869
v 174.93605852 170.03423596 84.88823221
v 174.55816931 2.53539726 78.56768660
v 172.27077357 167.45636927 79.15746378
v 174.15686585 165.44274839 76.97002971
v 175.51363287 167.11052491 80.37498104
v 174.55816931 2.54772988 71.50144451
v 174.55816931 162.69653690 71.50144451
v 174.55816931 2.57188066 64.43520242
v 172.57208361 153.39594578 64.82398098
v 174.54538714 156.51856022 66.17155633
v 174.55816931 2.59322524 57.36896033
v 169.32319467 141.90656448 55.70748499
v 173.44714178 146.47131057 58.05248181
v 175.62916458 153.32861720 63.00047368
v 174.55816931 2.60213754 50.30271824
v 170.43241634 141.51628802 49.83972660
v 175.37448345 145.34310716 50.98147308
v 174.55816931 2.61807534 43.23647615
v 173.72130365 139.68157530 43.41049941
v 174.90384579 142.37493088 45.86788740
v 174.55816931 2.63804621 36.17023406
v 169.75309662 129.13681285 35.04083323
v 174.08848584 134.79917398 36.37298234
v 174.55816931 2.67321605 29.10399197
v 173.43196819 125.48400167 28.78776602
v 175.03218013 129.54680278 31.52055382
v 174.55816931 2.70442015 22.03774988
v 174.55816931 119.83533377 21.36625282
v 174.55816931 2.72775031 14.97150779
v 173.61229295 114.90291904 13.89120731
v 174.75123081 116.69591397 16.92603762
v 174.55816931 2.74381295 7.90526570
v 174.55816931 113.81300034 7.90526570
v 174.55816931 2.75700571 0.83902361
v 168.30670441 104.61819295 -0.92288483
v 174.02029912 111.47332757 1.85247426
v 174.55816931 2.77637894 -6.22721848
v 169.50792869 103.86557262 -6.87376950
v 175.14045411 108.60426686 -5.67957748
v 175.82257632 4.79517483 -13.23320813
v 172.45127470 101.38412444 -12.95649279
v 174.64309368 104.82773925 -11.57984619
v 174.55816931 14.91218615 -18.86275404
v 174.55816931 27.46665893 -19.92620536
v 174.55816931 40.13456324 -19.84575645
v 174.55816931 52.80246756 -19.72808639
v 174.55816931 65.47037188 -19.53857073
v 174.55816931 78.13827619 -19.17581833
v 174.58245202 91.67991951 -17.73675199
v 183.40901837 14.85651212 268.01500421
v 180.88020436 4.53105591 262.25773576
v 182.14461136 27.46665893 269.14809863
v 182.14461136 40.13456324 269.13130474
v 182.14461136 52.80246756 269.11155508
v 182.14461136 65.47037188 269.08799127
v 182.14461136 78.13827619 269.05938572
v 182.14461136 90.80618051 269.02391808
v 182.14461136 103.47408483 268.97876476
v 182.14461136 116.14198914 268.91929122
v 182.14461136 128.80989346 268.83730163
v 182.14461136 141.47779777 268.71672169
v 182.14461136 154.14570209 268.52069331
v 182.14461136 166.81360641 268.13783199
v 182.14461136 179.48151072 266.83828915
v 180.88020436 190.12397986 263.66978219
v 182.14461136 192.65638846 261.25163418
v 182.14461136 2.47749679 255.22373886
v 182.14461136 192.76791270 255.22373886
v 182.14461136 2.47749817 248.15749677
v 182.14461136 192.76722006 248.15749677
v 182.14461136 2.47749968 241.09125468
v 182.14461136 192.76630995 241.09125468
v 182.14461136 2.47748987 234.02501258
v 182.14461136 192.77171622 234.02501258
v 182.14461136 2.47747854 226.95877049
v 182.14461136 192.77767420 226.95877049
v 182.14461136 2.47746155 219.89252840
v 182.14461136 192.78685982 219.89252840
v 182.14461136 2.47761949 212.82628631
v 182.14461136 192.70344417 212.82628631
v 182.14461136 2.47749012 205.76004422
v 182.14461136 192.77233840 205.76004422
v 182.14461136 2.47727971 198.69380213
v 182.45808018 192.93166788 197.94916366
v 182.14461136 2.47338181 191.62756004
v 179.59473386 193.27835137 192.10540769
v 181.93085706 192.00922648 191.86717909
v 182.73225212 192.40168196 193.44331853
v 182.14461136 2.46062698 184.56131795
v 181.17444557 194.76192103 190.02844306
v 179.51244930 204.17999296 185.41048796
v 183.66423420 198.37907490 185.63371564
v 176.54873467 214.44931294 184.21988573
v 182.14461136 2.43981912 177.49507586
v 181.96794292 206.71357383 182.51220101
v 181.79350068 215.71348058 179.77051776
v 181.84510157 219.31548538 176.31890138
v 182.14461136 2.43263731 170.42883377
v 181.38596716 220.75989027 169.72220956
v 182.14461136 2.42551704 163.36259168
v 182.90325557 223.84666748 164.06921589
v 182.14461136 2.42068915 156.29634959
v 178.54537647 230.22180395 157.31771922
v 183.03934562 226.66193954 157.51278631
v 182.14461136 2.41035670 149.23010750
v 181.87995091 231.54848259 154.37518402
v 181.60272265 237.59302997 149.43708107
v 182.14461136 2.41301869 142.16386541
v 182.90325557 237.13602126 142.87048962
v 182.14461136 2.42189172 135.09762332
v 177.57953214 218.07689032 134.61089494
v 179.92828522 227.26452358 135.15561262
v 182.55261082 234.35084005 136.26775975
v 182.14461136 2.43952100 128.03138123
v 178.33846719 204.50546867 127.31120376
v 181.90763815 213.10153434 127.72855220
v 181.57770403 219.46398485 130.41358012
v 183.29684798 230.00066749 132.42645259
v 182.14461136 2.46027348 120.96513914
v 181.53222692 199.60342942 121.16313072
v 182.80456156 205.92243869 123.76432863
v 182.14461136 2.47121590 113.89889705
v 177.29779275 192.20706946 112.83725849
v 181.66896419 195.28438495 114.15004695
v 182.14461136 2.48152104 106.83265496
v 180.96699385 189.25812033 106.56565663
v 182.53635595 192.52646960 109.64303775
v 182.14461136 2.49764736 99.76641287
v 181.38596716 182.81603654 100.01166951
v 182.14461136 2.51408011 92.70017078
v 180.88020436 174.78578486 92.31569781
v 183.40901837 179.40905862 96.67883827
v 182.14461136 2.52381140 85.63392869
v 182.90325557 171.80561068 86.34055290
v 182.14461136 2.53165263 78.56768660
v 178.58830603 166.62094620 77.79441473
v 181.85332323 168.65073792 80.03427586
v 182.14461136 2.54230284 71.50144451
v 180.76954580 163.92899565 71.80133201
v 183.70138572 166.89002109 75.50837941
v 182.14461136 2.55910507 64.43520242
v 182.68650008 158.67931645 64.56824262
v 182.14461136 2.57574345 57.36896033
v 181.35028437 151.57928906 56.49253737
v 182.54984198 154.58341442 59.76349274
v 182.14461136 2.58577815 50.30271824
v 182.14461136 149.66342078 50.30271824
v 182.14461136 2.59418229 43.23647615
v 177.56178325 141.84339345 42.21621574
v 182.23557153 147.75814705 43.92373379
v 182.14461136 2.61909091 36.17023406
v 181.26870153 139.08884854 36.27691652
v 182.43562601 142.85381786 38.33025971
v 182.14461136 2.64985594 29.10399197
v 178.69871929 128.42005835 28.29610106
v 181.86909656 132.45652194 29.53639019
v 182.14461136 2.68107314 22.03774988
v 181.67161013 124.93064944 22.32681761
v 182.99969805 128.93760229 25.47447240
v 182.14461136 2.70780398 14.97150779
v 177.79940942 116.22314121 13.91716745
v 181.74062372 119.29220793 15.22787070
v 182.14461136 2.72828200 7.90526570
v 180.98966289 114.91314576 7.58787223
v 182.57262643 116.59183206 10.31248744
v 182.14461136 2.74046348 0.83902361
v 181.38596716 113.38864664 0.13239940
v 182.14461136 2.75091636 -6.22721848
v 182.90325557 112.99681816 -5.52059428
v 183.40901837 4.75964721 -13.23638439
v 176.24543669 103.09217127 -14.19383606
v 181.62700536 110.61544237 -12.06425365
v 182.14461136 14.90677321 -18.88507775
v 182.14461136 27.46665893 -19.95891820
v 182.14461136 40.13456324 -19.89122152
v 182.14461136 52.80246756 -19.79568198
v 182.14461136 65.47037188 -19.65023419
v 182.14461136 78.13827619 -19.39993372
v 182.14461136 90.80618051 -18.84975247
v 182.17294119 102.96766009 -16.87810720
v 190.99546043 14.85649815 268.01505033
v 188.46664641 4.53093988 262.25776342
v 189.73105342 27.46665893 269.14817935
v 189.73105342 40.13456324 269.13139909
v 189.73105342 52.80246756 269.11166627
v 189.73105342 65.47037188 269.08812451
v 189.73105342 78.13827619 269.05954837
v 189.73105342 90.80618051 269.02412074
v 189.73105342 103.47408483 268.97902470
v 189.73105342 116.14198914 268.91963672
v 189.73105342 128.80989346 268.83778437
v 189.73105342 141.47779777 268.71744605
v 189.73105342 154.14570209 268.52191102
v 189.73105342 166.81360641 268.14039354
v 189.73105342 179.48151072 266.85099364
v 188.46664641 190.15009910 263.71257662
v 189.73105342 192.71752866 261.25963844
v 189.73105342 2.47731608 255.22373886
v 189.73105342 192.86348996 255.22373886
v 189.73105342 2.47726398 248.15749677
v 189.73105342 192.89093610 248.15749677
v 189.73105342 2.47724711 241.09125468
v 189.73105342 192.89995662 241.09125468
v 189.73105342 2.47716154 234.02501258
v 189.73105342 192.94523642 234.02501258
v 189.73105342 2.47698674 226.95877049
v 189.73105342 193.03812966 226.95877049
v 189.73105342 2.47655220 219.89252840
v 189.73105342 193.26891204 219.89252840
v 189.73105342 2.47633424 212.82628631
v 189.73105342 193.38535126 212.82628631
v 189.73105342 2.47555325 205.76004422
v 189.73105342 193.80144897 205.76004422
v 189.73105342 2.47522769 198.69380213
v 190.48969762 194.15627640 199.40042634
v 189.73105342 2.47413259 191.62756004
v 183.33370883 192.96987089 191.11263108
v 188.83655482 194.29543173 192.20784196
v 189.73105342 2.46698363 184.56131795
v 191.05925482 196.56875125 184.29036100
v 189.73105342 2.44814423 177.49507586
v 188.00751432 206.07662091 180.55499661
v 185.81768662 216.03953698 177.35372959
v 189.55977576 212.17271263 177.21580600
v 189.73105342 2.43779983 170.42883377
v 189.88700477 215.63452341 173.49260099
v 189.47899705 219.14076765 169.48295719
v 189.73105342 2.43142116 163.36259168
v 188.97240921 221.50504491 162.65596747
v 189.73105342 2.42127257 156.29634959
v 191.19136480 227.25997592 156.14103446
v 189.73105342 2.41344958 149.23010750
v 188.27373250 230.87920342 153.27639979
v 190.10758736 235.05603086 147.98947719
v 189.73105342 2.40891931 142.16386541
v 188.97240921 238.73251818 141.45724120
v 189.73105342 2.40893391 135.09762332
v 190.48969762 240.12229859 135.80424753
v 189.73105342 2.41798237 128.03138123
v 184.11028352 218.77290104 127.44266475
v 186.60392099 227.63638852 127.94219871
v 190.03891059 237.31599153 129.63956680
v 189.73105342 2.43979320 120.96513914
v 186.21592968 204.83744881 119.87784561
v 188.24103153 211.48660938 121.35730568
v 188.92356907 219.65439263 123.55428367
v 190.66219871 230.93341192 125.69173172
v 189.73105342 2.45309847 113.89889705
v 188.14737452 202.34395289 114.52838946
v 189.47675637 206.76916601 116.26260306
v 189.73105342 2.46888753 106.83265496
v 185.91557610 191.37407951 106.23366166
v 189.65720180 196.97360447 107.37095928
v 189.73105342 2.48935950 99.76641287
v 189.26569774 185.20218692 99.90015894
v 190.41070161 192.42390144 103.85380252
v 189.73105342 2.50748625 92.70017078
v 188.94517896 176.21285013 91.71612962
v 190.14811759 179.81412875 95.45081328
v 189.73105342 2.51877423 85.63392869
v 188.97240921 172.54835998 84.92730448
v 189.73105342 2.52842989 78.56768660
v 190.27294214 169.40841509 78.48383840
v 189.73105342 2.53823933 71.50144451
v 189.01462045 165.25395688 70.40813315
v 190.24533567 167.00763902 73.47488233
v 189.73105342 2.55039526 64.43520242
v 189.73105342 161.39639641 64.43520242
v 189.73105342 2.56461177 57.36896033
v 186.44669708 154.00711064 56.45372828
v 189.98432255 156.63698250 58.12186069
v 189.73105342 2.57392135 50.30271824
v 188.84001495 152.63235892 50.04811526
v 190.58132449 154.26884912 53.21226385
v 189.73105342 2.58120824 43.23647615
v 189.73105342 151.40952586 43.23647615
v 189.73105342 2.59351783 36.17023406
v 185.14793590 141.84065709 35.08093234
v 189.82197741 148.53879839 36.81434088
v 189.73105342 2.62289203 29.10399197
v 188.92582019 138.33450229 29.22870001
v 190.12101530 142.61500319 31.39019666
v 189.73105342 2.65323637 22.03774988
v 186.83136005 128.17085156 21.50368717
v 189.53356700 131.71921170 22.66573967
v 189.73105342 2.68360147 14.97150779
v 189.37775208 124.55326576 15.31042985
v 190.75371995 128.75967251 18.75721065
v 189.73105342 2.70871962 7.90526570
v 185.59531181 116.15118282 6.93152792
v 188.66244105 119.17851500 8.86037807
v 189.73105342 2.72966176 0.83902361
v 188.27321124 114.80322186 1.01096359
v 191.19125506 116.97676387 3.85382939
v 189.73105342 2.73939594 -6.22721848
v 189.73105342 114.02476211 -6.22721848
v 190.99546043 4.75131380 -13.23672808
v 189.73105342 111.91927484 -12.89035119
v 189.73105342 14.90108052 -18.88981070
v 189.73105342 27.46665893 -19.96833243
v 189.73105342 40.13456324 -19.90398274
v 189.73105342 52.80246756 -19.81401177
v 189.73105342 65.47037188 -19.67884754
v 189.73105342 78.13827619 -19.45123691
v 189.73105342 90.80618051 -18.97204767
v 189.73105342 103.07226088 -17.38922532
v 198.58190248 14.85643234 268.01516671
v 196.05308846 4.53074293 262.25777121
v 197.31749547 27.46665893 269.14832220
v 197.31749547 40.13456324 269.13156629
v 197.31749547 52.80246756 269.11186493
v 197.31749547 65.47037188 269.08836444
v 197.31749547 78.13827619 269.05984397
v 197.31749547 90.80618051 269.02449384
v 197.31749547 103.47408483 268.97951011
v 197.31749547 116.14198914 268.92029524
v 197.31749547 128.80989346 268.83872950
v 197.31749547 141.47779777 268.71892089
v 197.31749547 154.14570209 268.52455421
v 197.31749547 166.81360641 268.14667629
v 197.31749547 179.48151072 266.89413358
v 196.05308846 190.15750277 263.78725514
v 197.31749547 192.82193918 261.29521545
v 197.31749547 2.47679886 255.22373886
v 197.31749547 193.13740774 255.22373886
v 197.31749547 2.47663173 248.15749677
v 197.31749547 193.22600013 248.15749677
v 197.31749547 2.47650300 241.09125468
v 197.31749547 193.29454804 241.09125468
v 197.31749547 2.47629472 234.02501258
v 197.31749547 193.40572193 234.02501258
v 197.31749547 2.47557389 226.95877049
v 197.31749547 193.78947665 226.95877049
v 197.31749547 2.47509354 219.89252840
v 197.31749547 194.04615477 219.89252840
v 197.31749547 2.47459520 212.82628631
v 197.31749547 194.31312595 212.82628631
v 197.31749547 2.47433231 205.76004422
v 197.31749547 194.45366687 205.76004422
v 197.31749547 2.47424799 198.69380213
v 197.31749547 194.49895271 198.69380213
v 197.31749547 2.47414694 191.62756004
v 197.31749547 194.55351075 191.62756004
v 197.31749547 2.47145903 184.56131795
v 198.07613968 194.58949337 185.26794216
v 197.31749547 2.46521401 177.49507586
v 192.70642820 204.91239726 177.61832124
v 198.29055436 196.70110956 177.72714483
v 197.31749547 2.44563930 170.42883377
v 196.38222165 207.01983663 173.59302903
v 193.78375609 216.20204408 170.69999000
v 198.12890594 212.99542281 170.29388675
v 197.31749547 2.43432703 163.36259168
v 197.61362381 216.61807373 167.79002343
v 196.77560675 220.65895651 163.20348111
v 197.31749547 2.42238528 156.29634959
v 198.07613968 226.50659201 157.00297380
v 197.31749547 2.41869980 149.23010750
v 193.88407942 230.20333927 150.31972190
v 198.23591813 228.21991929 150.35438119
v 197.31749547 2.40882971 142.16386541
v 197.08599878 231.46666002 147.55282249
v 196.77560675 238.24633200 142.27867594
v 197.31749547 2.40525258 135.09762332
v 197.71545740 241.21939852 135.16604523
v 197.31749547 2.40684049 128.03138123
v 197.10913196 242.30823984 129.89098027
v 195.96339175 240.69716213 126.42794429
v 199.04046972 242.94306304 128.69462651
v 197.31749547 2.41194058 120.96513914
v 191.08452080 215.99049313 119.35975498
v 194.13791416 229.32540508 120.49862491
v 196.93893738 240.32967714 120.97307082
v 198.93088280 243.18039364 121.95900657
v 197.31749547 2.42400087 113.89889705
v 190.91614972 206.78823130 112.92426724
v 194.05350588 218.62498664 113.89889705
v 196.66655429 227.49020735 113.92866274
v 197.67434833 233.27213221 115.79609103
v 198.79283104 241.65408213 118.76586213
v 197.31749547 2.43838009 106.83265496
v 193.13721126 205.16799916 107.02602077
v 195.77398527 214.45032373 107.49927305
v 197.29183656 221.39668470 108.54806953
v 197.31749547 2.46030180 99.76641287
v 193.53087276 192.14184324 100.02285304
v 195.79776067 198.83112238 100.65513703
v 196.68422670 206.54207290 102.51496304
v 197.91627378 217.64371503 105.26722346
v 197.31749547 2.48644130 92.70017078
v 194.09230692 179.15936577 91.95662552
v 197.23925714 184.11572640 92.51093001
v 196.61029642 192.37362231 96.94032531
v 197.31749547 2.50500321 85.63392869
v 195.55836123 175.97163892 85.87982321
v 197.88928436 180.51537841 88.76843879
v 197.31749547 2.52150228 78.56768660
v 197.82786890 171.38955767 78.56768660
v 197.31749547 2.53105261 71.50144451
v 194.57839729 166.68834761 70.76181050
v 197.14295122 167.65566629 71.98259766
v 197.31749547 2.54085211 64.43520242
v 196.39412110 164.66420551 64.30869991
v 198.11602910 166.90648918 68.36955180
v 197.31749547 2.55650513 57.36896033
v 197.31749547 158.97720895 57.36896033
v 197.31749547 2.56460673 50.30271824
v 194.23218831 154.04038429 49.51839593
v 197.59564576 156.53320699 51.13743719
v 197.31749547 2.56979555 43.23647615
v 196.21831977 153.15089517 43.00087769
v 197.83474696 154.83272632 46.29805794
v 197.31749547 2.57880663 36.17023406
v 197.31749547 151.76356571 36.17023406
v 197.31749547 2.59817722 29.10399197
v 193.22940354 141.50169893 28.09548150
v 197.47029766 147.33465019 29.79859332
v 197.31749547 2.62453506 22.03774988
v 195.82881447 138.09504701 22.81839230
v 197.80701089 142.35912765 24.60173176
v 197.31749547 2.65286249 14.97150779
v 194.70950263 128.21542582 14.47432839
v 197.72912488 132.79049101 15.84327352
v 197.31749547 2.67992770 7.90526570
v 196.94948665 124.82738845 7.69587030
v 198.17236800 129.12916554 11.52640478
v 197.31749547 2.71685546 0.83902361
v 196.27539987 115.31335476 -0.46494653
v 197.37585005 117.95309755 2.05435611
v 197.31749547 2.73181206 -6.22721848
v 196.55885127 114.49049201 -6.93384269
v 198.58190248 4.74860224 -13.23700212
v 197.31749547 112.38200038 -12.90700974
v 197.31749547 14.90046225 -18.89139434
v 197.31749547 27.46665893 -19.97076068
v 197.31749547 40.13456324 -19.90727581
v 197.31749547 52.80246756 -19.81872450
v 197.31749547 65.47037188 -19.68620192
v 197.31749547 78.13827619 -19.46442942
v 197.31749547 90.80618051 -19.00391814
v 197.31749547 103.15642657 -17.45179595
v 206.16834453 14.85627478 268.01551005
v 203.63953051 4.53024182 262.25780792
v 204.90393752 27.46665893 269.14875623
v 204.90393752 40.13456324 269.13207382
v 204.90393752 52.80246756 269.11246644
v 204.90393752 65.47037188 269.08908901
v 204.90393752 78.13827619 269.06073371
v 204.90393752 90.80618051 269.02561334
v 204.90393752 103.47408483 268.98096129
v 204.90393752 116.14198914 268.92225198
v 204.90393752 128.80989346 268.84151610
v 204.90393752 141.47779777 268.72321728
v 204.90393752 154.14570209 268.53209685
v 204.90393752 166.81360641 268.16384004
v 204.90393752 179.48151072 266.99450309
v 203.63953051 190.19234856 264.01427351
v 204.90393752 193.08745459 261.37109125
v 204.90393752 2.47623633 255.22373886
v 204.90393752 193.43642392 255.22373886
v 204.90393752 2.47553311 248.15749677
v 204.90393752 193.81105542 248.15749677
v 204.90393752 2.47534145 241.09125468
v 204.90393752 193.91354707 241.09125468
v 204.90393752 2.47473765 234.02501258
v 204.90393752 194.23674549 234.02501258
v 204.90393752 2.47447715 226.95877049
v 204.90393752 194.37604811 226.95877049
v 204.90393752 2.47428600 219.89252840
v 204.90393752 194.47868070 219.89252840
v 204.90393752 2.47404349 212.82628631
v 204.90393752 194.60899702 212.82628631
v 204.90393752 2.47423440 205.76004422
v 204.90393752 194.50628389 205.76004422
v 204.90393752 2.47440668 198.69380213
v 204.90393752 194.41386181 198.69380213
v 204.90393752 2.47445928 191.62756004
v 204.90393752 194.38543509 191.62756004
v 204.90393752 2.47447376 184.56131795
v 204.90393752 194.37803142 184.56131795
v 204.90393752 2.47054200 177.49507586
v 205.66258173 194.95533671 178.20170007
v 204.90393752 2.46147102 170.42883377
v 201.11506618 204.17774347 171.25658892
v 206.05505054 198.50058572 170.71411178
v 204.90393752 2.44121814 163.36259168
v 204.08464050 207.80321940 167.50463145
v 203.43242927 216.56080067 164.43619852
v 204.00241616 219.40843500 161.62380046
v 204.90393752 2.43290046 156.29634959
v 205.18228225 221.21032723 155.05014622
v 204.90393752 2.42261734 149.23010750
v 205.66258173 227.24184019 148.86496325
v 204.90393752 2.41570622 142.16386541
v 203.63953051 230.84844505 145.23869677
v 205.38266448 233.70275638 140.61480521
v 204.90393752 2.40649756 135.09762332
v 203.95111474 241.60819586 135.83685030
v 201.62051739 242.80586092 133.78016558
v 205.30712725 242.97777536 133.11282662
v 204.90393752 2.40361925 128.03138123
v 204.14529332 243.36078726 127.32475702
v 204.90393752 2.40366518 120.96513914
v 205.66258173 243.50587348 121.67176335
v 204.90393752 2.40646446 113.89889705
v 198.99790263 231.29289096 112.15714127
v 202.86824870 240.78075555 113.31665327
v 204.88134574 243.27176438 115.39749606
v 204.90393752 2.41029655 106.83265496
v 200.75210260 229.36148579 105.77935241
v 203.88268664 240.75957746 106.83265496
v 206.13471628 243.08123407 108.01036197
v 204.90393752 2.41853507 99.76641287
v 198.51547799 203.42876921 98.44288631
v 200.65939209 216.66307919 99.39131257
v 202.86521435 228.88633756 99.42846814
v 204.33316154 239.68089026 100.64429078
v 206.15626209 243.06724219 101.52572010
v 204.90393752 2.44405026 92.70017078
v 199.72256985 193.69131163 93.14093081
v 202.16716563 204.77678540 93.07960531
v 204.19592960 214.70843909 93.10482651
v 204.74149742 220.61166580 94.23988667
v 206.16020757 232.50789129 96.45924019
v 206.41545241 241.63061830 99.31482748
v 204.90393752 2.47492982 85.63392869
v 199.73696219 179.81652643 84.15424511
v 203.17799089 187.49317208 85.97398224
v 204.04006052 193.97942132 87.74683272
v 204.96308216 206.03546904 89.77516075
v 204.90393752 2.49081288 78.56768660
v 202.03676980 178.19026582 78.26889888
v 204.37392832 185.86608854 80.08525736
v 204.90393752 2.51453240 71.50144451
v 204.33849580 172.14380929 71.79275629
v 205.08972062 180.49843232 75.66049960
v 204.90393752 2.52746114 64.43520242
v 201.01468496 166.83755227 63.66084963
v 204.56508550 168.96329466 64.89155644
v 204.90393752 2.53759337 57.36896033
v 202.96466741 164.71181522 57.46515707
v 205.22353619 167.62216001 59.45558595
v 204.90393752 2.54575790 50.30271824
v 204.53916934 162.66264894 51.00934245
v 204.90393752 2.55140516 43.23647615
v 199.95448327 154.70326936 42.19972971
v 204.97541927 160.57871420 43.65778129
v 204.90393752 2.56652007 36.17023406
v 202.81837995 153.06873558 36.20368785
v 205.01873374 155.58232679 37.81765903
v 204.90393752 2.57908399 29.10399197
v 205.15443717 151.26015821 29.10399197
v 204.90393752 2.59696433 22.03774988
v 200.40209698 140.89005244 20.46297827
v 203.84372378 146.35724024 22.81839230
v 204.90393752 2.61760632 14.97150779
v 203.09060542 140.21482012 15.78789442
v 206.13087897 143.50058576 15.94274601
v 204.90393752 2.64609043 7.90526570
v 200.78595204 128.97261923 7.94951327
v 204.92050928 133.80759712 8.16801853
v 205.25909378 140.36978180 12.93737275
v 204.90393752 2.67989687 0.83902361
v 199.88520096 116.89137457 -0.44643922
v 204.66787592 124.19940195 0.48163144
v 204.80253425 129.01489889 4.10780481
v 204.90393752 2.71917779 -6.22721848
v 203.58747774 115.12489569 -6.62249166
v 205.07353449 117.60946160 -4.44303441
v 206.16834453 4.74332067 -13.23721328
v 204.14529332 112.30924424 -13.55125830
v 204.90393752 14.89997019 -18.89263654
v 204.90393752 27.46665893 -19.97264982
v 204.90393752 40.13456324 -19.90984558
v 204.90393752 52.80246756 -19.82239495
v 204.90393752 65.47037188 -19.69188505
v 204.90393752 78.13827619 -19.47454225
v 204.90393752 90.80618051 -19.02785694
v 204.90393752 103.22162803 -17.49816403
v 213.75478659 14.85608564 268.01605927
v 211.22597257 4.52932429 262.25789581
v 212.49037958 27.46665893 269.14947912
v 212.49037958 40.13456324 269.13291786
v 212.49037958 52.80246756 269.11346513
v 212.49037958 65.47037188 269.09028889
v 212.49037958 78.13827619 269.06220258
v 212.49037958 90.80618051 269.02745327
v 212.49037958 103.47408483 268.98333485
v 212.49037958 116.14198914 268.92543274
v 212.49037958 128.80989346 268.84600336
v 212.49037958 141.47779777 268.73004104
v 212.49037958 154.14570209 268.54379691
v 212.49037958 166.81360641 268.18916635
v 212.49037958 179.48151072 267.11707886
v 211.22597257 190.27605618 264.37006716
v 212.49037958 193.57622589 261.45122582
v 212.49037958 2.47493724 255.22373886
v 212.49037958 194.12967915 255.22373886
v 212.49037958 2.47457531 248.15749677
v 212.49037958 194.32337270 248.15749677
v 212.49037958 2.47442631 241.09125468
v 212.49037958 194.40321437 241.09125468
v 212.49037958 2.47426574 234.02501258
v 212.49037958 194.48961003 234.02501258
v 212.49037958 2.47401229 226.95877049
v 212.49037958 194.62588231 226.95877049
v 212.49037958 2.47399177 219.89252840
v 212.49037958 194.63696869 219.89252840
v 212.49037958 2.47426297 212.82628631
v 212.49037958 194.49119264 212.82628631
v 212.49037958 2.47467234 205.76004422
v 212.49037958 194.27131744 205.76004422
v 212.49037958 2.47445123 198.69380213
v 212.49037958 194.38979232 198.69380213
v 212.49037958 2.47422169 191.62756004
v 212.49037958 194.51368354 191.62756004
v 212.49037958 2.47339590 184.56131795
v 212.49037958 194.95963354 184.56131795
v 212.49037958 2.47204597 177.49507586
v 212.49037958 195.69332607 177.49507586
v 212.49037958 2.46746360 170.42883377
v 213.24902378 196.63302073 171.13545798
v 212.49037958 2.45721836 163.36259168
v 209.66663099 206.06553396 163.61905993
v 213.48018270 200.98294783 164.53947784
v 206.14960107 215.05141058 163.14573543
v 212.49037958 2.44108965 156.29634959
v 212.74849815 206.87329021 160.88237963
v 208.95863127 215.75444341 157.97233361
v 214.27046946 214.41134248 155.72230079
v 212.49037958 2.43097630 149.23010750
v 211.94792860 217.71204790 153.22591963
v 211.55824598 221.17976009 149.67984778
v 212.49037958 2.41935369 142.16386541
v 212.07113152 227.96065511 144.44417644
v 213.34036366 230.96112304 140.51928111
v 212.49037958 2.41391067 135.09762332
v 206.45782054 240.49791550 135.14540477
v 212.53340092 233.88743386 134.62236381
v 212.49037958 2.40583524 128.03138123
v 211.03332105 241.76189588 130.35755835
v 212.04929630 243.31582097 126.73977540
v 212.49037958 2.40344772 120.96513914
v 211.73173537 243.33421861 120.25851493
v 212.49037958 2.40267479 113.89889705
v 212.49037958 243.13391351 113.89889705
v 212.49037958 2.40265528 106.83265496
v 212.49037958 243.15042630 106.83265496
v 212.49037958 2.40649114 99.76641287
v 211.91022463 243.13477529 100.88938771
v 212.49037958 2.41849191 92.70017078
v 206.11910557 216.38903103 91.27082337
v 209.34600323 227.76252192 91.59498260
v 213.37521326 236.01908424 93.05909099
v 211.91022463 240.97211141 98.59285701
v 212.49037958 2.43328088 85.63392869
v 206.17158099 193.57003636 83.92054478
v 207.54575975 204.81731936 86.01336322
v 210.42265316 216.48065634 85.39871531
v 212.35717464 226.07172236 86.21518387
v 213.31011897 230.98860301 88.06682562
v 212.49037958 2.45470122 78.56768660
v 207.36769688 190.60862548 77.72984333
v 210.90749834 202.82617575 78.93367254
v 212.53084056 209.46749622 79.53058958
v 212.93432465 218.61241026 82.57418662
v 212.49037958 2.47351004 71.50144451
v 208.21635214 180.53409982 71.34908711
v 210.94097647 191.46424002 72.05906100
v 212.50743101 198.17268837 72.64020296
v 212.93353170 205.43186088 76.54920467
v 212.49037958 2.49900006 64.43520242
v 210.86870369 175.61379620 65.12068829
v 212.27325979 182.36851037 66.65368775
v 212.86694949 192.59399545 69.43693863
v 212.49037958 2.50917810 57.36896033
v 206.64385493 167.41198005 55.71462934
v 211.02468536 173.25406860 58.47462023
v 212.49037958 2.51819749 50.30271824
v 208.37092057 166.69250591 49.12501122
v 212.67581456 172.58262772 50.80744982
v 212.49037958 2.52937687 43.23647615
v 209.53156690 166.56405258 43.71378524
v 213.16962984 170.41788949 43.55468221
v 212.49037958 2.54552005 36.17023406
v 206.59628242 154.96981730 34.44270296
v 210.88764009 161.25432069 36.52746955
v 212.49703577 166.81809553 39.84603096
v 212.49037958 2.55686039 29.10399197
v 208.51252727 153.79613797 28.78626122
v 213.14810754 159.73662557 29.59236295
v 212.49037958 2.57971623 22.03774988
v 210.78374556 149.24763768 22.31553092
v 213.13566878 154.59472470 25.39546561
v 212.49037958 2.59168415 14.97150779
v 213.18736523 148.06255364 14.97150779
v 212.49037958 2.60643411 7.90526570
v 209.15449705 141.07875147 8.38652378
v 212.28476929 145.24986040 8.68500189
v 212.49037958 2.64617437 0.83902361
v 208.41350334 128.95467584 0.84778754
v 212.50802392 133.96753368 0.94608104
v 212.63740432 140.96116958 4.79819098
v 212.49037958 2.68741456 -6.22721848
v 207.73608208 116.53739603 -7.44349174
v 212.36292429 122.67173518 -6.46281020
v 212.49656309 128.75529011 -2.39470188
v 213.75478659 4.73146966 -13.23911589
v 210.50293887 113.46051356 -12.89295273
v 212.74253941 117.23736632 -11.26627199
v 212.49037958 14.89959228 -18.89754920
v 212.49037958 27.46665893 -19.97928089
v 212.49037958 40.13456324 -19.91887345
v 212.49037958 52.80246756 -19.83541674
v 212.49037958 65.47037188 -19.71234208
v 212.49037958 78.13827619 -19.51158820
v 212.49037958 90.80618051 -19.11766842
v 212.59103489 104.28279582 -17.59459792
v 221.34122864 14.85600963 268.01644395
v 218.81241462 4.52853978 262.25800132
v 220.07682163 27.46665893 269.15002869
v 220.07682163 40.13456324 269.13355806
v 220.07682163 52.80246756 269.11422038
v 220.07682163 65.47037188 269.09119358
v 220.07682163 78.13827619 269.06330572
v 220.07682163 90.80618051 269.02882842
v 220.07682163 103.47408483 268.98509750
v 220.07682163 116.14198914 268.92777408
v 220.07682163 128.80989346 268.84926807
v 220.07682163 141.47779777 268.73491726
v 220.07682163 154.14570209 268.55190723
v 220.07682163 166.81360641 268.20562912
v 220.07682163 179.48151072 267.17959277
v 218.81241462 190.37706387 264.61808736
v 220.07682163 193.99596000 261.48055994
v 220.07682163 2.47442719 255.22373886
v 220.07682163 194.40259421 255.22373886
v 220.07682163 2.47431960 248.15749677
v 220.07682163 194.46049468 248.15749677
v 220.07682163 2.47401744 241.09125468
v 220.07682163 194.62323857 241.09125468
v 220.07682163 2.47394068 234.02501258
v 220.07682163 194.66444705 234.02501258
v 220.07682163 2.47400398 226.95877049
v 220.07682163 194.63050936 226.95877049
v 220.07682163 2.47435559 219.89252840
v 220.07682163 194.44115090 219.89252840
v 220.07682163 2.47473526 212.82628631
v 220.07682163 194.23721665 212.82628631
v 220.07682163 2.47446256 205.76004422
v 220.07682163 194.38391489 205.76004422
v 220.07682163 2.47378677 198.69380213
v 220.07682163 194.74796540 198.69380213
v 220.07682163 2.47307386 191.62756004
v 220.07682163 195.13333293 191.62756004
v 220.07682163 2.47218691 184.56131795
v 220.07682163 195.61478915 184.56131795
v 220.07682163 2.47210209 177.49507586
v 220.07682163 195.66110590 177.49507586
v 220.07682163 2.47153290 170.42883377
v 220.07682163 195.99057238 170.42883377
v 220.07682163 2.46458566 163.36259168
v 221.45090634 198.24498727 163.13148518
v 220.07682163 2.44758636 156.29634959
v 218.51890294 205.59116529 159.85438320
v 220.32638265 211.58255310 155.26617628
v 220.07682163 2.43898830 149.23010750
v 216.68056066 218.50849104 149.57043623
v 219.74646308 215.33771225 150.60201011
v 220.07682163 2.42659616 142.16386541
v 220.47695483 218.08953163 147.21162439
v 216.07299569 228.77443799 142.26889107
v 220.34173097 225.80701678 142.20195701
v 220.07682163 2.41962312 135.09762332
v 220.24211439 228.28255611 137.86930234
v 220.09073763 230.82983275 134.21848363
v 220.07682163 2.41348331 128.03138123
v 214.27222281 240.80700688 128.08468453
v 220.13741575 235.36463450 127.53525137
v 220.07682163 2.40526215 120.96513914
v 218.64436498 241.96437919 123.14522378
v 219.62261950 243.06640004 119.72456443
v 220.07682163 2.40301721 113.89889705
v 219.31817742 243.18953589 113.19227284
v 220.07682163 2.40326940 106.83265496
v 219.13982777 243.19839786 106.78714144
v 220.07682163 2.40869745 99.76641287
v 215.07860351 242.42162055 101.05896770
v 219.57954596 238.37729409 99.68020317
v 220.28231864 242.16741582 105.10081187
v 220.07682163 2.41449195 92.70017078
v 221.46654840 233.81413120 92.25671692
v 220.07682163 2.41885912 85.63392869
v 215.94521162 228.69712442 84.03018465
v 219.09542833 233.46384849 86.39272362
v 220.07682163 2.42274759 78.56768660
v 215.21281102 216.70177416 78.24601129
v 218.57774274 228.09201141 77.66182206
v 221.32095963 233.16125890 79.30542601
v 220.07682163 2.43335727 71.50144451
v 214.71309819 204.23002648 71.30538025
v 217.96327289 217.20938039 71.00956881
v 221.14639160 226.48667622 70.79470978
v 221.04475688 230.69866977 74.54574778
v 220.07682163 2.44632263 64.43520242
v 213.49266272 180.83871658 62.76527426
v 215.32495757 193.05426535 64.40842783
v 217.83814056 206.10819015 64.43520242
v 219.63291417 215.13936549 64.45320066
v 220.62087589 219.57100573 65.93844202
v 220.07682163 2.45984523 57.36896033
v 214.09188622 179.43517021 56.66233612
v 216.81184826 189.71349035 57.04488790
v 218.86777198 201.90524951 58.09504466
v 220.12757512 209.49403870 59.06198267
v 220.07682163 2.48594245 50.30271824
v 217.32171626 179.85021043 50.62458577
v 219.61279221 185.23226566 50.94188208
v 220.15015795 194.58579637 53.26035462
v 220.71166350 205.12320684 55.76740566
v 220.07682163 2.50274972 43.23647615
v 218.66217754 175.27734084 44.14719718
v 220.04345673 180.66811919 47.28755395
v 220.07682163 2.51336167 36.17023406
v 215.67317443 166.79756881 34.72187960
v 218.89576659 173.19781834 37.45244527
v 220.07682163 2.52485352 29.10399197
v 216.98309077 166.53326251 29.59461711
v 219.86683555 172.32684619 30.60878241
v 220.07682163 2.54541396 22.03774988
v 216.06541727 153.94979470 20.59526724
v 218.65222460 159.81614962 22.68891119
v 219.56459122 167.08914305 26.35566450
v 220.07682163 2.55468869 14.97150779
v 217.39912685 153.25704385 14.68253594
v 220.88447859 159.54670610 15.38457332
v 220.07682163 2.58313869 7.90526570
v 219.61606408 148.98077840 8.20358881
v 220.94904947 154.47412557 11.40677594
v 220.07682163 2.60612642 0.83902361
v 216.70841057 141.10190179 1.04437454
v 219.86656441 146.18918745 1.46109857
v 220.07682163 2.64560517 -6.22721848
v 216.60435687 128.58320605 -6.06134062
v 220.10738587 133.80821930 -6.07370143
v 220.13491623 141.28452908 -2.29874003
v 221.34122864 4.69916052 -13.24280656
v 214.71225520 115.33060737 -14.04286328
v 218.79239057 121.73663208 -12.56570499
v 220.30892750 128.25146985 -9.39622363
v 220.07682163 14.89618052 -18.91508380
v 220.07682163 27.46665893 -20.00375880
v 220.07682163 40.13456324 -19.95148295
v 220.07682163 52.80246756 -19.88107499
v 220.07682163 65.47037188 -19.78095301
v 220.07682163 78.13827619 -19.62684799
v 220.07682163 90.80618051 -19.35663632
v 220.07682163 103.47408483 -18.73313367
v 220.60154687 116.56342035 -16.46545779
v 228.92767069 14.85597313 268.01651190
v 226.39885667 4.52842715 262.25804371
v 227.66326368 27.46665893 269.15014999
v 227.66326368 40.13456324 269.13369908
v 227.66326368 52.80246756 269.11438654
v 227.66326368 65.47037188 269.09139266
v 227.66326368 78.13827619 269.06354854
v 227.66326368 90.80618051 269.02913104
v 227.66326368 103.47408483 268.98548526
v 227.66326368 116.14198914 268.92828975
v 227.66326368 128.80989346 268.84998843
v 227.66326368 141.47779777 268.73599956
v 227.66326368 154.14570209 268.55373319
v 227.66326368 166.81360641 268.20950159
v 227.66326368 179.48151072 267.19743981
v 226.39885667 190.41780924 264.65204514
v 227.66326368 194.05641762 261.49314595
v 227.66326368 2.47428851 255.22373886
v 227.66326368 194.47726117 255.22373886
v 227.66326368 2.47398196 248.15749677
v 227.66326368 194.64226020 248.15749677
v 227.66326368 2.47390632 241.09125468
v 227.66326368 194.68303980 241.09125468
v 227.66326368 2.47406703 234.02501258
v 227.66326368 194.59639246 234.02501258
v 227.66326368 2.47455493 226.95877049
v 227.66326368 194.33397583 226.95877049
v 227.66326368 2.47473287 219.89252840
v 227.66326368 194.23841872 219.89252840
v 227.66326368 2.47436566 212.82628631
v 227.66326368 194.43626814 212.82628631
v 227.66326368 2.47333310 205.76004422
v 227.66326368 194.99321484 205.76004422
v 227.66326368 2.47261025 198.69380213
v 227.66326368 195.38457055 198.69380213
v 227.66326368 2.47208485 191.62756004
v 227.66326368 195.66991500 191.62756004
v 227.66326368 2.47198191 184.56131795
v 227.66326368 195.72583015 184.56131795
v 227.66326368 2.47218125 177.49507586
v 227.66326368 195.61774699 177.49507586
v 227.66326368 2.47205616 170.42883377
v 227.66326368 195.68686875 170.42883377
v 227.66326368 2.46925399 163.36259168
v 228.42190789 195.87842837 164.06921589
v 227.66326368 2.46462354 156.29634959
v 223.46939179 204.17913038 156.67942469
v 227.84152156 198.15122275 156.80108117
v 227.66326368 2.45606865 149.23010750
v 225.00167028 206.44281495 150.60986805
v 229.42914990 201.33633652 149.99182711
v 227.66326368 2.43921205 142.16386541
v 227.49136503 207.66317697 146.99003300
v 225.51960703 218.28450627 142.52614159
v 229.51869984 214.42960069 142.30466336
v 227.66326368 2.43023633 135.09762332
v 227.00612115 219.74881067 139.18829908
v 222.45016622 227.90077476 135.12457216
v 228.86286099 221.89741825 134.13969730
v 227.66326368 2.41823330 128.03138123
v 226.30812309 229.35546908 130.70442268
v 227.76516755 232.09354907 127.18291313
v 227.66326368 2.40958150 120.96513914
v 221.75371403 241.52109146 121.10009222
v 227.78713713 238.47677295 120.54820091
v 227.66326368 2.40454924 113.89889705
v 226.31939810 242.54330818 116.63332308
v 225.69895222 243.28382818 113.34471066
v 227.66326368 2.40685710 106.83265496
v 223.06794797 242.73824567 107.99003702
v 227.22354550 239.85946005 106.64989328
v 227.94780446 242.34733172 111.52491153
v 227.66326368 2.41728771 99.76641287
v 226.89591599 232.38320445 99.73205318
v 227.66326368 2.42263269 92.70017078
v 225.25304377 230.28075950 93.44448023
v 228.85023695 227.42475461 92.09650069
v 228.65893645 227.99537103 97.75933450
v 227.66326368 2.41856905 85.63392869
v 227.33294854 230.30324234 88.24801425
v 227.12137497 231.59965311 85.23709546
v 227.66326368 2.41543792 78.56768660
v 228.42190789 233.22354019 79.27431081
v 227.66326368 2.41636174 71.50144451
v 223.59544566 230.30656947 71.12544120
v 227.86601537 233.84448226 72.19672312
v 227.66326368 2.42188216 64.43520242
v 221.70061495 218.63575086 62.68364043
v 225.84884271 227.34260142 64.51654311
v 227.37142569 230.61627134 66.59981591
v 227.66326368 2.42768547 57.36896033
v 223.55438810 216.61539979 56.29646445
v 226.87282119 227.33144457 58.54666734
v 227.66326368 2.43442518 50.30271824
v 221.70613215 191.52319097 48.74033753
v 223.52234327 205.72216966 50.42034466
v 225.88668463 217.48974199 49.59609403
v 227.40216719 226.27568721 51.48042525
v 227.66326368 2.44651442 43.23647615
v 221.47657817 181.42956962 42.50289944
v 223.39246426 192.14941504 43.23647615
v 225.34608498 202.17674763 42.95890497
v 226.83888666 214.44705983 44.05513267
v 228.89443554 222.09186585 43.68767708
v 227.66326368 2.47037488 36.17023406
v 222.31690340 179.44840501 35.46360985
v 225.97272210 190.57626687 36.37188702
v 227.62174349 196.46764076 36.81090337
v 228.06101235 207.01494581 39.49169993
v 228.90090507 217.58993259 41.22332333
v 227.66326368 2.48009472 29.10399197
v 223.45124678 179.63896085 28.46602428
v 227.16601985 190.21671202 29.42663671
v 227.88487447 193.43274927 32.83708833
v 227.66326368 2.48849470 22.03774988
v 222.23849962 168.44957800 21.30864395
v 225.26060290 179.37390597 21.33112567
v 227.13191842 187.85867433 23.21545689
v 227.66326368 2.50881239 14.97150779
v 223.52761035 167.39941978 15.27557340
v 226.34795125 176.41717831 15.72885385
v 228.74273759 183.86618164 15.42203315
v 227.66326368 2.54479066 7.90526570
v 224.46835359 153.70623076 7.16249676
v 226.26385408 159.33311381 8.66670901
v 227.20971012 168.43685751 11.11112489
v 228.85397310 179.53160240 12.88958052
v 227.66326368 2.56786044 0.83902361
v 226.16728137 151.14958334 1.63856637
v 227.55889454 155.65035883 4.22303180
v 227.66326368 2.58866703 -6.22721848
v 223.79380028 141.56379072 -6.08606225
v 226.42154011 148.80125823 -4.63236305
v 228.92767069 4.65654107 -13.24933430
v 224.56259952 127.05434462 -13.44248177
v 226.50087493 132.23257916 -12.18761937
v 227.03823488 141.69181668 -9.00221849
v 227.66326368 14.88956287 -18.94085557
v 227.66326368 27.46665893 -20.03980514
v 227.66326368 40.13456324 -19.99800154
v 227.66326368 52.80246756 -19.94348164
v 227.66326368 65.47037188 -19.86928193
v 227.66326368 78.13827619 -19.76207961
v 227.66326368 90.80618051 -19.59251557
v 227.66326368 103.47408483 -19.27789460
v 227.66326368 116.14198914 -18.39535337
v 228.29259662 128.94419941 -15.73323464
v 236.51411275 14.85592883 268.01668507
v 233.98529873 4.52812638 262.25806407
v 235.24970574 27.46665893 269.15036991
v 235.24970574 40.13456324 269.13395579
v 235.24970574 52.80246756 269.11468986
v 235.24970574 65.47037188 269.09175642
v 235.24970574 78.13827619 269.06399316
v 235.24970574 90.80618051 269.02968693
v 235.24970574 103.47408483 268.98619966
v 235.24970574 116.14198914 268.92924246
v 235.24970574 128.80989346 268.85132400
v 235.24970574 141.47779777 268.73800992
v 235.24970574 154.14570209 268.55711858
v 235.24970574 166.81360641 268.21653384
v 235.24970574 179.48151072 267.22571888
v 233.98529873 190.43743894 264.74376352
v 235.24970574 194.21813261 261.50853063
v 235.24970574 2.47394496 255.22373886
v 235.24970574 194.66204292 255.22373886
v 235.24970574 2.47391740 248.15749677
v 235.24970574 194.67688249 248.15749677
v 235.24970574 2.47407911 241.09125468
v 235.24970574 194.59007205 241.09125468
v 235.24970574 2.47455417 234.02501258
v 235.24970574 194.33454968 234.02501258
v 235.24970574 2.47460250 226.95877049
v 235.24970574 194.30837004 226.95877049
v 235.24970574 2.47416128 219.89252840
v 235.24970574 194.54628628 219.89252840
v 235.24970574 2.47316145 212.82628631
v 235.24970574 195.08620675 212.82628631
v 235.24970574 2.47217269 205.76004422
v 235.24970574 195.62233780 205.76004422
v 235.24970574 2.47196354 198.69380213
v 235.24970574 195.73607891 198.69380213
v 235.24970574 2.47193309 191.62756004
v 235.24970574 195.75268030 191.62756004
v 235.24970574 2.47201451 184.56131795
v 235.24970574 195.70812537 184.56131795
v 235.24970574 2.47214337 177.49507586
v 235.24970574 195.63817606 177.49507586
v 235.24970574 2.47239267 170.42883377
v 235.24970574 195.50246957 170.42883377
v 235.24970574 2.47228935 163.36259168
v 235.24970574 195.55981431 163.36259168
v 235.24970574 2.47101807 156.29634959
v 235.24970574 196.27391137 156.29634959
v 235.24970574 2.46319471 149.23010750
v 236.55423320 199.15638206 148.97844833
v 235.24970574 2.44950725 142.16386541
v 233.61063693 205.55448520 145.57954776
v 235.55875578 210.10192316 141.65863708
v 235.24970574 2.43636445 135.09762332
v 234.70781702 216.30885683 137.41232352
v 236.00834994 218.95408425 134.52838089
v 235.24970574 2.42631955 128.03138123
v 229.89387919 228.51749087 128.25677431
v 236.04327977 223.47960758 128.10310580
v 235.24970574 2.41624446 120.96513914
v 234.24349158 229.68703847 123.65880834
v 235.51285491 232.76792737 120.42546929
v 235.24970574 2.40913488 113.89889705
v 229.12941804 242.18483187 114.53628452
v 233.72511246 238.96331328 113.76164889
v 235.24970574 2.41230502 106.83265496
v 235.25887609 236.21265596 106.23962390
v 235.24970574 2.42646150 99.76641287
v 234.14221612 220.38011023 99.54059447
v 235.24630167 217.42647350 99.73414199
v 235.69467529 220.00705450 100.25215367
v 235.62931145 229.33755610 102.68081700
v 230.00572063 229.57842254 100.88933223
v 235.24970574 2.42575401 92.70017078
v 235.24630167 217.80081103 98.73270703
v 234.51910148 222.17918124 94.20513708
v 235.24970574 2.41729500 85.63392869
v 233.76739997 229.15478987 87.79832429
v 235.60482409 231.91578325 85.68054932
v 235.24970574 2.41399826 78.56768660
v 235.24970574 233.80759276 78.56768660
v 235.24970574 2.41336249 71.50144451
v 236.00834994 234.77016652 72.20806872
v 235.24970574 2.41346757 64.43520242
v 229.45319661 230.87006410 62.73498406
v 234.76784267 234.48093122 65.50153028
v 235.24970574 2.41323162 57.36896033
v 229.76506348 230.84347974 56.19125331
v 235.42508201 234.65242093 58.54666734
v 235.24970574 2.41422075 50.30271824
v 230.26463264 230.02914213 49.12501122
v 235.49033685 234.78810125 51.48042525
v 235.24970574 2.41944883 43.23647615
v 232.28224362 229.46575220 43.30842394
v 236.26747315 234.61029861 43.78232075
v 235.24970574 2.42769755 36.17023406
v 229.88279476 203.98644825 34.60892868
v 232.14504400 217.03195256 35.81118356
v 233.82384982 226.45391902 36.77183530
v 235.08691594 230.14243021 38.22458577
v 235.24970574 2.43351067 29.10399197
v 228.58033030 194.63696294 28.32498934
v 230.88893191 204.81731936 29.10399197
v 233.34170321 214.90113779 28.81780271
v 235.23268903 224.47429923 30.53666502
v 235.24970574 2.44723010 22.03774988
v 229.04063019 192.04181029 21.33112567
v 232.58668136 203.40324395 22.20326890
v 236.17207250 212.42686006 21.52863224
v 235.60592216 218.93466516 25.68741874
v 235.24970574 2.46777355 14.97150779
v 231.94744568 193.13372745 15.73340979
v 234.93295476 200.25548641 15.29161601
v 236.01747472 205.93760042 17.70890836
v 235.24970574 2.48720090 7.90526570
v 229.51630299 166.29240640 6.24068196
v 231.90078816 179.28680942 7.48490474
v 233.77130928 188.58587833 8.50596618
v 234.57287678 192.90877478 10.53706871
v 235.24970574 2.49483965 0.83902361
v 228.73446050 156.37745177 0.01015125
v 230.77387017 166.81360641 0.83902361
v 233.05629713 177.24086766 0.47856404
v 234.90846479 188.11873414 2.18504797
v 235.24970574 2.52270913 -6.22721848
v 229.47158797 152.77614537 -7.08228749
v 232.64060016 165.26736652 -6.01468389
v 234.91499461 174.73413694 -5.68518232
v 235.22870110 181.41177216 -3.09744179
v 236.51411275 4.58805772 -13.25689309
v 230.34950396 141.63448805 -13.00169119
v 233.44104865 153.50867309 -12.86962460
v 235.08721064 160.45785157 -12.60067536
v 235.35272917 168.13999389 -9.47331118
v 235.24970574 14.87785922 -18.98264121
v 235.24970574 27.46665893 -20.09734855
v 235.24970574 40.13456324 -20.06977974
v 235.24970574 52.80246756 -20.03563376
v 235.24970574 65.47037188 -19.99214544
v 235.24970574 78.13827619 -19.93474804
v 235.24970574 90.80618051 -19.85504714
v 235.24970574 103.47408483 -19.73552388
v 235.24970574 116.14198914 -19.52909360
v 235.24970574 128.80989346 -18.98039266
v 235.35938206 142.38264808 -17.75792752
v 236.58982697 155.61999048 -16.49011316
v 244.10055480 14.85593852 268.01669743
v 241.57174078 4.52805414 262.25808878
v 242.83614779 27.46665893 269.15040894
v 242.83614779 40.13456324 269.13400065
v 242.83614779 52.80246756 269.11474251
v 242.83614779 65.47037188 269.09181826
v 242.83614779 78.13827619 269.06406736
v 242.83614779 90.80618051 269.02977762
v 242.83614779 103.47408483 268.98631323
v 242.83614779 116.14198914 268.92938840
v 242.83614779 128.80989346 268.85151788
v 242.83614779 141.47779777 268.73827794
v 242.83614779 154.14570209 268.55750627
v 242.83614779 166.81360641 268.21708559
v 242.83614779 179.48151072 267.22484879
v 241.57174078 190.46125271 264.75751886
v 242.83614779 194.25702757 261.50529877
v 242.83614779 2.47398724 255.22373886
v 242.83614779 194.63919966 255.22373886
v 242.83614779 2.47411862 248.15749677
v 242.83614779 194.56854764 248.15749677
v 242.83614779 2.47451302 241.09125468
v 242.83614779 194.35662580 241.09125468
v 242.83614779 2.47434351 234.02501258
v 242.83614779 194.44783172 234.02501258
v 242.83614779 2.47391010 226.95877049
v 242.83614779 194.68211358 226.95877049
v 242.83614779 2.47274654 219.89252840
v 242.83614779 195.31098082 219.89252840
v 242.83614779 2.47205666 212.82628631
v 242.83614779 195.68536869 212.82628631
v 242.83614779 2.47189407 205.76004422
v 242.83614779 195.77388054 205.76004422
v 242.83614779 2.47190817 198.69380213
v 242.83614779 195.76641243 198.69380213
v 242.83614779 2.47206271 191.62756004
v 242.83614779 195.68227191 191.62756004
v 242.83614779 2.47243571 184.56131795
v 242.83614779 195.47926992 184.56131795
v 242.83614779 2.47254834 177.49507586
v 242.83614779 195.41805320 177.49507586
v 242.83614779 2.47267318 170.42883377
v 242.83614779 195.35009726 170.42883377
v 242.83614779 2.47288963 163.36259168
v 242.83614779 195.23312647 163.36259168
v 242.83614779 2.47252934 156.29634959
v 242.83614779 195.43507943 156.29634959
v 242.83614779 2.46978404 149.23010750
v 243.59479200 195.82623580 149.93673171
v 242.83614779 2.46312889 142.16386541
v 238.31224437 203.99915648 142.95486326
v 243.92825400 198.46155485 142.43680071
v 242.83614779 2.44214611 135.09762332
v 241.93934950 207.34848159 138.89343029
v 241.35054866 216.41975677 135.75313976
v 242.85878299 219.09619956 133.24931521
v 242.83614779 2.42959843 128.03138123
v 242.83614779 223.25581207 128.03138123
v 242.83614779 2.41960349 120.96513914
v 238.60903833 229.33251025 121.62284976
v 243.64118568 227.75685936 122.24126705
v 242.83614779 2.41256049 113.89889705
v 242.44591242 230.69655075 119.27052978
v 242.29425907 234.97721751 114.16556181
v 242.83614779 2.41137202 106.83265496
v 243.59479200 237.62002457 107.53927917
v 242.83614779 2.41246925 99.76641287
v 236.05766415 219.80693263 98.56719194
v 239.17031091 229.22123769 98.97926180
v 242.61403965 237.29352854 101.10758940
v 242.83614779 2.41265827 92.70017078
v 238.74424447 228.78642643 92.75456151
v 242.96915800 235.39282306 93.20490236
v 242.83614779 2.41188080 85.63392869
v 242.83614779 235.51030672 85.63392869
v 242.83614779 2.41169241 78.56768660
v 242.83614779 235.64690720 78.56768660
v 242.83614779 2.41148314 71.50144451
v 242.83614779 235.81158608 71.50144451
v 242.83614779 2.41138548 64.43520242
v 242.83614779 235.88892496 64.43520242
v 242.83614779 2.41131841 57.36896033
v 242.83614779 235.94232323 57.36896033
v 242.83614779 2.41127574 50.30271824
v 242.83614779 235.97693545 50.30271824
v 242.83614779 2.41190069 43.23647615
v 243.59479200 236.02045423 43.94310036
v 242.83614779 2.41318782 36.17023406
v 237.09954924 230.67978749 34.45163873
v 242.33669335 235.08458184 37.22081024
v 242.83614779 2.41548297 29.10399197
v 238.64804281 228.83317608 27.80833955
v 243.17405099 234.83451867 30.28169898
v 242.83614779 2.42122764 22.03774988
v 237.84446143 219.42872473 22.47340317
v 240.93234569 228.21026722 21.98397081
v 244.03633836 234.49142448 22.91616081
v 242.83614779 2.43998826 14.97150779
v 237.93371935 203.82957057 13.18123021
v 241.26768771 212.32796828 15.30027819
v 242.28631091 219.48002504 17.50785212
v 244.01087077 229.92534694 19.13020571
v 242.83614779 2.44541366 7.90526570
v 236.34133831 194.69707913 6.93528668
v 240.05867085 204.84857788 7.19864149
v 242.46929737 211.66453715 9.08297271
v 242.83614779 2.45198814 0.83902361
v 236.55466007 190.95995564 -0.17036606
v 240.33839808 202.22066227 0.54568919
v 243.84521615 211.04221734 1.22933021
v 242.83614779 2.47177830 -6.22721848
v 236.90143854 179.16525459 -6.84951295
v 240.36474587 191.33321120 -6.49968928
v 242.64456223 200.15456128 -5.60609736
v 243.65334626 205.70757955 -3.33418990
v 244.10055480 4.53866433 -13.26198994
v 237.61255621 167.23223610 -13.17776725
v 240.85209272 178.88413578 -12.88560701
v 242.63198781 186.03158450 -12.63154219
v 243.07428910 193.54031052 -9.54776248
v 242.83614779 14.86431044 -19.01287638
v 242.83614779 27.46665893 -20.14067515
v 242.83614779 40.13456324 -20.12188486
v 242.83614779 52.80246756 -20.09954094
v 242.83614779 65.47037188 -20.07251573
v 242.83614779 78.13827619 -20.03912227
v 242.83614779 90.80618051 -19.99676832
v 242.83614779 103.47408483 -19.94117694
v 242.83614779 116.14198914 -19.86470622
v 242.83614779 128.80989346 -19.75187468
v 242.83614779 141.47779777 -19.56432453
v 242.83614779 154.14570209 -19.14705673
v 242.88117840 167.71845672 -17.90383805
v 244.13887133 180.99545316 -16.57913169
v 251.68699685 14.85598131 268.01661986
v 249.15818283 4.52818653 262.25808338
v 250.42258984 27.46665893 269.15031425
v 250.42258984 40.13456324 269.13388995
v 250.42258984 52.80246756 269.11461124
v 250.42258984 65.47037188 269.09166046
v 250.42258984 78.13827619 269.06387334
v 250.42258984 90.80618051 269.02953348
v 250.42258984 103.47408483 268.98599693
v 250.42258984 116.14198914 268.92896216
v 250.42258984 128.80989346 268.85091096
v 250.42258984 141.47779777 268.73734355
v 250.42258984 154.14570209 268.55586999
v 250.42258984 166.81360641 268.21339569
v 250.42258984 179.48151072 267.20562925
v 249.15818283 190.45609209 264.72654466
v 250.42258984 194.18600707 261.49044260
v 250.42258984 2.47430085 255.22373886
v 250.42258984 194.47042732 255.22373886
v 250.42258984 2.47438969 248.15749677
v 250.42258984 194.42269105 248.15749677
v 250.42258984 2.47418910 241.09125468
v 250.42258984 194.53102187 241.09125468
v 250.42258984 2.47320474 234.02501258
v 250.42258984 195.06280776 234.02501258
v 250.42258984 2.47223813 226.95877049
v 250.42258984 195.58717186 226.95877049
v 250.42258984 2.47193548 219.89252840
v 250.42258984 195.75128896 219.89252840
v 250.42258984 2.47188401 212.82628631
v 250.42258984 195.77918009 212.82628631
v 250.42258984 2.47194001 205.76004422
v 250.42258984 195.74889691 205.76004422
v 250.42258984 2.47216250 198.69380213
v 250.42258984 195.62816086 198.69380213
v 250.42258984 2.47286811 191.62756004
v 250.42258984 195.24447662 191.62756004
v 250.42258984 2.47301812 184.56131795
v 250.42258984 195.16312683 184.56131795
v 250.42258984 2.47310281 177.49507586
v 250.42258984 195.11733560 177.49507586
v 250.42258984 2.47353609 170.42883377
v 250.42258984 194.88332758 170.42883377
v 250.42258984 2.47378400 163.36259168
v 250.42258984 194.74937486 163.36259168
v 250.42258984 2.47348298 156.29634959
v 250.42258984 194.91169994 156.29634959
v 250.42258984 2.47308192 149.23010750
v 250.42258984 195.12942270 149.23010750
v 250.42258984 2.46854649 142.16386541
v 251.18123405 196.06218605 142.87048962
v 250.42258984 2.45482530 135.09762332
v 247.78350389 205.10841962 136.18792105
v 251.44996119 201.52689388 136.42185153
v 244.82539759 214.36987195 135.02755231
v 250.42258984 2.43236537 128.03138123
v 251.01539398 207.85564831 133.77439551
v 249.69563492 216.91656841 131.32869761
v 249.88070113 223.12355904 127.78125179
v 250.42258984 2.42015016 120.96513914
v 252.00056291 228.61996962 120.84398154
v 250.42258984 2.41526362 113.89889705
v 249.10254090 230.60192710 118.21408130
v 250.24199713 232.96537812 112.57983950
v 250.42258984 2.41195757 106.83265496
v 250.85737790 235.55307825 105.69856174
v 250.42258984 2.40835515 99.76641287
v 249.66394564 239.11624148 99.05978866
v 250.42258984 2.40790853 92.70017078
v 250.42258984 238.75137993 92.70017078
v 250.42258984 2.40921064 85.63392869
v 250.42258984 237.66301782 85.63392869
v 250.42258984 2.41017096 78.56768660
v 250.42258984 236.87368196 78.56768660
v 250.42258984 2.41063432 71.50144451
v 250.42258984 236.49595569 71.50144451
v 250.42258984 2.41072656 64.43520242
v 250.42258984 236.42094040 64.43520242
v 250.42258984 2.41093370 57.36896033
v 250.42258984 236.25374665 57.36896033
v 250.42258984 2.41123988 50.30271824
v 250.42258984 236.00649377 50.30271824
v 250.42258984 2.41144891 43.23647615
v 250.42258984 235.83895974 43.23647615
v 250.42258984 2.41240834 36.17023406
v 250.42258984 235.06864549 36.17023406
v 250.42258984 2.41259333 29.10399197
v 250.42258984 234.92043310 29.10399197
v 250.42258984 2.41522814 22.03774988
v 251.18123405 234.81083135 22.74437409
v 250.42258984 2.41804000 14.97150779
v 244.74159706 218.78220949 13.31302564
v 247.72805103 228.78813590 14.33783839
v 250.30868415 234.10903838 16.35465029
v 250.42258984 2.41958562 7.90526570
v 244.92239331 217.51648219 7.19864149
v 248.45818123 227.29842129 7.69829502
v 251.82774575 233.68088924 8.70775818
v 250.42258984 2.42975863 0.83902361
v 247.12300384 218.69938178 1.87418236
v 250.35522915 224.40195143 1.58442341
v 251.47782833 230.40840793 4.33659833
v 250.42258984 2.44347918 -6.22721848
v 245.88191115 203.67559753 -7.80248685
v 248.91145504 211.57691728 -5.70680967
v 250.01021201 218.04570408 -2.22913175
v 251.68699685 4.50434570 -13.26493484
v 245.21907055 192.60769879 -13.20803387
v 248.47288604 202.91953542 -13.54155429
v 250.38572272 210.71196207 -11.85632637
v 250.42258984 14.85517251 -19.03304589
v 250.42258984 27.46665893 -20.16907509
v 250.42258984 40.13456324 -20.15505145
v 250.42258984 52.80246756 -20.13879724
v 250.42258984 65.47037188 -20.11972842
v 250.42258984 78.13827619 -20.09702958
v 250.42258984 90.80618051 -20.06953714
v 250.42258984 103.47408483 -20.03554841
v 250.42258984 116.14198914 -19.99242847
v 250.42258984 128.80989346 -19.93579481
v 250.42258984 141.47779777 -19.85786624
v 250.42258984 154.14570209 -19.74307818
v 250.42258984 166.81360641 -19.55332890
v 250.42258984 179.48151072 -19.14138034
v 250.43935849 193.05426535 -17.89710878
v 251.89685753 206.40280882 -16.47727332
v 259.27343891 14.85598609 268.01651548
v 256.74462489 4.52840223 262.25805951
v 258.00903190 27.46665893 269.15016957
v 258.00903190 40.13456324 269.13372162
v 258.00903190 52.80246756 269.11441314
v 258.00903190 65.47037188 269.09142362
v 258.00903190 78.13827619 269.06358532
v 258.00903190 90.80618051 269.02917555
v 258.00903190 103.47408483 268.98553959
v 258.00903190 116.14198914 268.92835756
v 258.00903190 128.80989346 268.85007471
v 258.00903190 141.47779777 268.73610914
v 258.00903190 154.14570209 268.55386285
v 258.00903190 166.81360641 268.20954055
v 258.00903190 179.48151072 267.19461636
v 256.74462489 190.43306560 264.66103756
v 258.00903190 194.06975309 261.48880006
v 258.00903190 2.47428348 255.22373886
v 258.00903190 194.48003176 255.22373886
v 258.00903190 2.47403758 248.15749677
v 258.00903190 194.61275423 248.15749677
v 258.00903190 2.47305134 241.09125468
v 258.00903190 195.14578045 241.09125468
v 258.00903190 2.47207177 234.02501258
v 258.00903190 195.67738110 234.02501258
v 258.00903190 2.47187255 226.95877049
v 258.00903190 195.78570587 226.95877049
v 258.00903190 2.47187734 219.89252840
v 258.00903190 195.78301583 219.89252840
v 258.00903190 2.47197839 212.82628631
v 258.00903190 195.72803897 212.82628631
v 258.00903190 2.47245911 205.76004422
v 258.00903190 195.46655863 205.76004422
v 258.00903190 2.47317290 198.69380213
v 258.00903190 195.07953398 198.69380213
v 258.00903190 2.47350136 191.62756004
v 258.00903190 194.90143708 191.62756004
v 258.00903190 2.47353345 184.56131795
v 258.00903190 194.88408667 184.56131795
v 258.00903190 2.47372863 177.49507586
v 258.00903190 194.77881840 177.49507586
v 258.00903190 2.47397994 170.42883377
v 258.00903190 194.64348240 170.42883377
v 258.00903190 2.47363891 163.36259168
v 258.00903190 194.82731176 163.36259168
v 258.00903190 2.47348210 156.29634959
v 258.00903190 194.91202411 156.29634959
v 258.00903190 2.47337967 149.23010750
v 258.00903190 194.96715802 149.23010750
v 258.00903190 2.47175338 142.16386541
v 258.00903190 195.87850046 142.16386541
v 258.00903190 2.46192758 135.09762332
v 259.27343891 198.77783889 135.97251591
v 258.00903190 2.43338282 128.03138123
v 258.00903190 206.16814842 132.98912572
v 256.74462489 216.31337342 130.04770537
v 258.00903190 223.19788543 127.15709290
v 258.00903190 2.42024517 120.96513914
v 259.57494526 228.94068712 120.97429056
v 258.00903190 2.41820863 113.89889705
v 255.24930675 230.28406488 114.43590061
v 257.82843919 229.80710040 113.89889705
v 258.00903190 2.41748465 106.83265496
v 255.93927831 230.68024858 108.45381374
v 260.03224862 229.37383954 106.70802490
v 258.00903190 2.41320481 99.76641287
v 257.80695849 231.01420277 104.54699612
v 257.97644910 234.56858747 99.15943314
v 258.00903190 2.41100644 92.70017078
v 257.25038769 236.77739515 91.99354657
v 258.00903190 2.41088399 85.63392869
v 258.00903190 236.30226417 85.63392869
v 258.00903190 2.41099121 78.56768660
v 258.00903190 236.20809033 78.56768660
v 258.00903190 2.41099322 71.50144451
v 258.00903190 236.20585533 71.50144451
v 258.00903190 2.41045851 64.43520242
v 258.00903190 236.64103708 64.43520242
v 258.00903190 2.41176805 57.36896033
v 258.00903190 235.58250109 57.36896033
v 258.00903190 2.41211412 50.30271824
v 258.00903190 235.30372873 50.30271824
v 258.00903190 2.41235788 43.23647615
v 258.00903190 235.10833981 43.23647615
v 258.00903190 2.41257546 36.17023406
v 258.00903190 234.93375246 36.17023406
v 258.00903190 2.41262266 29.10399197
v 258.00903190 234.89631327 29.10399197
v 258.00903190 2.41290102 22.03774988
v 258.00903190 234.67443866 22.03774988
v 258.00903190 2.41317486 14.97150779
v 258.00903190 234.45657898 14.97150779
v 258.00903190 2.41439882 7.90526570
v 258.76767610 234.39285343 8.61188990
v 258.00903190 2.41703941 0.83902361
v 254.29935026 228.52793787 -0.64747428
v 257.78560078 233.81480083 2.14624766
v 258.00903190 2.41997536 -6.22721848
v 252.57311492 218.61939513 -6.54229321
v 256.24256447 227.75060483 -7.02819664
v 259.30322572 233.37954458 -5.39957645
v 259.27343891 4.48858005 -13.26637696
v 254.52460045 217.34856882 -12.72935678
v 258.08552605 223.62063336 -12.47577401
v 259.16684235 230.10622933 -9.61983899
v 258.00903190 14.84989108 -19.04209173
v 258.00903190 27.46665893 -20.18232151
v 258.00903190 40.13456324 -20.17027911
v 258.00903190 52.80246756 -20.15647111
v 258.00903190 65.47037188 -20.14049095
v 258.00903190 78.13827619 -20.12178378
v 258.00903190 90.80618051 -20.09957688
v 258.00903190 103.47408483 -20.07277405
v 258.00903190 116.14198914 -20.03979391
v 258.00903190 128.80989346 -19.99821718
v 258.00903190 141.47779777 -19.94411285
v 258.00903190 154.14570209 -19.87077572
v 258.00903190 166.81360641 -19.76557485
v 258.00903190 179.48151072 -19.60129410
v 258.00903190 192.14941504 -19.30524328
v 258.00903190 204.81731936 -18.56623374
v 258.71360051 217.81880058 -16.24527888
v 266.31149825 16.09986672 267.10090825
v 264.31393930 5.55525126 262.25805684
v 265.55723459 27.46665893 268.00818754
v 265.55406084 40.13456324 267.99471396
v 265.55031311 52.80246756 267.97892094
v 265.54581536 65.47037188 267.96015116
v 265.54031917 78.13827619 267.93747219
v 265.53345075 90.80618051 267.90951631
v 265.52461923 103.47408483 267.87418787
v 265.51283343 116.14198914 267.82810458
v 265.49630146 128.80989346 267.76541812
v 265.47138173 141.47779777 267.67501959
v 265.42930300 154.14570209 267.53270349
v 265.34162451 166.81360641 267.27207180
v 265.01350302 179.48151072 266.57558910
v 263.90640891 190.43047622 264.51637451
v 264.76080876 193.97813843 260.71673555
v 265.56124278 4.52785783 255.22373886
v 264.80248956 194.36356234 254.04603184
v 265.56131754 4.52714857 248.15749677
v 264.84643492 194.74758485 246.97978975
v 265.56140195 4.52650739 241.09125468
v 264.86327558 195.09565414 239.91354766
v 265.56143571 4.52634971 234.02501258
v 264.86311641 195.18132090 232.84730557
v 265.56143571 4.52635260 226.95877049
v 264.86293795 195.17958727 225.78106348
v 265.56143571 4.52640445 219.89252840
v 264.84890447 195.15142029 218.71482139
v 265.56140677 4.52681647 212.82628631
v 264.81203493 194.92719590 211.64857930
v 265.56133442 4.52746570 205.76004422
v 264.77385587 194.57537343 204.58233721
v 265.56126448 4.52788249 198.69380213
v 264.76411997 194.35005975 197.51609512
v 265.56124760 4.52786387 191.62756004
v 264.76699468 194.35998031 190.44985303
v 265.56125242 4.52791597 184.56131795
v 264.76165043 194.33161802 183.38361094
v 265.56124278 4.52801564 177.49507586
v 264.75929664 194.27804659 176.31736885
v 265.56123795 4.52796215 170.42883377
v 264.77083887 194.30686997 169.25112676
v 265.56125725 4.52770971 163.36259168
v 264.78257404 194.44303353 162.18488467
v 265.56127895 4.52765774 156.29634959
v 264.78415126 194.47133743 155.11864258
v 265.56128136 4.52762111 149.23010750
v 264.78626147 194.49093089 148.05240049
v 265.56128378 4.52663802 142.16386541
v 264.92540007 195.03214604 140.98615840
v 265.56165276 4.51577589 135.09762332
v 265.89078908 198.92067964 134.94717617
v 265.56411748 4.48955786 128.03138123
v 265.24412813 205.81553867 132.58985638
v 264.09982203 216.50668641 130.15204815
v 264.74118504 225.35281945 126.46396849
v 265.56648574 4.48253059 120.96513914
v 264.76416724 229.70246115 121.73582327
v 264.41856022 230.08560456 120.04365340
v 265.50464582 230.18993896 120.69656222
v 265.56673896 4.48234170 113.89889705
v 264.79644292 228.33123694 113.75660110
v 266.06464601 228.87821425 118.41352312
v 265.56671002 4.48201199 106.83265496
v 265.91593792 227.25282187 106.12603075
v 265.56670038 4.48085057 99.76641287
v 263.05887894 230.41031915 100.91511793
v 265.56090032 228.79166759 100.28021532
v 265.56686437 4.47876269 92.70017078
v 265.01417973 230.76839921 97.90285810
v 264.39052482 232.82699510 92.13110972
v 265.56717306 4.47703069 85.63392869
v 264.94996288 234.06770190 84.45622167
v 265.56735876 4.47643431 78.56768660
v 264.97663107 234.54098327 77.38997958
v 265.56741182 4.47610435 71.50144451
v 264.98644655 234.80691749 70.32373749
v 265.56743111 4.47611983 64.43520242
v 264.99051020 234.79436930 63.25749540
v 265.56743834 4.47633389 57.36896033
v 264.99223937 234.62114912 56.19125331
v 265.56744317 4.47634433 50.30271824
v 264.99290981 234.61314542 49.12501122
v 265.56744558 4.47635642 43.23647615
v 264.99306898 234.60336782 42.05876913
v 265.56744558 4.47636850 36.17023406
v 264.99297251 234.59365264 34.99252704
v 265.56744558 4.47662434 29.10399197
v 264.90662285 234.39015734 27.92628495
v 265.56729847 4.47810402 22.03774988
v 264.81845479 233.21227260 20.86004286
v 265.56714894 4.47838264 14.97150779
v 264.81501334 232.99089935 13.79380077
v 265.56714412 4.47841359 7.90526570
v 264.81224475 232.96663857 6.72755868
v 265.56713930 4.47843788 0.83902361
v 264.80999708 232.94726660 -0.33868341
v 265.56713689 4.47984079 -6.22721848
v 265.40932911 232.73361476 -6.93384269
v 266.32011078 6.13144998 -12.57099727
v 262.27844003 228.38910308 -13.44855217
v 264.39567303 232.29469432 -11.96081966
v 264.81982461 13.59022567 -18.12718269
v 265.56628075 25.35534154 -19.04130777
v 265.56446958 38.02324586 -19.03225294
v 265.56241726 50.69115017 -19.02194019
v 265.56007071 63.35905449 -19.01009321
v 265.55736723 76.02695881 -18.99636609
v 265.55421760 88.69486312 -18.98024665
v 265.55049881 101.36276744 -18.96105653
v 265.54603964 114.03067176 -18.93780510
v 265.54059651 126.69857607 -18.90908169
v 265.53380285 139.36648039 -18.87265123
v 265.52507745 152.03438470 -18.82491516
v 265.51345805 164.70228902 -18.75959731
v 265.49720101 177.37019334 -18.66460137
v 265.47279255 190.03809765 -18.51310206
v 265.43185213 202.70600197 -18.22921493
v 265.34769467 215.37390629 -17.43536878
v 265.50716360 227.23827547 -15.35482972
v 271.12868714 14.85591625 261.09631988
v 271.73202061 27.46665893 262.25689873
v 271.71711410 40.13456324 262.25436400
v 271.69960783 52.80246756 262.25140794
v 271.67874210 65.47037188 262.24791572
v 271.65342686 78.13827619 262.24372644
v 271.62209209 90.80618051 262.23860769
v 271.58227309 103.47408483 262.23221024
v 271.52995926 116.14198914 262.22398373
v 271.45808199 128.80989346 262.21300713
v 271.35297440 141.47779777 262.19760918
v 271.18371893 154.14570209 262.17439699
v 270.86032430 166.81360641 262.13520386
v 269.88717166 179.48151072 262.05353830
v 267.67725114 189.86054561 262.34612873
v 271.74404517 14.85579129 254.04603184
v 272.96126795 27.46665893 255.22373886
v 272.94369897 40.13456324 255.22373886
v 272.92308647 52.80246756 255.22373886
v 272.89856948 65.47037188 255.22373886
v 272.86889877 78.13827619 255.22373886
v 272.83224146 90.80618051 255.22373886
v 272.78582415 103.47408483 255.22373886
v 272.72507913 116.14198914 255.22373886
v 272.64207203 128.80989346 255.22373886
v 272.52159007 141.47779777 255.22373886
v 272.32985788 154.14570209 255.22373886
v 271.97127465 166.81360641 255.22373886
v 270.95655697 179.48151072 255.22373886
v 268.33725969 190.46814495 256.40144587
v 271.74450338 14.85564896 246.97978975
v 272.96187087 27.46665893 248.15749677
v 272.94440559 40.13456324 248.15749677
v 272.92392091 52.80246756 248.15749677
v 272.89956068 65.47037188 248.15749677
v 272.87011666 78.13827619 248.15749677
v 272.83376564 90.80618051 248.15749677
v 272.78777036 103.47408483 248.15749677
v 272.72767890 116.14198914 248.15749677
v 272.64572570 128.80989346 248.15749677
v 272.52707661 141.47779777 248.15749677
v 272.33907527 154.14570209 248.15749677
v 271.99040157 166.81360641 248.15749677
v 271.03184915 179.48151072 248.15749677
v 268.53710231 190.53574651 249.33520378
v 271.74479520 14.85559069 239.91354766
v 272.96229050 27.46665893 241.09125468
v 272.94489998 40.13456324 241.09125468
v 272.92451418 52.80246756 241.09125468
v 272.90027453 65.47037188 241.09125468
v 272.87097039 78.13827619 241.09125468
v 272.83483883 90.80618051 241.09125468
v 272.78913536 103.47408483 241.09125468
v 272.72947801 116.14198914 241.09125468
v 272.64822178 128.80989346 241.09125468
v 272.53077611 141.47779777 241.09125468
v 272.34514543 154.14570209 241.09125468
v 272.00237548 166.81360641 241.09125468
v 271.07159580 179.48151072 241.09125468
v 268.67230266 190.61298070 242.26896169
v 271.74482896 14.85559119 232.84730557
v 272.96236285 27.46665893 234.02501258
v 272.94498439 40.13456324 234.02501258
v 272.92461547 52.80246756 234.02501258
v 272.90039753 65.47037188 234.02501258
v 272.87111509 78.13827619 234.02501258
v 272.83500523 90.80618051 234.02501258
v 272.78936206 103.47408483 234.02501258
v 272.72977223 116.14198914 234.02501258
v 272.64860764 128.80989346 234.02501258
v 272.53133320 141.47779777 234.02501258
v 272.34602086 154.14570209 234.02501258
v 272.00393101 166.81360641 234.02501258
v 271.07511442 179.48151072 234.02501258
v 268.69138375 190.64466326 235.20271960
v 271.74482896 14.85559182 225.78106348
v 272.96236285 27.46665893 226.95877049
v 272.94498439 40.13456324 226.95877049
v 272.92461305 52.80246756 226.95877049
v 272.90039512 65.47037188 226.95877049
v 272.87111509 78.13827619 226.95877049
v 272.83500282 90.80618051 226.95877049
v 272.78935724 103.47408483 226.95877049
v 272.72976741 116.14198914 226.95877049
v 272.64860041 128.80989346 226.95877049
v 272.53132114 141.47779777 226.95877049
v 272.34598710 154.14570209 226.95877049
v 272.00385384 166.81360641 226.95877049
v 271.07481055 179.48151072 226.95877049
v 268.69068196 190.64435318 228.13647751
v 271.74476626 14.85564065 218.71482139
v 272.96229050 27.46665893 219.89252840
v 272.94489998 40.13456324 219.89252840
v 272.92451176 52.80246756 219.89252840
v 272.90026006 65.47037188 219.89252840
v 272.87096316 78.13827619 219.89252840
v 272.83481471 90.80618051 219.89252840
v 272.78910883 103.47408483 219.89252840
v 272.72941771 116.14198914 219.89252840
v 272.64810119 128.80989346 219.89252840
v 272.53054941 141.47779777 219.89252840
v 272.34461969 154.14570209 219.89252840
v 272.00066803 166.81360641 219.89252840
v 271.05840881 179.48151072 219.89252840
v 268.67606245 190.64400082 221.07023542
v 271.74446480 14.85576196 211.64857930
v 272.96191187 27.46665893 212.82628631
v 272.94446106 40.13456324 212.82628631
v 272.92399085 52.80246756 212.82628631
v 272.89964026 65.47037188 212.82628631
v 272.87019383 78.13827619 212.82628631
v 272.83386210 90.80618051 212.82628631
v 272.78787647 103.47408483 212.82628631
v 272.72777055 116.14198914 212.82628631
v 272.64578358 128.80989346 212.82628631
v 272.52702597 141.47779777 212.82628631
v 272.33861464 154.14570209 212.82628631
v 271.98787897 166.81360641 212.82628631
v 271.00371708 179.48151072 212.82628631
v 268.56714442 190.61741444 214.00399333
v 271.74406928 14.85587900 204.58233721
v 272.96137889 27.46665893 205.76004422
v 272.94384367 40.13456324 205.76004422
v 272.92325529 52.80246756 205.76004422
v 272.89875518 65.47037188 205.76004422
v 272.86911823 78.13827619 205.76004422
v 272.83252363 90.80618051 205.76004422
v 272.78615454 103.47408483 205.76004422
v 272.72548429 116.14198914 205.76004422
v 272.64259295 128.80989346 205.76004422
v 272.52224363 141.47779777 205.76004422
v 272.33059827 154.14570209 205.76004422
v 271.97129877 166.81360641 205.76004422
v 270.93802091 179.48151072 205.76004422
v 268.39465491 190.55156464 206.93775124
v 271.74385706 14.85590757 197.51609512
v 272.96107019 27.46665893 198.69380213
v 272.94347469 40.13456324 198.69380213
v 272.92282842 52.80246756 198.69380213
v 272.89824873 65.47037188 198.69380213
v 272.86849361 78.13827619 198.69380213
v 272.83173742 90.80618051 198.69380213
v 272.78516094 103.47408483 198.69380213
v 272.72416270 116.14198914 198.69380213
v 272.64076491 128.80989346 198.69380213
v 272.51955704 141.47779777 198.69380213
v 272.32620904 154.14570209 198.69380213
v 271.96273254 166.81360641 198.69380213
v 270.91033017 179.48151072 198.69380213
v 268.28008394 190.48826998 199.87150915
v 271.74388841 14.85589939 190.44985303
v 272.96108466 27.46665893 191.62756004
v 272.94349398 40.13456324 191.62756004
v 272.92285013 52.80246756 191.62756004
v 272.89827767 65.47037188 191.62756004
v 272.86853702 78.13827619 191.62756004
v 272.83178566 90.80618051 191.62756004
v 272.78522364 103.47408483 191.62756004
v 272.72425675 116.14198914 191.62756004
v 272.64090720 128.80989346 191.62756004
v 272.51977409 141.47779777 191.62756004
v 272.32660696 154.14570209 191.62756004
v 271.96364897 166.81360641 191.62756004
v 270.91477487 179.48151072 191.62756004
v 268.29387143 190.47284247 192.80526706
v 271.74385465 14.85591449 183.38361094
v 272.96105331 27.46665893 184.56131795
v 272.94346022 40.13456324 184.56131795
v 272.92280431 52.80246756 184.56131795
v 272.89821497 65.47037188 184.56131795
v 272.86846949 78.13827619 184.56131795
v 272.83170366 90.80618051 184.56131795
v 272.78511029 103.47408483 184.56131795
v 272.72410482 116.14198914 184.56131795
v 272.64068533 128.80989346 184.56131795
v 272.51943163 141.47779777 184.56131795
v 272.32599922 154.14570209 184.56131795
v 271.96226950 166.81360641 184.56131795
v 270.90773522 179.48151072 184.56131795
v 268.28125118 190.47720373 185.73902497
v 271.74381606 14.85592116 176.31736885
v 272.96100267 27.46665893 177.49507586
v 272.94339510 40.13456324 177.49507586
v 272.92273437 52.80246756 177.49507586
v 272.89813780 65.47037188 177.49507586
v 272.86836097 78.13827619 177.49507586
v 272.83157102 90.80618051 177.49507586
v 272.78494871 103.47408483 177.49507586
v 272.72389500 116.14198914 177.49507586
v 272.64038628 128.80989346 177.49507586
v 272.51898789 141.47779777 177.49507586
v 272.32526849 154.14570209 177.49507586
v 271.96079838 166.81360641 177.49507586
v 270.90248503 179.48151072 177.49507586
v 268.26197474 190.46904097 178.67278288
v 271.74385223 14.85588793 169.25112676
v 272.96104125 27.46665893 170.42883377
v 272.94344092 40.13456324 170.42883377
v 272.92278742 52.80246756 170.42883377
v 272.89820532 65.47037188 170.42883377
v 272.86845744 78.13827619 170.42883377
v 272.83169160 90.80618051 170.42883377
v 272.78510306 103.47408483 170.42883377
v 272.72410241 116.14198914 170.42883377
v 272.64069497 128.80989346 170.42883377
v 272.51946540 141.47779777 170.42883377
v 272.32615116 154.14570209 170.42883377
v 271.96295441 166.81360641 170.42883377
v 270.91541879 179.48151072 170.42883377
v 268.27224120 190.46546497 171.60654079
v 271.74399452 14.85585421 162.18488467
v 272.96122213 27.46665893 163.36259168
v 272.94365797 40.13456324 163.36259168
v 272.92304306 52.80246756 163.36259168
v 272.89850196 65.47037188 163.36259168
v 272.86881677 78.13827619 163.36259168
v 272.83214982 90.80618051 163.36259168
v 272.78569874 103.47408483 163.36259168
v 272.72488620 116.14198914 163.36259168
v 272.64178987 128.80989346 163.36259168
v 272.52111980 141.47779777 163.36259168
v 272.32891010 154.14570209 163.36259168
v 271.96863629 166.81360641 163.36259168
v 270.93747346 179.48151072 163.36259168
v 268.34192385 190.48336507 164.54029870
v 271.74403311 14.85584955 155.11864258
v 272.96128724 27.46665893 156.29634959
v 272.94373032 40.13456324 156.29634959
v 272.92312747 52.80246756 156.29634959
v 272.89859842 65.47037188 156.29634959
v 272.86892530 78.13827619 156.29634959
v 272.83228005 90.80618051 156.29634959
v 272.78586515 103.47408483 156.29634959
v 272.72511289 116.14198914 156.29634959
v 272.64210097 128.80989346 156.29634959
v 272.52157319 141.47779777 156.29634959
v 272.32964807 154.14570209 156.29634959
v 271.97004712 166.81360641 156.29634959
v 270.94190851 179.48151072 156.29634959
v 268.35909008 190.50160344 157.47405661
v 271.74404276 14.85584326 148.05240049
v 272.96131377 27.46665893 149.23010750
v 272.94375926 40.13456324 149.23010750
v 272.92315882 52.80246756 149.23010750
v 272.89864666 65.47037188 149.23010750
v 272.86898077 78.13827619 149.23010750
v 272.83234034 90.80618051 149.23010750
v 272.78594473 103.47408483 149.23010750
v 272.72521901 116.14198914 149.23010750
v 272.64224326 128.80989346 149.23010750
v 272.52178301 141.47779777 149.23010750
v 272.33001223 154.14570209 149.23010750
v 271.97082367 166.81360641 149.23010750
v 270.94523902 179.48151072 149.23010750
v 268.36713540 190.50412636 150.40781452
v 271.74484825 14.85522687 140.98615840
v 272.96224709 27.46665893 142.16386541
v 272.94485175 40.13456324 142.16386541
v 272.92445147 52.80246756 142.16386541
v 272.90020459 65.47037188 142.16386541
v 272.87090769 78.13827619 142.16386541
v 272.83477130 90.80618051 142.16386541
v 272.78908954 103.47408483 142.16386541
v 272.72946354 116.14198914 142.16386541
v 272.64828689 128.80989346 142.16386541
v 272.53111374 141.47779777 142.16386541
v 272.34637297 154.14570209 142.16386541
v 272.00743033 166.81360641 142.16386541
v 271.11113504 179.48151072 142.16386541
v 268.51300254 190.50751510 143.34157243
v 271.75195784 14.85111239 133.91991631
v 272.97076991 27.46665893 135.09762332
v 272.95471787 40.13456324 135.09762332
v 272.93602988 52.80246756 135.09762332
v 272.91396073 65.47037188 135.09762332
v 272.88753612 78.13827619 135.09762332
v 272.85527286 90.80618051 135.09762332
v 272.81502459 103.47408483 135.09762332
v 272.76332814 116.14198914 135.09762332
v 272.69444616 128.80989346 135.09762332
v 272.59790962 141.47779777 135.09762332
v 272.45228365 154.14570209 135.09762332
v 272.20466112 166.81360641 135.09762332
v 271.66564435 179.48151072 135.09762332
v 269.74050591 191.93883190 135.60235490
v 271.76787483 14.84716126 126.85367422
v 272.99137276 27.46665893 128.03138123
v 272.97839077 40.13456324 128.03138123
v 272.96351803 52.80246756 128.03138123
v 272.94629875 65.47037188 128.03138123
v 272.92610346 78.13827619 128.03138123
v 272.90210016 90.80618051 128.03138123
v 272.87309507 103.47408483 128.03138123
v 272.83730114 116.14198914 128.03138123
v 272.79198836 128.80989346 128.03138123
v 272.73269758 141.47779777 128.03138123
v 272.65154988 154.14570209 128.03138123
v 272.53299725 166.81360641 128.03138123
v 272.34009058 179.48151072 128.03138123
v 271.94150024 192.14941504 128.03138123
v 270.63971656 204.40481346 128.42865056
v 268.97634126 217.15303292 127.50562623
v 271.77186372 14.84673628 119.78743213
v 272.99826048 27.46665893 120.96513914
v 272.98624798 40.13456324 120.96513914
v 272.97256901 52.80246756 120.96513914
v 272.95683290 65.47037188 120.96513914
v 272.93853801 78.13827619 120.96513914
v 272.91698496 90.80618051 120.96513914
v 272.89123320 103.47408483 120.96513914
v 272.85992979 116.14198914 120.96513914
v 272.82102240 128.80989346 120.96513914
v 272.77135175 141.47779777 120.96513914
v 272.70571105 154.14570209 120.96513914
v 272.61480092 166.81360641 120.96513914
v 272.48022037 179.48151072 120.96513914
v 272.25916957 192.14941504 120.96513914
v 271.81892495 204.81731936 120.96513914
v 270.60085471 216.21843324 121.67176335
v 266.77015186 227.15910084 121.31639819
v 271.77198672 14.84678322 112.72119004
v 272.99866323 27.46665893 113.89889705
v 272.98670619 40.13456324 113.89889705
v 272.97309476 52.80246756 113.89889705
v 272.95744064 65.47037188 113.89889705
v 272.93923980 78.13827619 113.89889705
v 272.91781457 90.80618051 113.89889705
v 272.89221716 103.47408483 113.89889705
v 272.86110668 116.14198914 113.89889705
v 272.82248628 128.80989346 113.89889705
v 272.77322079 141.47779777 113.89889705
v 272.70817095 154.14570209 113.89889705
v 272.61816279 166.81360641 113.89889705
v 272.48510399 179.48151072 113.89889705
v 272.26685072 192.14941504 113.89889705
v 271.83234587 204.81731936 113.89889705
v 269.99142793 218.37901291 115.25046784
v 271.77188784 14.84680084 105.65494794
v 272.99850888 27.46665893 106.83265496
v 272.98654220 40.13456324 106.83265496
v 272.97290906 52.80246756 106.83265496
v 272.95722841 65.47037188 106.83265496
v 272.93898417 78.13827619 106.83265496
v 272.91751311 90.80618051 106.83265496
v 272.89186506 103.47408483 106.83265496
v 272.86067740 116.14198914 106.83265496
v 272.82194365 128.80989346 106.83265496
v 272.77251899 141.47779777 106.83265496
v 272.70722316 154.14570209 106.83265496
v 272.61683396 166.81360641 106.83265496
v 272.48308061 179.48151072 106.83265496
v 272.26342134 192.14941504 106.83265496
v 271.82501682 204.81731936 106.83265496
v 270.24733694 217.44255540 108.01036197
v 271.77223753 14.84652789 98.58870585
v 272.99890198 27.46665893 99.76641287
v 272.98698595 40.13456324 99.76641287
v 272.97341551 52.80246756 99.76641287
v 272.95781203 65.47037188 99.76641287
v 272.93966426 78.13827619 99.76641287
v 272.91831620 90.80618051 99.76641287
v 272.89284660 103.47408483 99.76641287
v 272.86189047 116.14198914 99.76641287
v 272.82348953 128.80989346 99.76641287
v 272.77455926 141.47779777 99.76641287
v 272.71002310 154.14570209 99.76641287
v 272.62091932 166.81360641 99.76641287
v 272.48961863 179.48151072 99.76641287
v 272.27560266 192.14941504 99.76641287
v 271.85623341 204.81731936 99.76641287
v 270.15174095 218.34190681 100.27114445
v 271.77370382 14.84601230 91.52246376
v 273.00071555 27.46665893 92.70017078
v 272.98904310 40.13456324 92.70017078
v 272.97576447 52.80246756 92.70017078
v 272.96052516 65.47037188 92.70017078
v 272.94284042 78.13827619 92.70017078
v 272.92207839 90.80618051 92.70017078
v 272.89735883 103.47408483 92.70017078
v 272.86743007 116.14198914 92.70017078
v 272.83044477 128.80989346 92.70017078
v 272.78354995 141.47779777 92.70017078
v 272.72209349 154.14570209 92.70017078
v 272.63801802 166.81360641 92.70017078
v 272.51574661 179.48151072 92.70017078
v 272.32072973 192.14941504 92.70017078
v 271.95514544 204.81731936 92.70017078
v 270.92352921 217.48522367 92.70017078
v 267.96503126 228.19632931 93.80282674
v 271.77499406 14.84570272 84.45622167
v 273.00248089 27.46665893 85.63392869
v 272.99103996 40.13456324 85.63392869
v 272.97804108 52.80246756 85.63392869
v 272.96314181 65.47037188 85.63392869
v 272.94589117 78.13827619 85.63392869
v 272.92568866 90.80618051 85.63392869
v 272.90168536 103.47408483 85.63392869
v 272.87269232 116.14198914 85.63392869
v 272.83699727 128.80989346 85.63392869
v 272.79194254 141.47779777 85.63392869
v 272.73323538 154.14570209 85.63392869
v 272.65351297 166.81360641 85.63392869
v 272.53884554 179.48151072 85.63392869
v 272.35897874 192.14941504 85.63392869
v 272.03204620 204.81731936 85.63392869
v 271.19369357 217.48522367 85.63392869
v 268.86583636 228.59860830 86.81163570
v 271.77544505 14.84561627 77.38997958
v 273.00316098 27.46665893 78.56768660
v 272.99181651 40.13456324 78.56768660
v 272.97891893 52.80246756 78.56768660
v 272.96415713 65.47037188 78.56768660
v 272.94706807 78.13827619 78.56768660
v 272.92706813 90.80618051 78.56768660
v 272.90333493 103.47408483 78.56768660
v 272.87470606 116.14198914 78.56768660
v 272.83948610 128.80989346 78.56768660
v 272.79509941 141.47779777 78.56768660
v 272.73739309 154.14570209 78.56768660
v 272.65922862 166.81360641 78.56768660
v 272.54721643 179.48151072 78.56768660
v 272.37247442 192.14941504 78.56768660
v 272.05779313 204.81731936 78.56768660
v 271.26915216 217.48522367 78.56768660
v 269.11990527 228.84342283 79.74539361
v 271.77559939 14.84558229 70.32373749
v 273.00338768 27.46665893 71.50144451
v 272.99206250 40.13456324 71.50144451
v 272.97921074 52.80246756 71.50144451
v 272.96448994 65.47037188 71.50144451
v 272.94745876 78.13827619 71.50144451
v 272.92752393 90.80618051 71.50144451
v 272.90387032 103.47408483 71.50144451
v 272.87534997 116.14198914 71.50144451
v 272.84028919 128.80989346 71.50144451
v 272.79612437 141.47779777 71.50144451
v 272.73873398 154.14570209 71.50144451
v 272.66108319 166.81360641 71.50144451
v 272.54992473 179.48151072 71.50144451
v 272.37684918 192.14941504 71.50144451
v 272.06613991 204.81731936 71.50144451
v 271.29375838 217.48522367 71.50144451
v 269.18943116 228.91255868 72.67915152
v 271.77565486 14.84556782 63.25749540
v 273.00348173 27.46665893 64.43520242
v 272.99216379 40.13456324 64.43520242
v 272.97933132 52.80246756 64.43520242
v 272.96462499 65.47037188 64.43520242
v 272.94761793 78.13827619 64.43520242
v 272.92770240 90.80618051 64.43520242
v 272.90409220 103.47408483 64.43520242
v 272.87562490 116.14198914 64.43520242
v 272.84061476 128.80989346 64.43520242
v 272.79654159 141.47779777 64.43520242
v 272.73928384 154.14570209 64.43520242
v 272.66184527 166.81360641 64.43520242
v 272.55102927 179.48151072 64.43520242
v 272.37863622 192.14941504 64.43520242
v 272.06954035 204.81731936 64.43520242
v 271.30374026 217.48522367 64.43520242
v 269.21664197 228.93985784 65.61290943
v 271.77567898 14.84556165 56.19125331
v 273.00351550 27.46665893 57.36896033
v 272.99221444 40.13456324 57.36896033
v 272.97937714 52.80246756 57.36896033
v 272.96468528 65.47037188 57.36896033
v 272.94768545 78.13827619 57.36896033
v 272.92778681 90.80618051 57.36896033
v 272.90418625 103.47408483 57.36896033
v 272.87573584 116.14198914 57.36896033
v 272.84076429 128.80989346 57.36896033
v 272.79671523 141.47779777 57.36896033
v 272.73952500 154.14570209 57.36896033
v 272.66216844 166.81360641 57.36896033
v 272.55150437 179.48151072 57.36896033
v 272.37939107 192.14941504 57.36896033
v 272.07098977 204.81731936 57.36896033
v 271.30799926 217.48522367 57.36896033
v 269.22815285 228.95146169 58.54666734
v 271.77569586 14.84555926 49.12501122
v 273.00352514 27.46665893 50.30271824
v 272.99222649 40.13456324 50.30271824
v 272.97940126 52.80246756 50.30271824
v 272.96471181 65.47037188 50.30271824
v 272.94771439 78.13827619 50.30271824
v 272.92781816 90.80618051 50.30271824
v 272.90422243 103.47408483 50.30271824
v 272.87578649 116.14198914 50.30271824
v 272.84082699 128.80989346 50.30271824
v 272.79679963 141.47779777 50.30271824
v 272.73962388 154.14570209 50.30271824
v 272.66230108 166.81360641 50.30271824
v 272.55169730 179.48151072 50.30271824
v 272.37970700 192.14941504 50.30271824
v 272.07158545 204.81731936 50.30271824
v 271.30972360 217.48522367 50.30271824
v 269.23293277 228.95645318 51.48042525
v 271.77569827 14.84555863 42.05876913
v 273.00352997 27.46665893 43.23647615
v 272.99224096 40.13456324 43.23647615
v 272.97940608 52.80246756 43.23647615
v 272.96471663 65.47037188 43.23647615
v 272.94771922 78.13827619 43.23647615
v 272.92782298 90.80618051 43.23647615
v 272.90422725 103.47408483 43.23647615
v 272.87579372 116.14198914 43.23647615
v 272.84083905 128.80989346 43.23647615
v 272.79682857 141.47779777 43.23647615
v 272.73965764 154.14570209 43.23647615
v 272.66235172 166.81360641 43.23647615
v 272.55176241 179.48151072 43.23647615
v 272.37980829 192.14941504 43.23647615
v 272.07178079 204.81731936 43.23647615
v 271.31024693 217.48522367 43.23647615
v 269.23455582 228.95840024 44.41418316
v 271.77569827 14.84555901 34.99252704
v 273.00352756 27.46665893 36.17023406
v 272.99224096 40.13456324 36.17023406
v 272.97940849 52.80246756 36.17023406
v 272.96471663 65.47037188 36.17023406
v 272.94771922 78.13827619 36.17023406
v 272.92782298 90.80618051 36.17023406
v 272.90422725 103.47408483 36.17023406
v 272.87579372 116.14198914 36.17023406
v 272.84083664 128.80989346 36.17023406
v 272.79682616 141.47779777 36.17023406
v 272.73965764 154.14570209 36.17023406
v 272.66234208 166.81360641 36.17023406
v 272.55176483 179.48151072 36.17023406
v 272.37980829 192.14941504 36.17023406
v 272.07177356 204.81731936 36.17023406
v 271.31017940 217.48522367 36.17023406
v 269.23463299 228.95886335 37.34794107
v 271.77538717 14.84580415 27.92628495
v 273.00317545 27.46665893 29.10399197
v 272.99182857 40.13456324 29.10399197
v 272.97894787 52.80246756 29.10399197
v 272.96418607 65.47037188 29.10399197
v 272.94709942 78.13827619 29.10399197
v 272.92708742 90.80618051 29.10399197
v 272.90333976 103.47408483 29.10399197
v 272.87470124 116.14198914 29.10399197
v 272.83945958 128.80989346 29.10399197
v 272.79502465 141.47779777 29.10399197
v 272.73722186 154.14570209 29.10399197
v 272.65887651 166.81360641 29.10399197
v 272.54638440 179.48151072 29.10399197
v 272.37031115 192.14941504 29.10399197
v 272.05019880 204.81731936 29.10399197
v 271.20837338 217.48522367 29.10399197
v 269.14780100 228.95858146 30.28169898
v 271.77433568 14.84605320 20.86004286
v 273.00185386 27.46665893 22.03774988
v 272.99032851 40.13456324 22.03774988
v 272.97723317 52.80246756 22.03774988
v 272.96220609 65.47037188 22.03774988
v 272.94480110 78.13827619 22.03774988
v 272.92437912 90.80618051 22.03774988
v 272.90010089 103.47408483 22.03774988
v 272.87075575 116.14198914 22.03774988
v 272.83454701 128.80989346 22.03774988
v 272.78875191 141.47779777 22.03774988
v 272.72890885 154.14570209 22.03774988
v 272.64731982 166.81360641 22.03774988
v 272.52924711 179.48151072 22.03774988
v 272.34208020 192.14941504 22.03774988
v 271.99416135 204.81731936 22.03774988
v 271.02173462 217.48522367 22.03774988
v 268.61290094 228.76345833 23.21545689
v 271.77416686 14.84606088 13.79380077
v 273.00151864 27.46665893 14.97150779
v 272.98995229 40.13456324 14.97150779
v 272.97679425 52.80246756 14.97150779
v 272.96171411 65.47037188 14.97150779
v 272.94422471 78.13827619 14.97150779
v 272.92370868 90.80618051 14.97150779
v 272.89929781 103.47408483 14.97150779
v 272.86979350 116.14198914 14.97150779
v 272.83335806 128.80989346 14.97150779
v 272.78723979 141.47779777 14.97150779
v 272.72693852 154.14570209 14.97150779
v 272.64465010 166.81360641 14.97150779
v 272.52539809 179.48151072 14.97150779
v 272.33608239 192.14941504 14.97150779
v 271.98334986 204.81731936 14.97150779
v 270.99470227 217.48522367 14.97150779
v 268.49802851 228.56526057 16.14921480
v 271.77414275 14.84606692 6.72755868
v 273.00148970 27.46665893 7.90526570
v 272.98992335 40.13456324 7.90526570
v 272.97676049 52.80246756 7.90526570
v 272.96166588 65.47037188 7.90526570
v 272.94417166 78.13827619 7.90526570
v 272.92365080 90.80618051 7.90526570
v 272.89923510 103.47408483 7.90526570
v 272.86971150 116.14198914 7.90526570
v 272.83326401 128.80989346 7.90526570
v 272.78711680 141.47779777 7.90526570
v 272.72677453 154.14570209 7.90526570
v 272.64441135 166.81360641 7.90526570
v 272.52503393 179.48151072 7.90526570
v 272.33546501 192.14941504 7.90526570
v 271.98209097 204.81731936 7.90526570
v 270.98985000 217.48522367 7.90526570
v 268.48516710 228.55927038 9.08297271
v 271.77412345 14.84607183 -0.33868341
v 273.00146317 27.46665893 0.83902361
v 272.98989441 40.13456324 0.83902361
v 272.97673155 52.80246756 0.83902361
v 272.96163452 65.47037188 0.83902361
v 272.94413548 78.13827619 0.83902361
v 272.92360016 90.80618051 0.83902361
v 272.89917964 103.47408483 0.83902361
v 272.86964639 116.14198914 0.83902361
v 272.83317719 128.80989346 0.83902361
v 272.78700586 141.47779777 0.83902361
v 272.72663224 154.14570209 0.83902361
v 272.64421359 166.81360641 0.83902361
v 272.52474935 179.48151072 0.83902361
v 272.33497303 192.14941504 0.83902361
v 271.98108048 204.81731936 0.83902361
v 270.98593587 217.48522367 0.83902361
v 268.47478247 228.55449232 2.01673062
v 271.77411622 14.84607585 -7.40492550
v 273.00145352 27.46665893 -6.22721848
v 272.98987271 40.13456324 -6.22721848
v 272.97670502 52.80246756 -6.22721848
v 272.96160558 65.47037188 -6.22721848
v 272.94410654 78.13827619 -6.22721848
v 272.92356880 90.80618051 -6.22721848
v 272.89914105 103.47408483 -6.22721848
v 272.86959092 116.14198914 -6.22721848
v 272.83310243 128.80989346 -6.22721848
v 272.78691663 141.47779777 -6.22721848
v 272.72651648 154.14570209 -6.22721848
v 272.64405683 166.81360641 -6.22721848
v 272.52451060 179.48151072 -6.22721848
v 272.33457510 192.14941504 -6.22721848
v 271.98026293 204.81731936 -6.22721848
v 270.98272112 217.48522367 -6.22721848
v 268.46630547 228.55063242 -5.04951147
v 270.78592878 16.09393885 -13.96745506
v 271.76803400 27.46665893 -13.26458217
v 271.75851757 40.13456324 -13.26267057
v 271.74769402 52.80246756 -13.26048492
v 271.73528359 65.47037188 -13.25796682
v 271.72093177 78.13827619 -13.25503316
v 271.70411282 90.80618051 -13.25156937
v 271.68414182 103.47408483 -13.24741596
v 271.66002035 116.14198914 -13.24234607
v 271.63033034 128.80989346 -13.23601825
v 271.59285307 141.47779777 -13.22789114
v 271.54405061 154.14570209 -13.21706848
v 271.47781906 166.81360641 -13.20192618
v 271.38261858 179.48151072 -13.17919140
v 271.23352945 192.14941504 -13.14105825
v 270.96310705 204.81731936 -13.06267144
v 270.26346133 217.48522367 -12.78397102
v 268.22187117 228.54747927 -11.74869501
vt 0.00593671 0.02395086
vt 0.02795786 0.00594951
vt 0.02150950 0.02635461
vt 0.00397049 0.02395637
vt 0.02393516 0.00398294
vt 0.00400039 0.02396259
vt 0.02394067 0.00401247
vt 0.00403430 0.02396967
vt 0.02394689 0.00404594
vt 0.00407311 0.02397779
vt 0.02395397 0.00408420
vt 0.00411796 0.02398721
vt 0.02396209 0.00412835
vt 0.00417036 0.02399825
vt 0.02397151 0.00417988
vt 0.00423243 0.02401139
vt 0.02398255 0.00424080
vt 0.00430712 0.02402729
vt 0.02399569 0.00431395
vt 0.00439872 0.02404691
vt 0.02401159 0.00440345
vt 0.00451378 0.02407175
vt 0.02403121 0.00451548
vt 0.00466269 0.02410422
vt 0.02405605 0.00465983
vt 0.00486319 0.02414850
vt 0.02408852 0.00485298
vt 0.00514833 0.02421258
vt 0.02413280 0.00512508
vt 0.00558813 0.02431384
vt 0.02419687 0.00553814
vt 0.00636638 0.02449942
vt 0.02429813 0.00624554
vt 0.00825410 0.02496581
vt 0.02448371 0.00778609
vt 0.01280057 0.02717139
vt 0.02272953 0.01234922
vt 0.02715562 0.02306266
vt 0.00395247 0.04827827
vt 0.02393436 0.04827827
vt 0.00000000 0.04827827
vt 0.00003642 0.04827827
vt 0.00007779 0.04827827
vt 0.00012518 0.04827827
vt 0.00018001 0.04827827
vt 0.00024419 0.04827827
vt 0.00032034 0.04827827
vt 0.00041219 0.04827827
vt 0.00052516 0.04827827
vt 0.00066754 0.04827827
vt 0.00085266 0.04827827
vt 0.00110345 0.04827827
vt 0.00146322 0.04827827
vt 0.00202566 0.04827827
vt 0.00304539 0.04827827
vt 0.00568580 0.04827827
vt 0.01237665 0.04827827
vt 0.02560360 0.04420847
vt 0.00395550 0.07269711
vt 0.02393507 0.07269711
vt 0.00000439 0.07269711
vt 0.00004138 0.07269711
vt 0.00008344 0.07269711
vt 0.00013168 0.07269711
vt 0.00018758 0.07269711
vt 0.00025310 0.07269711
vt 0.00033100 0.07269711
vt 0.00042516 0.07269711
vt 0.00054128 0.07269711
vt 0.00068815 0.07269711
vt 0.00087996 0.07269711
vt 0.00114139 0.07269711
vt 0.00151976 0.07269711
vt 0.00211985 0.07269711
vt 0.00324010 0.07269711
vt 0.00651196 0.07269711
vt 0.01372954 0.07269711
vt 0.02599219 0.06862731
vt 0.00396696 0.09711595
vt 0.02393905 0.09711595
vt 0.00001805 0.09711595
vt 0.00005696 0.09711595
vt 0.00010136 0.09711595
vt 0.00015252 0.09711595
vt 0.00021210 0.09711595
vt 0.00028240 0.09711595
vt 0.00036663 0.09711595
vt 0.00046943 0.09711595
vt 0.00059784 0.09711595
vt 0.00076301 0.09711595
vt 0.00098396 0.09711595
vt 0.00129643 0.09711595
vt 0.00177871 0.09711595
vt 0.00266216 0.09711595
vt 0.00363116 0.09467407
vt 0.00895607 0.09871252
vt 0.01723504 0.09509034
vt 0.02655559 0.09119277
vt 0.00399259 0.12153479
vt 0.02394281 0.12153479
vt 0.00005104 0.12153479
vt 0.00009454 0.12153479
vt 0.00014458 0.12153479
vt 0.00020273 0.12153479
vt 0.00027118 0.12153479
vt 0.00035292 0.12153479
vt 0.00045229 0.12153479
vt 0.00057572 0.12153479
vt 0.00073330 0.12153479
vt 0.00094168 0.12153479
vt 0.00123081 0.12153479
vt 0.00166079 0.12153479
vt 0.00237538 0.12153479
vt 0.00385421 0.12153479
vt 0.00846150 0.11979058
vt 0.02279050 0.12132810
vt 0.02741640 0.11373036
vt 0.02820343 0.10066415
vt 0.00400564 0.14595363
vt 0.02394651 0.14595363
vt 0.00006967 0.14595363
vt 0.00011592 0.14595363
vt 0.00016936 0.14595363
vt 0.00023180 0.14595363
vt 0.00030577 0.14595363
vt 0.00039481 0.14595363
vt 0.00050409 0.14595363
vt 0.00064151 0.14595363
vt 0.00081982 0.14595363
vt 0.00106105 0.14595363
vt 0.00140753 0.14595363
vt 0.00195503 0.14595363
vt 0.00300453 0.14595363
vt 0.00430761 0.14351174
vt 0.01048943 0.14728954
vt 0.02514663 0.14140747
vt 0.00403039 0.17037247
vt 0.02395005 0.17037247
vt 0.00010167 0.17037247
vt 0.00015280 0.17037247
vt 0.00021232 0.17037247
vt 0.00028250 0.17037247
vt 0.00036650 0.17037247
vt 0.00046889 0.17037247
vt 0.00059649 0.17037247
vt 0.00076005 0.17037247
vt 0.00097750 0.17037247
vt 0.00128138 0.17037247
vt 0.00173808 0.17037247
vt 0.00251038 0.17037247
vt 0.00417084 0.17037247
vt 0.00915175 0.16862826
vt 0.02305447 0.16980086
vt 0.02859422 0.16098405
vt 0.00403541 0.19479130
vt 0.02395041 0.19479130
vt 0.00011095 0.19479130
vt 0.00016346 0.19479130
vt 0.00022471 0.19479130
vt 0.00029708 0.19479130
vt 0.00038391 0.19479130
vt 0.00049005 0.19479130
vt 0.00062276 0.19479130
vt 0.00079354 0.19479130
vt 0.00102174 0.19479130
vt 0.00134266 0.19479130
vt 0.00182897 0.19479130
vt 0.00266115 0.19479130
vt 0.00448816 0.19479130
vt 0.01007650 0.19479130
vt 0.02526771 0.19072150
vt 0.00404180 0.21921015
vt 0.02395287 0.21921015
vt 0.00011870 0.21921015
vt 0.00017251 0.21921015
vt 0.00023542 0.21921015
vt 0.00030995 0.21921015
vt 0.00039967 0.21921015
vt 0.00050978 0.21921015
vt 0.00064823 0.21921015
vt 0.00082770 0.21921015
vt 0.00107001 0.21921015
vt 0.00141629 0.21921015
vt 0.00195609 0.21921015
vt 0.00294054 0.21921015
vt 0.00583948 0.21921015
vt 0.01141620 0.21921015
vt 0.02533539 0.21514034
vt 0.00406689 0.24362898
vt 0.02395915 0.24362898
vt 0.00015022 0.24362898
vt 0.00020939 0.24362898
vt 0.00027916 0.24362898
vt 0.00036268 0.24362898
vt 0.00046451 0.24362898
vt 0.00059150 0.24362898
vt 0.00075451 0.24362898
vt 0.00097186 0.24362898
vt 0.00127752 0.24362898
vt 0.00174390 0.24362898
vt 0.00257010 0.24362898
vt 0.00491513 0.24362898
vt 0.00821567 0.24118710
vt 0.01860466 0.24370643
vt 0.02644313 0.23761463
vt 0.00410311 0.26804781
vt 0.02396559 0.26804781
vt 0.00019866 0.26804781
vt 0.00026638 0.26804781
vt 0.00034719 0.26804781
vt 0.00044534 0.26804781
vt 0.00056712 0.26804781
vt 0.00072238 0.26804781
vt 0.00092743 0.26804781
vt 0.00121153 0.26804781
vt 0.00163376 0.26804781
vt 0.00233776 0.26804781
vt 0.00383971 0.26804781
vt 0.00684804 0.26560593
vt 0.01734870 0.26673973
vt 0.02565461 0.26362142
vt 0.02974881 0.24849163
vt 0.00414541 0.29246667
vt 0.02397753 0.29246667
vt 0.00025525 0.29246667
vt 0.00033431 0.29246667
vt 0.00043032 0.29246667
vt 0.00054954 0.29246667
vt 0.00070187 0.29246667
vt 0.00090412 0.29246667
vt 0.00118789 0.29246667
vt 0.00162351 0.29246667
vt 0.00243096 0.29246667
vt 0.00308937 0.29002479
vt 0.00740449 0.29403734
vt 0.01234513 0.28936028
vt 0.02447619 0.28870958
vt 0.02962200 0.27494207
vt 0.00423410 0.31688550
vt 0.02399510 0.31688550
vt 0.00037367 0.31688550
vt 0.00047876 0.31688550
vt 0.00061063 0.31688550
vt 0.00078134 0.31688550
vt 0.00101186 0.31688550
vt 0.00134275 0.31688550
vt 0.00186738 0.31688550
vt 0.00289442 0.31688550
vt 0.00400771 0.31444362
vt 0.00943827 0.31647530
vt 0.02570774 0.31830838
vt 0.02587611 0.30994663
vt 0.02730957 0.29953024
vt 0.00430269 0.34130433
vt 0.02400358 0.34130433
vt 0.00047483 0.34130433
vt 0.00060407 0.34130433
vt 0.00077003 0.34130433
vt 0.00099126 0.34130433
vt 0.00130159 0.34130433
vt 0.00177068 0.34130433
vt 0.00257234 0.34130433
vt 0.00434208 0.34130433
vt 0.00942046 0.33956012
vt 0.02413526 0.34279230
vt 0.02575036 0.33313894
vt 0.00431515 0.36572316
vt 0.02400460 0.36572316
vt 0.00049860 0.36572316
vt 0.00063361 0.36572316
vt 0.00080777 0.36572316
vt 0.00104123 0.36572316
vt 0.00137106 0.36572316
vt 0.00187439 0.36572316
vt 0.00274660 0.36572316
vt 0.00472490 0.36572316
vt 0.01050177 0.36572316
vt 0.02321785 0.36328128
vt 0.00432546 0.39014202
vt 0.02400769 0.39014202
vt 0.00051251 0.39014202
vt 0.00065143 0.39014202
vt 0.00083146 0.39014202
vt 0.00107427 0.39014202
vt 0.00142050 0.39014202
vt 0.00195701 0.39014202
vt 0.00291623 0.39014202
vt 0.00534596 0.39014202
vt 0.01129790 0.39014202
vt 0.02545442 0.38607222
vt 0.00436407 0.41456085
vt 0.02401899 0.41456085
vt 0.00056438 0.41456085
vt 0.00071891 0.41456085
vt 0.00092297 0.41456085
vt 0.00120585 0.41456085
vt 0.00162737 0.41456085
vt 0.00233796 0.41456085
vt 0.00396363 0.41456085
vt 0.00626597 0.41211897
vt 0.01434783 0.41506711
vt 0.02589155 0.40904680
vt 0.00449262 0.43897969
vt 0.02405455 0.43897969
vt 0.00074432 0.43897969
vt 0.00096515 0.43897969
vt 0.00128442 0.43897969
vt 0.00180597 0.43897969
vt 0.00299163 0.43897969
vt 0.00372235 0.43653780
vt 0.00821145 0.44017062
vt 0.01328580 0.43524352
vt 0.02416112 0.43523240
vt 0.02912634 0.42376244
vt 0.00470390 0.46339852
vt 0.02408400 0.46339852
vt 0.00106220 0.46339852
vt 0.00140914 0.46339852
vt 0.00195266 0.46339852
vt 0.00294770 0.46339852
vt 0.00566123 0.46339852
vt 0.01150908 0.46165434
vt 0.02434114 0.46478793
vt 0.02605063 0.45408320
vt 0.02758931 0.44450596
vt 0.00477693 0.48781738
vt 0.02409767 0.48781738
vt 0.00119376 0.48781738
vt 0.00160227 0.48781738
vt 0.00227097 0.48781738
vt 0.00362709 0.48781738
vt 0.00611833 0.48537549
vt 0.01477980 0.48853442
vt 0.02420853 0.48393747
vt 0.00488015 0.51223618
vt 0.02411645 0.51223618
vt 0.00135675 0.51223618
vt 0.00185767 0.51223618
vt 0.00273619 0.51223618
vt 0.00485469 0.51223618
vt 0.01048610 0.51049203
vt 0.02385631 0.51079822
vt 0.02920829 0.49830872
vt 0.00495791 0.53665507
vt 0.02412778 0.53665507
vt 0.00149029 0.53665507
vt 0.00207168 0.53665507
vt 0.00314344 0.53665507
vt 0.00610664 0.53665507
vt 0.01302234 0.53665507
vt 0.02568914 0.53258526
vt 0.00500728 0.56107390
vt 0.02413738 0.56107390
vt 0.00157678 0.56107390
vt 0.00221744 0.56107390
vt 0.00345225 0.56107390
vt 0.00606764 0.55863202
vt 0.01506231 0.56260175
vt 0.02768805 0.55911332
vt 0.00510129 0.58549273
vt 0.02416108 0.58549273
vt 0.00173665 0.58549273
vt 0.00251487 0.58549273
vt 0.00427452 0.58549273
vt 0.00945451 0.58374852
vt 0.02402134 0.58727521
vt 0.02579276 0.57909453
vt 0.00530335 0.60991156
vt 0.02420235 0.60991156
vt 0.00209823 0.60991156
vt 0.00325858 0.60991156
vt 0.00514490 0.60746968
vt 0.01242487 0.61110634
vt 0.02331150 0.60670048
vt 0.00561137 0.63433039
vt 0.02426458 0.63433039
vt 0.00272134 0.63433039
vt 0.00516658 0.63433039
vt 0.01008399 0.63258618
vt 0.02340433 0.63356125
vt 0.02891650 0.62408566
vt 0.00686164 0.65874922
vt 0.02452408 0.65874922
vt 0.00403347 0.65630734
vt 0.00918553 0.65987307
vt 0.01672647 0.65611601
vt 0.02611450 0.65276998
vt 0.01008634 0.68072617
vt 0.02560107 0.68316805
vt 0.01228601 0.68215036
vt 0.02601720 0.68456578
vt 0.02651463 0.67283958
vt 0.02821172 0.66231209
vt 0.01642330 0.70584273
vt 0.02621942 0.70758688
vt 0.02510910 0.70826483
vt 0.02623595 0.69456136
vt 0.01591018 0.73200577
vt 0.02553747 0.73200577
vt 0.02425273 0.72956389
vt 0.01300368 0.75642461
vt 0.02508971 0.75642461
vt 0.02553747 0.75235480
vt 0.01254746 0.78084344
vt 0.02509549 0.78084344
vt 0.02508971 0.77677363
vt 0.01260074 0.80526227
vt 0.02510564 0.80526227
vt 0.02509549 0.80119246
vt 0.01263594 0.82968110
vt 0.02512746 0.82968110
vt 0.02510564 0.82561129
vt 0.01276529 0.85409993
vt 0.02515093 0.85409993
vt 0.02512746 0.85003012
vt 0.01280521 0.87851876
vt 0.02515755 0.87851876
vt 0.02515093 0.87444896
vt 0.01284246 0.90293765
vt 0.02517153 0.90293765
vt 0.02515755 0.89886785
vt 0.01294864 0.92865920
vt 0.02506321 0.92735648
vt 0.02624528 0.92246288
vt 0.01128375 0.95177531
vt 0.02492286 0.95177531
vt 0.02362708 0.94135940
vt 0.01876860 0.95329517
vt 0.02909896 0.94922537
vt 0.01243161 0.97311807
vt 0.02844190 0.97513777
vt 0.01760115 0.97412467
vt 0.02713103 0.97058338
vt 0.02591313 0.98773217
vt 0.02813469 0.98156369
vt 0.05233171 0.00395666
vt 0.04419229 0.02394793
vt 0.04826200 0.00000158
vt 0.04826200 0.00003625
vt 0.04826200 0.00007548
vt 0.04826200 0.00012025
vt 0.04826200 0.00017183
vt 0.04826200 0.00023190
vt 0.04826200 0.00030275
vt 0.04826200 0.00038758
vt 0.04826200 0.00049100
vt 0.04826200 0.00061989
vt 0.04826200 0.00078507
vt 0.04826200 0.00100452
vt 0.04826200 0.00131067
vt 0.04826200 0.00176886
vt 0.04826200 0.00253557
vt 0.04826200 0.00412723
vt 0.04419229 0.00949572
vt 0.04826200 0.02515086
vt 0.04826200 0.04827827
vt 0.04826200 0.04827827
vt 0.04826200 0.07269711
vt 0.04826200 0.07269711
vt 0.04826200 0.09711595
vt 0.04826200 0.09341418
vt 0.04826200 0.12153479
vt 0.04516062 0.12651011
vt 0.05074829 0.11691704
vt 0.04826200 0.10239149
vt 0.04826200 0.14595363
vt 0.04582017 0.14731310
vt 0.04826200 0.17037247
vt 0.04419229 0.17354026
vt 0.05233171 0.16310851
vt 0.04826200 0.19479130
vt 0.04826200 0.19479130
vt 0.04826200 0.21921015
vt 0.04826200 0.21921015
vt 0.04826200 0.24362898
vt 0.04826200 0.23990020
vt 0.04826200 0.26804781
vt 0.04419229 0.26568952
vt 0.05233171 0.24986655
vt 0.04826200 0.29246667
vt 0.04419229 0.29122868
vt 0.05233171 0.28005168
vt 0.04826200 0.31688550
vt 0.03657058 0.31714359
vt 0.04714463 0.31562597
vt 0.05000616 0.30389994
vt 0.04826200 0.34130433
vt 0.03676083 0.34442174
vt 0.04512423 0.33817196
vt 0.05095220 0.32377732
vt 0.04826200 0.36572316
vt 0.04382832 0.36493027
vt 0.05326365 0.35362938
vt 0.04826200 0.39014202
vt 0.04826200 0.39014202
vt 0.04826200 0.41456085
vt 0.05000616 0.41468400
vt 0.04826200 0.43897969
vt 0.04728009 0.44065121
vt 0.04913277 0.43212286
vt 0.04826200 0.46339852
vt 0.03732584 0.46626762
vt 0.05040466 0.46517721
vt 0.04770081 0.45543268
vt 0.04826200 0.48781738
vt 0.04740528 0.48742607
vt 0.05160355 0.47673309
vt 0.04826200 0.51223618
vt 0.04544454 0.51589930
vt 0.04920122 0.50455993
vt 0.04826200 0.53665507
vt 0.04582017 0.53909695
vt 0.04826200 0.56107390
vt 0.05070382 0.55863202
vt 0.04826200 0.58549273
vt 0.03278278 0.58847010
vt 0.04674835 0.58064258
vt 0.04826200 0.60991156
vt 0.04541141 0.60973418
vt 0.05260064 0.59464037
vt 0.04826200 0.63433039
vt 0.04566869 0.63876146
vt 0.04951501 0.62935430
vt 0.04826200 0.65874922
vt 0.04582017 0.65769464
vt 0.04826200 0.68316805
vt 0.03579892 0.68459719
vt 0.04923710 0.68515146
vt 0.05000616 0.67090744
vt 0.04826200 0.70758688
vt 0.03698149 0.70963913
vt 0.04788523 0.70790297
vt 0.04776603 0.69933188
vt 0.04826200 0.73200577
vt 0.04524602 0.73277992
vt 0.05076192 0.72110611
vt 0.04826200 0.75642461
vt 0.04582017 0.75886649
vt 0.04826200 0.78084344
vt 0.04826200 0.78084344
vt 0.04826200 0.80526227
vt 0.04826200 0.80526227
vt 0.04826200 0.82968110
vt 0.04826200 0.82968110
vt 0.04826200 0.85409993
vt 0.04826200 0.85409993
vt 0.04826200 0.87851876
vt 0.04976247 0.87797374
vt 0.04826200 0.90293765
vt 0.04669102 0.90181333
vt 0.04826200 0.92735648
vt 0.04604498 0.91572690
vt 0.03757143 0.93027300
vt 0.05016674 0.92639279
vt 0.04826200 0.95177531
vt 0.04826200 0.95177531
vt 0.05233171 0.97513258
vt 0.04826200 0.97311682
vt 0.04826200 0.98919141
vt 0.04826200 0.98314178
vt 0.07674997 0.00395632
vt 0.06861055 0.02394760
vt 0.07268026 0.00000087
vt 0.07268026 0.00003544
vt 0.07268026 0.00007457
vt 0.07268026 0.00011921
vt 0.07268026 0.00017063
vt 0.07268026 0.00023051
vt 0.07268026 0.00030111
vt 0.07268026 0.00038561
vt 0.07268026 0.00048859
vt 0.07268026 0.00061690
vt 0.07268026 0.00078123
vt 0.07268026 0.00099943
vt 0.07268026 0.00130357
vt 0.07268026 0.00175828
vt 0.07268026 0.00251805
vt 0.07268026 0.00409231
vt 0.06861055 0.00939147
vt 0.07268026 0.02515050
vt 0.07268026 0.04827827
vt 0.07268026 0.04827827
vt 0.07268026 0.07269711
vt 0.07268026 0.07269711
vt 0.07268026 0.09711595
vt 0.07268026 0.09343798
vt 0.07268026 0.12153479
vt 0.05829611 0.12518768
vt 0.07078016 0.12055030
vt 0.07442442 0.10385372
vt 0.07268026 0.14595363
vt 0.06783472 0.14467885
vt 0.07720141 0.13365759
vt 0.07268026 0.17037247
vt 0.06861055 0.17385283
vt 0.07674997 0.16486306
vt 0.07268026 0.19479130
vt 0.07268026 0.19479130
vt 0.07268026 0.21921015
vt 0.07268026 0.21921015
vt 0.07268026 0.24362898
vt 0.07268026 0.24038324
vt 0.07268026 0.26804781
vt 0.07093610 0.26893401
vt 0.07674997 0.25200516
vt 0.07268026 0.29246667
vt 0.07218444 0.29430959
vt 0.07432878 0.28365937
vt 0.07268026 0.31688550
vt 0.07253230 0.31816554
vt 0.07488535 0.30734372
vt 0.07268026 0.34130433
vt 0.07262443 0.34311855
vt 0.07503276 0.33275518
vt 0.07268026 0.36572316
vt 0.07000575 0.36978671
vt 0.07381960 0.35953802
vt 0.07268026 0.39014202
vt 0.07023843 0.39258391
vt 0.07268026 0.41456085
vt 0.07512209 0.41211897
vt 0.07268026 0.43897969
vt 0.05872041 0.43875152
vt 0.07155807 0.43361670
vt 0.07268026 0.46339852
vt 0.06320859 0.46292487
vt 0.07008422 0.45930782
vt 0.07504640 0.44464192
vt 0.07268026 0.48781738
vt 0.06491768 0.48663124
vt 0.07036907 0.48324218
vt 0.07568756 0.46996075
vt 0.07268026 0.51223618
vt 0.06028356 0.51477236
vt 0.07160696 0.51076734
vt 0.07593172 0.49440432
vt 0.07268026 0.53665507
vt 0.07012673 0.53718853
vt 0.07592010 0.52382958
vt 0.07268026 0.56107390
vt 0.07023843 0.56351578
vt 0.07268026 0.58549273
vt 0.07268026 0.58300751
vt 0.07268026 0.60991156
vt 0.07023843 0.60937124
vt 0.07674997 0.59672940
vt 0.07268026 0.63433039
vt 0.06185255 0.63686013
vt 0.07183111 0.62916052
vt 0.07268026 0.65874922
vt 0.07041111 0.65784329
vt 0.07779415 0.64230436
vt 0.07268026 0.68316805
vt 0.07201361 0.68566263
vt 0.07432211 0.67609525
vt 0.07268026 0.70758688
vt 0.05774926 0.70870608
vt 0.07141934 0.70648223
vt 0.07268026 0.73200577
vt 0.06227481 0.73503757
vt 0.06861437 0.72953206
vt 0.07213331 0.72031856
vt 0.07268026 0.75642461
vt 0.06840311 0.75596118
vt 0.07791602 0.74633884
vt 0.07268026 0.78084344
vt 0.07268026 0.78084344
vt 0.07268026 0.80526227
vt 0.07416246 0.80519021
vt 0.07268026 0.82968110
vt 0.07228221 0.82968110
vt 0.07268026 0.85409993
vt 0.07158991 0.85346407
vt 0.07268026 0.87851876
vt 0.07114158 0.86981958
vt 0.06561802 0.88398761
vt 0.07750259 0.87584800
vt 0.07268026 0.90293765
vt 0.05729361 0.90403032
vt 0.07307787 0.90119344
vt 0.07268026 0.92735648
vt 0.07268026 0.92735648
vt 0.07268026 0.95177531
vt 0.07268026 0.95177531
vt 0.07674997 0.97515678
vt 0.07268026 0.97307199
vt 0.07268026 0.98937613
vt 0.07268026 0.98308283
vt 0.10116823 0.00395633
vt 0.09302881 0.02394759
vt 0.09709852 0.00000087
vt 0.09709852 0.00003544
vt 0.09709852 0.00007457
vt 0.09709852 0.00011922
vt 0.09709852 0.00017064
vt 0.09709852 0.00023051
vt 0.09709852 0.00030111
vt 0.09709852 0.00038562
vt 0.09709852 0.00048860
vt 0.09709852 0.00061691
vt 0.09709852 0.00078125
vt 0.09709852 0.00099945
vt 0.09709852 0.00130361
vt 0.09709852 0.00175834
vt 0.09709852 0.00251820
vt 0.09709852 0.00409285
vt 0.09302881 0.00939135
vt 0.09709852 0.02515109
vt 0.09709852 0.04827827
vt 0.09709852 0.04827827
vt 0.09709852 0.07269711
vt 0.09709852 0.07269711
vt 0.09709852 0.09711595
vt 0.09709852 0.09351163
vt 0.09709852 0.12153479
vt 0.09302881 0.12029802
vt 0.10116823 0.10395645
vt 0.09709852 0.14595363
vt 0.09535436 0.14955993
vt 0.10116823 0.13577655
vt 0.09709852 0.17037247
vt 0.09384397 0.17543785
vt 0.09742580 0.16754611
vt 0.09709852 0.19479130
vt 0.09465669 0.19723319
vt 0.09709852 0.21921015
vt 0.09709852 0.21921015
vt 0.09709852 0.24362898
vt 0.09706422 0.24074788
vt 0.09709852 0.26804781
vt 0.09709852 0.26516673
vt 0.09949919 0.25045085
vt 0.09709852 0.29246667
vt 0.08702743 0.29166922
vt 0.09653188 0.28677839
vt 0.09709852 0.31688550
vt 0.08981028 0.31564036
vt 0.09486639 0.31232384
vt 0.10002019 0.29833019
vt 0.09709852 0.34130433
vt 0.09054729 0.34031218
vt 0.09498922 0.33668196
vt 0.10041775 0.32122293
vt 0.09709852 0.36572316
vt 0.08570243 0.36902958
vt 0.09616818 0.36461735
vt 0.10052303 0.34559238
vt 0.09709852 0.39014202
vt 0.09424068 0.39101148
vt 0.09985145 0.38000461
vt 0.09709852 0.41456085
vt 0.09465669 0.41700274
vt 0.09709852 0.43897969
vt 0.09709852 0.43567687
vt 0.09709852 0.46339852
vt 0.09302881 0.46196947
vt 0.10116823 0.44685057
vt 0.09709852 0.48781738
vt 0.09535436 0.48952982
vt 0.10116823 0.47931877
vt 0.09709852 0.51223618
vt 0.09527226 0.51439518
vt 0.09734883 0.50693214
vt 0.09709852 0.53665507
vt 0.09150884 0.53763777
vt 0.09699766 0.53386861
vt 0.09709852 0.56107390
vt 0.09491774 0.56115460
vt 0.10093476 0.54462671
vt 0.09709852 0.58549273
vt 0.09465669 0.58549684
vt 0.09709852 0.60991156
vt 0.09302881 0.61194986
vt 0.10116823 0.59889197
vt 0.09709852 0.63433039
vt 0.09884268 0.63435817
vt 0.09709852 0.65874922
vt 0.09568449 0.66081655
vt 0.09784351 0.65229642
vt 0.09709852 0.68316805
vt 0.08821499 0.68550205
vt 0.09652711 0.68134683
vt 0.09709852 0.70758688
vt 0.09619462 0.70625508
vt 0.10071672 0.69338012
vt 0.09709852 0.73200577
vt 0.08310864 0.73324579
vt 0.09614646 0.72986650
vt 0.09709852 0.75642461
vt 0.09392188 0.76092619
vt 0.09728093 0.75202423
vt 0.09781104 0.74210972
vt 0.09709852 0.78084344
vt 0.09709852 0.78445971
vt 0.09709852 0.80526227
vt 0.09673177 0.80187243
vt 0.09110267 0.81128287
vt 0.10161543 0.80715990
vt 0.09709852 0.82968110
vt 0.09117071 0.83375090
vt 0.10077018 0.82561129
vt 0.09709852 0.85409993
vt 0.08367459 0.85577875
vt 0.09790809 0.85235572
vt 0.09709852 0.87851876
vt 0.09709852 0.87851876
vt 0.09709852 0.90293765
vt 0.09709852 0.90293765
vt 0.09709852 0.92735648
vt 0.09709852 0.92735648
vt 0.09709852 0.95177531
vt 0.09709852 0.95177531
vt 0.10116823 0.97519112
vt 0.09709852 0.97326058
vt 0.09709852 0.98982352
vt 0.09709852 0.98451662
vt 0.12558649 0.00395637
vt 0.11744707 0.02394760
vt 0.12151678 0.00000093
vt 0.12151678 0.00003551
vt 0.12151678 0.00007464
vt 0.12151678 0.00011930
vt 0.12151678 0.00017074
vt 0.12151678 0.00023063
vt 0.12151678 0.00030125
vt 0.12151678 0.00038578
vt 0.12151678 0.00048881
vt 0.12151678 0.00061717
vt 0.12151678 0.00078159
vt 0.12151678 0.00099992
vt 0.12151678 0.00130429
vt 0.12151678 0.00175944
vt 0.12151678 0.00252026
vt 0.12151678 0.00409836
vt 0.11744707 0.00939811
vt 0.12151678 0.02515449
vt 0.12151678 0.04827827
vt 0.12151678 0.04827827
vt 0.12151678 0.07269711
vt 0.12151678 0.07269711
vt 0.12151678 0.09711595
vt 0.12326095 0.09645563
vt 0.12151678 0.12153479
vt 0.11672708 0.12161210
vt 0.12309462 0.11078003
vt 0.12151678 0.14595363
vt 0.11907496 0.14697084
vt 0.12613213 0.13781586
vt 0.12151678 0.17037247
vt 0.10606043 0.17417152
vt 0.12172133 0.16816835
vt 0.12151678 0.19479130
vt 0.11795741 0.19566303
vt 0.12314726 0.18467195
vt 0.12151678 0.21921015
vt 0.12148739 0.22443447
vt 0.12151678 0.24362898
vt 0.11642735 0.24191387
vt 0.12015709 0.24938071
vt 0.12449687 0.24112907
vt 0.12151678 0.26804781
vt 0.11907496 0.27048969
vt 0.12151678 0.29246667
vt 0.12151678 0.28913838
vt 0.12151678 0.31688550
vt 0.11744707 0.31389442
vt 0.12558649 0.29974878
vt 0.12151678 0.34130433
vt 0.11744707 0.33835849
vt 0.12558649 0.32289362
vt 0.12151678 0.36572316
vt 0.11907496 0.36422539
vt 0.12558649 0.35144231
vt 0.12151678 0.39014202
vt 0.11249197 0.39228004
vt 0.12252527 0.38689974
vt 0.12151678 0.41456085
vt 0.11919650 0.41502765
vt 0.12512980 0.40120199
vt 0.12151678 0.43897969
vt 0.11907496 0.43791243
vt 0.12151678 0.46339852
vt 0.11977262 0.46574178
vt 0.12558649 0.44901633
vt 0.12151678 0.48781738
vt 0.11948207 0.49144053
vt 0.12151696 0.48483905
vt 0.12151678 0.51223618
vt 0.10567557 0.51553988
vt 0.11765566 0.50888455
vt 0.12151678 0.53665507
vt 0.11765566 0.53342193
vt 0.12579508 0.52329367
vt 0.12151678 0.56107390
vt 0.11210210 0.56218475
vt 0.12247654 0.55718964
vt 0.12151678 0.58549273
vt 0.12023138 0.58610564
vt 0.12408671 0.57330805
vt 0.12151678 0.60991156
vt 0.11578938 0.61259335
vt 0.12196939 0.60337788
vt 0.12151678 0.63433039
vt 0.12272233 0.63433039
vt 0.12151678 0.65874922
vt 0.10814896 0.66201079
vt 0.11806790 0.65536249
vt 0.12151678 0.68316805
vt 0.11806790 0.68011636
vt 0.12620732 0.67083669
vt 0.12151678 0.70758688
vt 0.11430573 0.70853186
vt 0.12275200 0.70359898
vt 0.12151678 0.73200577
vt 0.12086795 0.73052418
vt 0.12549207 0.71675080
vt 0.12151678 0.75642461
vt 0.10635181 0.76016647
vt 0.11450619 0.75611925
vt 0.11927032 0.75096613
vt 0.12151678 0.78084344
vt 0.11648280 0.77779967
vt 0.12399720 0.77186441
vt 0.12614650 0.76151514
vt 0.12151678 0.80526227
vt 0.11863443 0.79599673
vt 0.12348287 0.80920076
vt 0.12151678 0.82968110
vt 0.11907496 0.83212298
vt 0.12151678 0.85409993
vt 0.12151678 0.85409993
vt 0.12151678 0.87851876
vt 0.12151678 0.87851876
vt 0.12151678 0.90293765
vt 0.12151678 0.90293765
vt 0.12151678 0.92735648
vt 0.12151678 0.92735648
vt 0.12151678 0.95177531
vt 0.12151678 0.95177531
vt 0.12558649 0.97520024
vt 0.12151678 0.97352970
vt 0.12151678 0.98994762
vt 0.12151678 0.98500770
vt 0.15000474 0.00395699
vt 0.14186533 0.02394761
vt 0.14593504 0.00000164
vt 0.14593504 0.00003631
vt 0.14593504 0.00007556
vt 0.14593504 0.00012036
vt 0.14593504 0.00017197
vt 0.14593504 0.00023208
vt 0.14593504 0.00030298
vt 0.14593504 0.00038789
vt 0.14593504 0.00049143
vt 0.14593504 0.00062051
vt 0.14593504 0.00078601
vt 0.14593504 0.00100605
vt 0.14593504 0.00131336
vt 0.14593504 0.00177427
vt 0.14593504 0.00254915
vt 0.14593504 0.00418226
vt 0.14186533 0.00947458
vt 0.14593504 0.02521547
vt 0.14593504 0.04827827
vt 0.14593504 0.04827827
vt 0.14593504 0.07269711
vt 0.14593504 0.07269711
vt 0.14593504 0.09711595
vt 0.14837687 0.09467407
vt 0.14593504 0.12153479
vt 0.13428962 0.12258644
vt 0.14531791 0.11563725
vt 0.14593504 0.14595363
vt 0.14290565 0.15072078
vt 0.14850532 0.14113520
vt 0.14724991 0.12693118
vt 0.14593504 0.17037247
vt 0.14593504 0.17037247
vt 0.14593504 0.19479130
vt 0.13535824 0.19651909
vt 0.14512174 0.18904863
vt 0.14593504 0.21921015
vt 0.14295132 0.21541785
vt 0.15109074 0.20124093
vt 0.14593504 0.24362898
vt 0.13173935 0.24621502
vt 0.14460476 0.23849933
vt 0.14593504 0.26804781
vt 0.14111643 0.26641488
vt 0.15048760 0.24900301
vt 0.14593504 0.29246667
vt 0.14593504 0.28925455
vt 0.14593504 0.31688550
vt 0.14186533 0.31436116
vt 0.15000474 0.30043983
vt 0.14593504 0.34130433
vt 0.14419088 0.34206262
vt 0.15000474 0.32507220
vt 0.14593504 0.36572316
vt 0.14317155 0.36938035
vt 0.14694980 0.35836136
vt 0.14593504 0.39014202
vt 0.14593504 0.39014202
vt 0.14593504 0.41456085
vt 0.13883941 0.41545680
vt 0.14561905 0.40822402
vt 0.14593504 0.43897969
vt 0.14413241 0.43761632
vt 0.15167095 0.42038274
vt 0.14593504 0.46339852
vt 0.14462845 0.46552628
vt 0.14680897 0.45583951
vt 0.14593504 0.48781738
vt 0.12884314 0.49165875
vt 0.14419101 0.48707280
vt 0.14593504 0.51223618
vt 0.14411749 0.51247293
vt 0.14754710 0.50214112
vt 0.14593504 0.53665507
vt 0.13992731 0.53945911
vt 0.14605124 0.53236985
vt 0.14593504 0.56107390
vt 0.14745678 0.56107390
vt 0.14593504 0.58549273
vt 0.13279288 0.58590150
vt 0.14492966 0.58398211
vt 0.14593504 0.60991156
vt 0.12867787 0.61551082
vt 0.14352170 0.61075491
vt 0.14563908 0.60053355
vt 0.14593504 0.63433039
vt 0.13426511 0.63531721
vt 0.14493987 0.63043344
vt 0.14593504 0.65874922
vt 0.14350404 0.65850914
vt 0.15083313 0.64476627
vt 0.14593504 0.68316805
vt 0.14005870 0.68609542
vt 0.14620890 0.67875236
vt 0.14593504 0.70758688
vt 0.14815156 0.70758688
vt 0.14593504 0.73200577
vt 0.13883698 0.73270881
vt 0.14353111 0.72648692
vt 0.14593504 0.75642461
vt 0.14413209 0.75518674
vt 0.15167055 0.73943770
vt 0.14593504 0.78084344
vt 0.12881082 0.78238255
vt 0.14309320 0.78675705
vt 0.14397478 0.77588028
vt 0.14593504 0.80526227
vt 0.14731914 0.80006409
vt 0.13480364 0.80413026
vt 0.14461288 0.80689961
vt 0.14593504 0.82968110
vt 0.14505360 0.81660277
vt 0.14638704 0.83129638
vt 0.14593504 0.85409993
vt 0.14349322 0.85654181
vt 0.14593504 0.87851876
vt 0.14593504 0.87851876
vt 0.14593504 0.90293765
vt 0.14593504 0.90293765
vt 0.14593504 0.92735648
vt 0.14593504 0.92735648
vt 0.14593504 0.95177531
vt 0.14593504 0.95177531
vt 0.15000474 0.97520489
vt 0.14593504 0.97359270
vt 0.14593504 0.99001205
vt 0.14593504 0.98523939
vt 0.17442301 0.00395895
vt 0.16628359 0.02394787
vt 0.17035331 0.00000409
vt 0.17035331 0.00003908
vt 0.17035331 0.00007871
vt 0.17035331 0.00012396
vt 0.17035331 0.00017615
vt 0.17035331 0.00023698
vt 0.17035331 0.00030881
vt 0.17035331 0.00039493
vt 0.17035331 0.00050011
vt 0.17035331 0.00063148
vt 0.17035331 0.00080032
vt 0.17035331 0.00102550
vt 0.17035331 0.00134138
vt 0.17035331 0.00181825
vt 0.17035331 0.00262891
vt 0.17035331 0.00438041
vt 0.16628359 0.00986629
vt 0.17035331 0.02529536
vt 0.17035331 0.04827827
vt 0.17035331 0.04827827
vt 0.17035331 0.07269711
vt 0.17090093 0.07153693
vt 0.17035331 0.09711595
vt 0.16952313 0.09886015
vt 0.17035331 0.12153479
vt 0.16791147 0.11980772
vt 0.17035331 0.14595363
vt 0.15647304 0.14904411
vt 0.16855398 0.14456941
vt 0.17209746 0.12969436
vt 0.17035331 0.17037247
vt 0.16557975 0.16922891
vt 0.17495844 0.15577924
vt 0.17035331 0.19479130
vt 0.17035331 0.19171372
vt 0.17035331 0.21921015
vt 0.16628359 0.22020236
vt 0.17442301 0.20383427
vt 0.17035331 0.24362898
vt 0.17035331 0.24021442
vt 0.17035331 0.26804781
vt 0.16628359 0.26870307
vt 0.17442301 0.25167349
vt 0.17035331 0.29246667
vt 0.17035331 0.28962484
vt 0.17035331 0.31688550
vt 0.16860914 0.31755793
vt 0.17442301 0.30186120
vt 0.17035331 0.34130433
vt 0.17000508 0.34289575
vt 0.17237727 0.33155435
vt 0.17035331 0.36572316
vt 0.15833433 0.36909819
vt 0.16933396 0.36464548
vt 0.17035331 0.39014202
vt 0.16689499 0.39114931
vt 0.17214549 0.38110733
vt 0.17035331 0.41456085
vt 0.17035331 0.41569173
vt 0.17035331 0.43897969
vt 0.16973184 0.44011056
vt 0.17204937 0.42807534
vt 0.17035331 0.46339852
vt 0.15763015 0.46594539
vt 0.16701186 0.45941621
vt 0.17035331 0.48781738
vt 0.16701186 0.48441559
vt 0.17515129 0.47322026
vt 0.17035331 0.51223618
vt 0.16009897 0.51161504
vt 0.16976048 0.50664866
vt 0.17035331 0.53665507
vt 0.15201065 0.54269218
vt 0.16638042 0.53500700
vt 0.17324880 0.51938897
vt 0.17035331 0.56107390
vt 0.16192614 0.56135982
vt 0.17187504 0.55520749
vt 0.17035331 0.58549273
vt 0.16770850 0.58166122
vt 0.17584792 0.56720805
vt 0.17035331 0.60991156
vt 0.15852238 0.61255789
vt 0.17101103 0.60698700
vt 0.17035331 0.63433039
vt 0.16935271 0.63377571
vt 0.17343590 0.62153268
vt 0.17035331 0.65874922
vt 0.16920917 0.66100353
vt 0.17142217 0.65123463
vt 0.17035331 0.68316805
vt 0.15336236 0.68914717
vt 0.16651180 0.68100756
vt 0.17035331 0.70758688
vt 0.16546418 0.70766979
vt 0.17256983 0.70155126
vt 0.17035331 0.73200577
vt 0.16879225 0.73047864
vt 0.17641132 0.71243572
vt 0.17035331 0.75642461
vt 0.16935052 0.75838923
vt 0.17159179 0.74977744
vt 0.17035331 0.78084344
vt 0.15248719 0.78256798
vt 0.16867308 0.78008467
vt 0.17035331 0.80526227
vt 0.15238826 0.80689961
vt 0.16706660 0.80918789
vt 0.16926204 0.79427695
vt 0.17035331 0.82968110
vt 0.17163044 0.82486713
vt 0.15977030 0.82781124
vt 0.16889745 0.83039612
vt 0.17035331 0.85409993
vt 0.16938274 0.83694810
vt 0.17117605 0.85514325
vt 0.17035331 0.87851876
vt 0.16791147 0.88096064
vt 0.17035331 0.90293765
vt 0.17035331 0.90293765
vt 0.17035331 0.92735648
vt 0.17035331 0.92735648
vt 0.17035331 0.95177531
vt 0.17035331 0.95177531
vt 0.17442301 0.97519696
vt 0.17035331 0.97362471
vt 0.17035331 0.98995417
vt 0.17035331 0.98522180
vt 0.19884127 0.00395986
vt 0.19070186 0.02394821
vt 0.19477156 0.00000544
vt 0.19477156 0.00004060
vt 0.19477156 0.00008043
vt 0.19477156 0.00012594
vt 0.19477156 0.00017843
vt 0.19477156 0.00023965
vt 0.19477156 0.00031197
vt 0.19477156 0.00039875
vt 0.19477156 0.00050479
vt 0.19477156 0.00063738
vt 0.19477156 0.00080797
vt 0.19477156 0.00103584
vt 0.19477156 0.00135615
vt 0.19477156 0.00184114
vt 0.19477156 0.00266954
vt 0.19477156 0.00447744
vt 0.19070186 0.01008646
vt 0.19477156 0.02532569
vt 0.19477156 0.04827827
vt 0.19651572 0.04795700
vt 0.19477156 0.07269711
vt 0.19309641 0.06086653
vt 0.18071869 0.07744827
vt 0.19798008 0.07224732
vt 0.19477156 0.09711595
vt 0.18100999 0.09812976
vt 0.19742972 0.09435169
vt 0.19477156 0.12153479
vt 0.18922763 0.11811908
vt 0.19677734 0.10951062
vt 0.19477156 0.14595363
vt 0.19070186 0.14541073
vt 0.19932623 0.13282955
vt 0.19477156 0.17037247
vt 0.19070186 0.17262451
vt 0.19884127 0.16198179
vt 0.19477156 0.19479130
vt 0.19477156 0.19184364
vt 0.19477156 0.21921015
vt 0.19070186 0.22033228
vt 0.19884127 0.20271869
vt 0.19477156 0.24362898
vt 0.19477156 0.24077676
vt 0.19477156 0.26804781
vt 0.19070186 0.26926541
vt 0.19884127 0.25266454
vt 0.19477156 0.29246667
vt 0.19477156 0.28939927
vt 0.19477156 0.31688550
vt 0.19232973 0.31564653
vt 0.19884127 0.29948384
vt 0.19477156 0.34130433
vt 0.18779863 0.34342194
vt 0.19447309 0.33584011
vt 0.19477156 0.36572316
vt 0.19238849 0.36228606
vt 0.20052792 0.35087126
vt 0.19477156 0.39014202
vt 0.18156587 0.39300326
vt 0.19525746 0.38735175
vt 0.19477156 0.41456085
vt 0.19255105 0.41370919
vt 0.19654649 0.40371543
vt 0.19477156 0.43897969
vt 0.18615913 0.44108504
vt 0.19211525 0.43462944
vt 0.19477156 0.46339852
vt 0.19277932 0.46271586
vt 0.20025466 0.44903535
vt 0.19477156 0.48781738
vt 0.19185454 0.49162880
vt 0.19557138 0.48198822
vt 0.19477156 0.51223618
vt 0.19477156 0.51378459
vt 0.19477156 0.53665507
vt 0.19161275 0.53972644
vt 0.19523288 0.52667069
vt 0.19477156 0.56107390
vt 0.19477156 0.56194675
vt 0.19477156 0.58549273
vt 0.19262080 0.58798510
vt 0.19664414 0.57249278
vt 0.19477156 0.60991156
vt 0.19477156 0.60991156
vt 0.19477156 0.63433039
vt 0.18660899 0.63275325
vt 0.19447756 0.62819654
vt 0.19477156 0.65874922
vt 0.18302308 0.66214526
vt 0.19379087 0.65791589
vt 0.19796589 0.64024681
vt 0.19477156 0.68316805
vt 0.19121790 0.68421662
vt 0.19641118 0.67446339
vt 0.19477156 0.70758688
vt 0.19232973 0.70566541
vt 0.19477156 0.73200577
vt 0.19232973 0.73008424
vt 0.19884127 0.71521801
vt 0.19477156 0.75642461
vt 0.18387122 0.75918603
vt 0.19554561 0.75357193
vt 0.19477156 0.78084344
vt 0.19299453 0.77962732
vt 0.19716738 0.76744676
vt 0.19477156 0.80526227
vt 0.18167181 0.80585641
vt 0.19377226 0.80385756
vt 0.19477156 0.82968110
vt 0.17572334 0.83039612
vt 0.18829180 0.83193314
vt 0.19447477 0.81862414
vt 0.19477156 0.85409993
vt 0.20006263 0.84657091
vt 0.18752533 0.85207796
vt 0.19869433 0.85671681
vt 0.19477156 0.87851876
vt 0.19381069 0.86289650
vt 0.19302741 0.87893778
vt 0.19477156 0.90293765
vt 0.19477156 0.90293765
vt 0.19477156 0.92735648
vt 0.19477156 0.92735648
vt 0.19477156 0.95177531
vt 0.19477156 0.95177531
vt 0.19884127 0.97520471
vt 0.19477156 0.97357005
vt 0.19477156 0.98997301
vt 0.19477156 0.98499060
vt 0.22325954 0.00396033
vt 0.21512011 0.02394832
vt 0.21918982 0.00000609
vt 0.21918982 0.00004133
vt 0.21918982 0.00008127
vt 0.21918982 0.00012690
vt 0.21918982 0.00017954
vt 0.21918982 0.00024095
vt 0.21918982 0.00031353
vt 0.21918982 0.00040063
vt 0.21918982 0.00050712
vt 0.21918982 0.00064033
vt 0.21918982 0.00081184
vt 0.21918982 0.00104112
vt 0.21918982 0.00136381
vt 0.21918982 0.00185333
vt 0.21918982 0.00269229
vt 0.21918982 0.00453899
vt 0.21512011 0.01019109
vt 0.21918982 0.02535704
vt 0.21918982 0.04827827
vt 0.22325954 0.04625174
vt 0.21918982 0.07269711
vt 0.21512011 0.05996633
vt 0.21918982 0.07474039
vt 0.21918982 0.09711595
vt 0.22163165 0.09467407
vt 0.21918982 0.12153479
vt 0.20711960 0.12174373
vt 0.21851200 0.11565087
vt 0.21918982 0.14595363
vt 0.21794301 0.14980090
vt 0.22159712 0.14134325
vt 0.22043389 0.12839730
vt 0.21918982 0.17037247
vt 0.21368966 0.17387363
vt 0.21991511 0.16684015
vt 0.21918982 0.19479130
vt 0.21728192 0.19182715
vt 0.21918982 0.21921015
vt 0.21512011 0.22031580
vt 0.22401308 0.20416445
vt 0.21918982 0.24362898
vt 0.22093399 0.24272446
vt 0.21918982 0.26804781
vt 0.21374898 0.26902744
vt 0.21998629 0.25351021
vt 0.21918982 0.29246667
vt 0.22074652 0.29209757
vt 0.21918982 0.31688550
vt 0.21690951 0.31951216
vt 0.22088104 0.30487108
vt 0.21918982 0.34130433
vt 0.21918982 0.34363797
vt 0.21918982 0.36572316
vt 0.21344559 0.36805680
vt 0.21962221 0.35959482
vt 0.21918982 0.39014202
vt 0.22109865 0.39014202
vt 0.21918982 0.41456085
vt 0.20708460 0.41689634
vt 0.21595137 0.41040239
vt 0.21918982 0.43897969
vt 0.21676098 0.43829104
vt 0.22409080 0.42533273
vt 0.21918982 0.46339852
vt 0.21781890 0.46564519
vt 0.21998656 0.45619574
vt 0.21918982 0.48781738
vt 0.20609614 0.49190521
vt 0.21801697 0.48724884
vt 0.21918982 0.51223618
vt 0.21419805 0.50982922
vt 0.22052518 0.50511980
vt 0.21918982 0.53665507
vt 0.20440365 0.53913051
vt 0.21616416 0.53144640
vt 0.21918982 0.56107390
vt 0.21550456 0.55797303
vt 0.22450244 0.54755890
vt 0.21918982 0.58549273
vt 0.21145993 0.58639771
vt 0.22036019 0.58147979
vt 0.21918982 0.60991156
vt 0.21660298 0.61000127
vt 0.22237635 0.59353608
vt 0.21918982 0.63433039
vt 0.21674800 0.63336134
vt 0.21918982 0.65874922
vt 0.21674800 0.65778017
vt 0.22325954 0.64459914
vt 0.21918982 0.68316805
vt 0.20495081 0.68576807
vt 0.21954654 0.68021452
vt 0.21918982 0.70758688
vt 0.21787725 0.70668113
vt 0.22171085 0.69510514
vt 0.21918982 0.73200577
vt 0.21460924 0.73367500
vt 0.22101858 0.72317803
vt 0.21918982 0.75642461
vt 0.22247985 0.75642461
vt 0.21918982 0.78084344
vt 0.20788369 0.78307074
vt 0.21827233 0.77894598
vt 0.21918982 0.80526227
vt 0.21732923 0.80458093
vt 0.22146866 0.79560918
vt 0.21918982 0.82968110
vt 0.20486969 0.83112770
vt 0.21819058 0.82752001
vt 0.21918982 0.85409993
vt 0.21501856 0.85514486
vt 0.21941841 0.84795117
vt 0.21965574 0.83889472
vt 0.21918982 0.87851876
vt 0.21367891 0.86984754
vt 0.22165278 0.87830150
vt 0.21918982 0.90293765
vt 0.22061612 0.90664333
vt 0.21918982 0.92735648
vt 0.21674800 0.92979836
vt 0.21918982 0.95177531
vt 0.21918982 0.95177531
vt 0.22325954 0.97518551
vt 0.21918982 0.97362077
vt 0.21918982 0.98987854
vt 0.21918982 0.98532575
vt 0.24767779 0.00396075
vt 0.23953837 0.02394843
vt 0.24360809 0.00000667
vt 0.24360809 0.00004199
vt 0.24360809 0.00008201
vt 0.24360809 0.00012775
vt 0.24360809 0.00018052
vt 0.24360809 0.00024210
vt 0.24360809 0.00031489
vt 0.24360809 0.00040227
vt 0.24360809 0.00050913
vt 0.24360809 0.00064286
vt 0.24360809 0.00081511
vt 0.24360809 0.00104552
vt 0.24360809 0.00137006
vt 0.24360809 0.00186287
vt 0.24360809 0.00270864
vt 0.24360809 0.00457311
vt 0.23953837 0.01031975
vt 0.24360809 0.02535502
vt 0.24360809 0.04827827
vt 0.24830444 0.04919075
vt 0.24360809 0.07269711
vt 0.23891290 0.06174903
vt 0.24481612 0.07745435
vt 0.24360809 0.09711595
vt 0.24116626 0.09955783
vt 0.24360809 0.12153479
vt 0.24360809 0.11944405
vt 0.24360809 0.14595363
vt 0.22752903 0.14699544
vt 0.24398053 0.14819703
vt 0.24535224 0.13763255
vt 0.24360809 0.17037247
vt 0.22844334 0.17639215
vt 0.23992574 0.16918354
vt 0.24376349 0.15764427
vt 0.24360809 0.19479130
vt 0.23414326 0.19342718
vt 0.24585333 0.18931694
vt 0.24360809 0.21921015
vt 0.23828803 0.22127907
vt 0.24506727 0.21001852
vt 0.24140295 0.19847354
vt 0.24360809 0.24362898
vt 0.24222352 0.24118710
vt 0.24360809 0.26804781
vt 0.22865374 0.27240512
vt 0.24238932 0.26521111
vt 0.24360809 0.29246667
vt 0.23476121 0.29018420
vt 0.24365698 0.28819880
vt 0.24360809 0.31688550
vt 0.23497139 0.31904256
vt 0.24307194 0.31537780
vt 0.24656242 0.29979485
vt 0.24360809 0.34130433
vt 0.24052119 0.33823141
vt 0.24722929 0.33019239
vt 0.24360809 0.36572316
vt 0.22697000 0.37149391
vt 0.24346863 0.36394653
vt 0.24360809 0.39014202
vt 0.23623870 0.39055106
vt 0.24345686 0.38566729
vt 0.24360809 0.41456085
vt 0.23970288 0.41148666
vt 0.24922630 0.39752680
vt 0.24360809 0.43897969
vt 0.24116626 0.43915054
vt 0.24767779 0.42916626
vt 0.24360809 0.46339852
vt 0.23049894 0.46680421
vt 0.24410604 0.46094853
vt 0.24360809 0.48781738
vt 0.24211839 0.48722106
vt 0.24640617 0.47875953
vt 0.24360809 0.51223618
vt 0.22768109 0.51796883
vt 0.23998465 0.50982922
vt 0.24360809 0.53665507
vt 0.23507246 0.53549248
vt 0.24579827 0.53064746
vt 0.24360809 0.56107390
vt 0.24063128 0.56516701
vt 0.24623971 0.55517334
vt 0.24535200 0.54069704
vt 0.24360809 0.58549273
vt 0.24360809 0.58549273
vt 0.24360809 0.60991156
vt 0.23308502 0.61074275
vt 0.24273063 0.60352844
vt 0.24360809 0.63433039
vt 0.24298148 0.63139749
vt 0.24726331 0.61579168
vt 0.24360809 0.65874922
vt 0.23849957 0.65988159
vt 0.24480334 0.64384294
vt 0.24360809 0.68316805
vt 0.24456854 0.68072617
vt 0.24360809 0.70758688
vt 0.23504576 0.70609742
vt 0.24720883 0.70669264
vt 0.24360809 0.73200577
vt 0.23416941 0.73738021
vt 0.24311233 0.73161411
vt 0.24303553 0.71411061
vt 0.24360809 0.75642461
vt 0.23894039 0.75663567
vt 0.24511428 0.75175190
vt 0.24360809 0.78084344
vt 0.24130443 0.77694952
vt 0.24944384 0.76248759
vt 0.24360809 0.80526227
vt 0.23212284 0.80827290
vt 0.24266499 0.80043590
vt 0.24360809 0.82968110
vt 0.24047296 0.82688016
vt 0.24861239 0.81868899
vt 0.24360809 0.85409993
vt 0.22470976 0.85799837
vt 0.23364332 0.85423219
vt 0.24483185 0.85008335
vt 0.24360809 0.87851876
vt 0.24223752 0.87348408
vt 0.22908382 0.88071865
vt 0.24409646 0.88405514
vt 0.24504484 0.86413276
vt 0.24360809 0.90293765
vt 0.23549396 0.89708638
vt 0.24804671 0.90299201
vt 0.24360809 0.92735648
vt 0.24316306 0.90909249
vt 0.24186392 0.92739528
vt 0.24360809 0.95177531
vt 0.24360809 0.95177531
vt 0.24767779 0.97516292
vt 0.24360809 0.97347528
vt 0.24360809 0.98954153
vt 0.24360809 0.98400086
vt 0.27209607 0.00395939
vt 0.26395664 0.02394842
vt 0.26802635 0.00000514
vt 0.26802635 0.00004025
vt 0.26802635 0.00008003
vt 0.26802635 0.00012547
vt 0.26802635 0.00017787
vt 0.26802635 0.00023898
vt 0.26802635 0.00031115
vt 0.26802635 0.00039772
vt 0.26802635 0.00050348
vt 0.26802635 0.00063564
vt 0.26802635 0.00080557
vt 0.26802635 0.00103232
vt 0.26802635 0.00135054
vt 0.26802635 0.00183102
vt 0.26802635 0.00264681
vt 0.26802635 0.00439434
vt 0.26395664 0.01010049
vt 0.26802635 0.02523728
vt 0.26802635 0.04827827
vt 0.27046818 0.04583639
vt 0.26802635 0.07269711
vt 0.25694796 0.06958971
vt 0.27097854 0.06848531
vt 0.26802635 0.09711595
vt 0.26727575 0.07856373
vt 0.26628217 0.09639256
vt 0.26802635 0.12153479
vt 0.26977050 0.12252410
vt 0.26802635 0.14595363
vt 0.26644194 0.14914273
vt 0.26856688 0.14056051
vt 0.26802635 0.17037247
vt 0.26061961 0.17300928
vt 0.26577446 0.16535163
vt 0.26802635 0.19479130
vt 0.25376073 0.19791490
vt 0.27009171 0.19909671
vt 0.26915443 0.18833312
vt 0.27264956 0.17458926
vt 0.26802635 0.21921015
vt 0.25248137 0.22465068
vt 0.26541582 0.21651107
vt 0.26802635 0.24362898
vt 0.25072595 0.24769878
vt 0.26890740 0.23955917
vt 0.26802635 0.26804781
vt 0.26115599 0.26852986
vt 0.26980731 0.26234484
vt 0.26802635 0.29246667
vt 0.26423767 0.28877854
vt 0.27378049 0.27473995
vt 0.26802635 0.31688550
vt 0.26558453 0.31612384
vt 0.27209607 0.30383506
vt 0.26802635 0.34130433
vt 0.25924289 0.34637102
vt 0.26766074 0.33692619
vt 0.26802635 0.36572316
vt 0.26435420 0.36590096
vt 0.27154979 0.35976663
vt 0.26802635 0.39014202
vt 0.26641038 0.38840872
vt 0.27401116 0.37105289
vt 0.26802635 0.41456085
vt 0.26709801 0.41739339
vt 0.26898286 0.40549499
vt 0.26802635 0.43897969
vt 0.26458511 0.44352597
vt 0.26809227 0.43539387
vt 0.26802635 0.46339852
vt 0.26802635 0.46339852
vt 0.26802635 0.48781738
vt 0.26094034 0.48978558
vt 0.26771173 0.48224643
vt 0.26802635 0.51223618
vt 0.26422340 0.51075000
vt 0.27376384 0.49469739
vt 0.26802635 0.53665507
vt 0.26789457 0.53340119
vt 0.26802635 0.56107390
vt 0.25451416 0.56423461
vt 0.26846007 0.55832195
vt 0.26542637 0.54565239
vt 0.26802635 0.58549273
vt 0.26711321 0.58597046
vt 0.27114677 0.56869078
vt 0.26802635 0.60991156
vt 0.26263997 0.60807782
vt 0.26396030 0.61448818
vt 0.27047256 0.60707223
vt 0.26802635 0.63433039
vt 0.26895314 0.63433039
vt 0.26802635 0.65874922
vt 0.25549325 0.66299158
vt 0.26495269 0.65485197
vt 0.26802635 0.68316805
vt 0.26174384 0.68519086
vt 0.27086157 0.67722946
vt 0.26802635 0.70758688
vt 0.25978252 0.70966947
vt 0.26762286 0.70966947
vt 0.26920399 0.70251948
vt 0.27267519 0.68712211
vt 0.26802635 0.73200577
vt 0.26151675 0.73031700
vt 0.26526174 0.71942836
vt 0.27022374 0.72643411
vt 0.26802635 0.75642461
vt 0.26644957 0.75426203
vt 0.27406341 0.73738843
vt 0.26802635 0.78084344
vt 0.26244733 0.78195703
vt 0.26865700 0.76958740
vt 0.26802635 0.80526227
vt 0.26977697 0.80616200
vt 0.26802635 0.82968110
vt 0.26479179 0.83400756
vt 0.26838163 0.82457310
vt 0.26802635 0.85409993
vt 0.26802635 0.85409993
vt 0.26802635 0.87851876
vt 0.25456157 0.88203526
vt 0.26139587 0.87799478
vt 0.26940629 0.87440175
vt 0.26802635 0.90293765
vt 0.26308897 0.90012354
vt 0.26864132 0.89361173
vt 0.27224731 0.88638985
vt 0.26802635 0.92735648
vt 0.26244533 0.91822135
vt 0.27152756 0.92807364
vt 0.26802635 0.95177531
vt 0.26558453 0.95421720
vt 0.27209607 0.97521442
vt 0.26802635 0.97331923
vt 0.26802635 0.98997217
vt 0.26802635 0.98455507
vt 0.29651430 0.00395651
vt 0.28837490 0.02394795
vt 0.29244462 0.00000143
vt 0.29244462 0.00003608
vt 0.29244462 0.00007529
vt 0.29244462 0.00012003
vt 0.29244462 0.00017157
vt 0.29244462 0.00023160
vt 0.29244462 0.00030239
vt 0.29244462 0.00038714
vt 0.29244462 0.00049045
vt 0.29244462 0.00061919
vt 0.29244462 0.00078414
vt 0.29244462 0.00100324
vt 0.29244462 0.00130878
vt 0.29244462 0.00176580
vt 0.29244462 0.00252970
vt 0.29244462 0.00411102
vt 0.28837490 0.00947954
vt 0.29244462 0.02513974
vt 0.29244462 0.04827827
vt 0.29244462 0.04827827
vt 0.29244462 0.07269711
vt 0.29696971 0.07336156
vt 0.29244462 0.09711595
vt 0.28754961 0.08386875
vt 0.29348138 0.10168444
vt 0.29244462 0.12153479
vt 0.29244462 0.12153479
vt 0.29244462 0.14595363
vt 0.27805454 0.15022486
vt 0.29108655 0.14202771
vt 0.29244462 0.17037247
vt 0.28973016 0.16977160
vt 0.29696476 0.16220587
vt 0.29244462 0.19479130
vt 0.28163058 0.19844811
vt 0.29016730 0.19500029
vt 0.29153526 0.18536277
vt 0.29244462 0.21921015
vt 0.28879526 0.22033094
vt 0.29283991 0.20864144
vt 0.29244462 0.24362898
vt 0.29000279 0.24607086
vt 0.29244462 0.26804781
vt 0.29064447 0.26459178
vt 0.29244462 0.29246667
vt 0.29244462 0.29163760
vt 0.29272628 0.27224407
vt 0.29244462 0.31688550
vt 0.28946328 0.32064450
vt 0.29315442 0.30963865
vt 0.29244462 0.34130433
vt 0.29000279 0.34374622
vt 0.29244462 0.36572316
vt 0.29230663 0.36217251
vt 0.29244462 0.39014202
vt 0.29244462 0.38659135
vt 0.29472086 0.37056878
vt 0.29244462 0.41456085
vt 0.27891341 0.41481099
vt 0.29138365 0.40947118
vt 0.29244462 0.43897969
vt 0.27568153 0.44268310
vt 0.28842986 0.43689311
vt 0.29487199 0.42429274
vt 0.29244462 0.46339852
vt 0.28725922 0.46258810
vt 0.29656926 0.45060942
vt 0.29244462 0.48781738
vt 0.29418877 0.48719209
vt 0.29244462 0.51223618
vt 0.29123092 0.51651746
vt 0.29285994 0.50153089
vt 0.29244462 0.53665507
vt 0.28639463 0.53897101
vt 0.29586136 0.54287386
vt 0.29482374 0.53390217
vt 0.29244462 0.56107390
vt 0.28805548 0.55785429
vt 0.28836316 0.56599396
vt 0.29487237 0.55855846
vt 0.29244462 0.58549273
vt 0.29112607 0.58305085
vt 0.29244462 0.60991156
vt 0.27346009 0.61595005
vt 0.29116651 0.60833567
vt 0.29244462 0.63433039
vt 0.28049290 0.63552856
vt 0.29111493 0.63064480
vt 0.29244462 0.65874922
vt 0.28793156 0.65786088
vt 0.29735368 0.64587045
vt 0.29244462 0.68316805
vt 0.29244462 0.67987221
vt 0.29244462 0.70758688
vt 0.27404580 0.71169484
vt 0.28897116 0.71005142
vt 0.29418877 0.69343746
vt 0.29244462 0.73200577
vt 0.29555419 0.73273319
vt 0.29244462 0.75642461
vt 0.28857464 0.75512135
vt 0.29065943 0.74347603
vt 0.29244462 0.78084344
vt 0.27705801 0.78585088
vt 0.29164177 0.77849436
vt 0.29244462 0.80526227
vt 0.28577101 0.80254281
vt 0.29477879 0.80344933
vt 0.29244462 0.82968110
vt 0.27712828 0.83352947
vt 0.29257962 0.82925135
vt 0.29413718 0.81269860
vt 0.29244462 0.85409993
vt 0.28895462 0.85519737
vt 0.29418612 0.84578609
vt 0.29244462 0.87851876
vt 0.29244462 0.87851876
vt 0.29244462 0.90293765
vt 0.27318063 0.90688634
vt 0.28268492 0.90289176
vt 0.29213834 0.89641100
vt 0.29244462 0.92735648
vt 0.29389048 0.92058164
vt 0.27807173 0.92916071
vt 0.29192257 0.92916071
vt 0.29412216 0.90885937
vt 0.29244462 0.95177531
vt 0.29209659 0.94069403
vt 0.29263499 0.95384091
vt 0.29651430 0.97522551
vt 0.29000279 0.97560948
vt 0.29244462 0.99027139
vt 0.29244462 0.98607022
vt 0.32093257 0.00395587
vt 0.31279317 0.02394754
vt 0.31686288 0.00000031
vt 0.31686288 0.00003481
vt 0.31686288 0.00007385
vt 0.31686288 0.00011839
vt 0.31686288 0.00016968
vt 0.31686288 0.00022939
vt 0.31686288 0.00029978
vt 0.31686288 0.00038400
vt 0.31686288 0.00048661
vt 0.31686288 0.00061438
vt 0.31686288 0.00077795
vt 0.31686288 0.00099495
vt 0.31686288 0.00129710
vt 0.31686288 0.00174805
vt 0.31686288 0.00249929
vt 0.31686288 0.00404472
vt 0.31279317 0.00932104
vt 0.31686288 0.02512531
vt 0.31686288 0.04827827
vt 0.31686288 0.04827827
vt 0.31686288 0.07269711
vt 0.31930470 0.07025523
vt 0.31686288 0.09711595
vt 0.30458575 0.09374429
vt 0.32008243 0.09595344
vt 0.31686288 0.12153479
vt 0.31468871 0.10490911
vt 0.31612298 0.12399666
vt 0.31686288 0.14595363
vt 0.31686288 0.14854042
vt 0.31686288 0.17037247
vt 0.31593111 0.17295927
vt 0.31818658 0.15958828
vt 0.31686288 0.19479130
vt 0.30441728 0.20058630
vt 0.31391865 0.19191812
vt 0.31686288 0.21921015
vt 0.30062133 0.22058327
vt 0.31231722 0.21932289
vt 0.32113826 0.21590622
vt 0.31686288 0.24362898
vt 0.31352547 0.24637468
vt 0.31665739 0.23701191
vt 0.32113093 0.22768164
vt 0.31686288 0.26804781
vt 0.30117840 0.26513502
vt 0.31468430 0.27294406
vt 0.31869653 0.26197901
vt 0.31686288 0.29246667
vt 0.31686288 0.29246667
vt 0.31686288 0.31688550
vt 0.30331913 0.31994209
vt 0.31562573 0.31209198
vt 0.31686288 0.34130433
vt 0.31262460 0.34209546
vt 0.32152408 0.32851461
vt 0.31686288 0.36572316
vt 0.31115139 0.36369208
vt 0.31469002 0.37013531
vt 0.32282946 0.36094484
vt 0.31686288 0.39014202
vt 0.31686288 0.39014202
vt 0.31686288 0.41456085
vt 0.31630608 0.41218340
vt 0.31686288 0.43897969
vt 0.31511870 0.43700871
vt 0.31863657 0.42268360
vt 0.31686288 0.46339852
vt 0.31279317 0.46551141
vt 0.32093257 0.45179927
vt 0.31686288 0.48781738
vt 0.31930470 0.48537549
vt 0.31686288 0.51223618
vt 0.30062583 0.51233828
vt 0.31712246 0.50923491
vt 0.31686288 0.53665507
vt 0.29902643 0.53839928
vt 0.31637764 0.53711689
vt 0.31648248 0.52493185
vt 0.31686288 0.56107390
vt 0.29754812 0.56716633
vt 0.31510127 0.56210452
vt 0.31690255 0.55004776
vt 0.31686288 0.58549273
vt 0.30339468 0.58956254
vt 0.31554434 0.58305085
vt 0.31686288 0.60991156
vt 0.30903956 0.61083043
vt 0.31914100 0.60457259
vt 0.31686288 0.63433039
vt 0.31483179 0.63371086
vt 0.32229418 0.61947703
vt 0.31686288 0.65874922
vt 0.31159508 0.66122723
vt 0.31786701 0.65173137
vt 0.31686288 0.68316805
vt 0.31828803 0.68384379
vt 0.31686288 0.70758688
vt 0.31185177 0.71118528
vt 0.31747288 0.70102429
vt 0.31686288 0.73200577
vt 0.31292069 0.72964078
vt 0.31657419 0.73210186
vt 0.31724194 0.72665280
vt 0.31686288 0.75642461
vt 0.30239761 0.75891972
vt 0.31419012 0.73530132
vt 0.31763631 0.75169438
vt 0.31686288 0.78084344
vt 0.31055760 0.78126186
vt 0.31933656 0.77508742
vt 0.31686288 0.80526227
vt 0.31442213 0.80154115
vt 0.32256156 0.78762233
vt 0.31686288 0.82968110
vt 0.31006193 0.82706344
vt 0.31676337 0.82295269
vt 0.31686288 0.85409993
vt 0.30670115 0.85727167
vt 0.31610885 0.85293525
vt 0.32025170 0.83518451
vt 0.31686288 0.87851876
vt 0.31374252 0.87940371
vt 0.31919578 0.86850500
vt 0.31686288 0.90293765
vt 0.31686288 0.90386999
vt 0.31686288 0.92735648
vt 0.30472937 0.92916071
vt 0.31172734 0.93084866
vt 0.31633058 0.91439009
vt 0.31686288 0.95177531
vt 0.32188392 0.93939090
vt 0.30392545 0.94931650
vt 0.31964740 0.95260847
vt 0.32093257 0.97519004
vt 0.31476375 0.96235502
vt 0.31511870 0.97400469
vt 0.31686288 0.98990434
vt 0.31686288 0.98521811
vt 0.34535083 0.00395566
vt 0.33721143 0.02394748
vt 0.34128112 0.00000000
vt 0.34128112 0.00003446
vt 0.34128112 0.00007346
vt 0.34128112 0.00011794
vt 0.34128112 0.00016916
vt 0.34128112 0.00022878
vt 0.34128112 0.00029906
vt 0.34128112 0.00038315
vt 0.34128112 0.00048557
vt 0.34128112 0.00061308
vt 0.34128112 0.00077628
vt 0.34128112 0.00099274
vt 0.34128112 0.00129403
vt 0.34128112 0.00174351
vt 0.34128112 0.00249195
vt 0.34128112 0.00403159
vt 0.33721143 0.00926704
vt 0.34128112 0.02512985
vt 0.34128112 0.04827827
vt 0.34128112 0.04827827
vt 0.34128112 0.07269711
vt 0.34128112 0.07269711
vt 0.34128112 0.09711595
vt 0.34372294 0.09467407
vt 0.34128112 0.12153479
vt 0.32803649 0.11814813
vt 0.34489003 0.12058063
vt 0.34128112 0.14595363
vt 0.33972991 0.13099472
vt 0.34276286 0.14690745
vt 0.34128112 0.17037247
vt 0.33080694 0.17353415
vt 0.34048247 0.16914241
vt 0.34128112 0.19479130
vt 0.33777136 0.19626661
vt 0.34299096 0.18950050
vt 0.34128112 0.21921015
vt 0.34128112 0.21921015
vt 0.34128112 0.24362898
vt 0.32320014 0.24529524
vt 0.33345717 0.24311641
vt 0.34101903 0.23700488
vt 0.34128112 0.26804781
vt 0.33194837 0.27059975
vt 0.33786672 0.26530182
vt 0.34218583 0.25659019
vt 0.34579787 0.24763356
vt 0.34128112 0.29246667
vt 0.33715722 0.29131919
vt 0.34707531 0.27733910
vt 0.34128112 0.31688550
vt 0.34128112 0.31495750
vt 0.34128112 0.34130433
vt 0.33721143 0.34288093
vt 0.34535083 0.32906258
vt 0.34128112 0.36572316
vt 0.33721143 0.36922777
vt 0.34535083 0.35802519
vt 0.34128112 0.39014202
vt 0.34238970 0.39300039
vt 0.34128112 0.41456085
vt 0.33305687 0.41272110
vt 0.33998796 0.42022356
vt 0.34435436 0.41056710
vt 0.34128112 0.43897969
vt 0.34128112 0.44152275
vt 0.34128112 0.46339852
vt 0.33823055 0.46732250
vt 0.34189400 0.45665103
vt 0.34128112 0.48781738
vt 0.33883929 0.49025926
vt 0.34128112 0.51223618
vt 0.34372294 0.50979429
vt 0.34128112 0.53665507
vt 0.33081758 0.53583443
vt 0.34062365 0.53095353
vt 0.34128112 0.56107390
vt 0.33615822 0.56268924
vt 0.34124696 0.55558461
vt 0.34254891 0.54102612
vt 0.34128112 0.58549273
vt 0.33775863 0.58386117
vt 0.34734583 0.56721067
vt 0.34128112 0.60991156
vt 0.34302530 0.60959619
vt 0.34128112 0.63433039
vt 0.33773735 0.63388890
vt 0.34262103 0.62356347
vt 0.34128112 0.65874922
vt 0.32701674 0.66429859
vt 0.34103394 0.65680653
vt 0.34128112 0.68316805
vt 0.33060324 0.68115753
vt 0.34111956 0.67911774
vt 0.34128112 0.70758688
vt 0.32501221 0.71415269
vt 0.33771977 0.70584518
vt 0.34393680 0.69182962
vt 0.34128112 0.73200577
vt 0.32095000 0.73244113
vt 0.33474746 0.72961920
vt 0.34361133 0.72634488
vt 0.34128112 0.75642461
vt 0.34269074 0.74003261
vt 0.33883929 0.75939912
vt 0.34128112 0.78084344
vt 0.34302530 0.77992696
vt 0.34128112 0.80526227
vt 0.33903441 0.80783421
vt 0.34301937 0.79228938
vt 0.34128112 0.82968110
vt 0.33883929 0.82957160
vt 0.34128112 0.85409993
vt 0.33883929 0.85399044
vt 0.34535083 0.84643149
vt 0.34128112 0.87851876
vt 0.32892188 0.88071024
vt 0.34187281 0.87530988
vt 0.34128112 0.90293765
vt 0.34018451 0.90174741
vt 0.34462950 0.88972235
vt 0.34128112 0.92735648
vt 0.33076203 0.92710930
vt 0.34082490 0.92474467
vt 0.34128112 0.95177531
vt 0.33658060 0.95096695
vt 0.34096244 0.94743150
vt 0.34236553 0.93657678
vt 0.34535083 0.97533482
vt 0.33532917 0.96131009
vt 0.34141192 0.97399217
vt 0.34128112 0.99066359
vt 0.34128112 0.98542434
vt 0.36976910 0.00395622
vt 0.36162966 0.02394750
vt 0.36569938 0.00000065
vt 0.36569938 0.00003520
vt 0.36569938 0.00007429
vt 0.36569938 0.00011890
vt 0.36569938 0.00017027
vt 0.36569938 0.00023009
vt 0.36569938 0.00030061
vt 0.36569938 0.00038502
vt 0.36569938 0.00048788
vt 0.36569938 0.00061601
vt 0.36569938 0.00078011
vt 0.36569938 0.00099796
vt 0.36569938 0.00130158
vt 0.36569938 0.00175542
vt 0.36569938 0.00251370
vt 0.36569938 0.00408597
vt 0.36162966 0.00935692
vt 0.36569938 0.02515601
vt 0.36569938 0.04827827
vt 0.36569938 0.04827827
vt 0.36569938 0.07269711
vt 0.36569938 0.07269711
vt 0.36569938 0.09711595
vt 0.36569938 0.09711595
vt 0.36569938 0.12153479
vt 0.36814120 0.11909290
vt 0.36569938 0.14595363
vt 0.35653695 0.14240520
vt 0.36922854 0.14469002
vt 0.36569938 0.17037247
vt 0.36402056 0.15293795
vt 0.36650681 0.17219010
vt 0.36569938 0.19479130
vt 0.35053721 0.19815466
vt 0.36423102 0.19370529
vt 0.36569938 0.21921015
vt 0.36234978 0.21983694
vt 0.36766550 0.20713134
vt 0.36569938 0.24362898
vt 0.36569938 0.24494900
vt 0.36569938 0.26804781
vt 0.35454571 0.26839161
vt 0.36427298 0.26646280
vt 0.36514875 0.25790459
vt 0.36569938 0.29246667
vt 0.36162966 0.29466638
vt 0.36976910 0.28533396
vt 0.36816886 0.27342376
vt 0.36569938 0.31688550
vt 0.36744356 0.31662604
vt 0.36569938 0.34130433
vt 0.36519945 0.34387353
vt 0.36734131 0.32952437
vt 0.36569938 0.36572316
vt 0.36002645 0.36887616
vt 0.36621734 0.36035573
vt 0.36569938 0.39014202
vt 0.36739504 0.39014202
vt 0.36569938 0.41456085
vt 0.35510424 0.41742042
vt 0.36271262 0.41083911
vt 0.36569938 0.43897969
vt 0.36271262 0.43551660
vt 0.37085202 0.42406338
vt 0.36569938 0.46339852
vt 0.35167089 0.46671444
vt 0.36439300 0.45879021
vt 0.36569938 0.48781738
vt 0.36090466 0.48713917
vt 0.37027982 0.47682717
vt 0.36569938 0.51223618
vt 0.36719510 0.51523513
vt 0.36569938 0.53665507
vt 0.36057234 0.53459495
vt 0.36275420 0.54104298
vt 0.36949065 0.53378588
vt 0.36569938 0.56107390
vt 0.36787891 0.56117493
vt 0.36569938 0.58549273
vt 0.35984907 0.58690238
vt 0.36600447 0.57622659
vt 0.36569938 0.60991156
vt 0.36635238 0.60991156
vt 0.36569938 0.63433039
vt 0.35383704 0.63930142
vt 0.36274627 0.63116181
vt 0.36569938 0.65874922
vt 0.36066699 0.65910798
vt 0.36756825 0.65294349
vt 0.36569938 0.68316805
vt 0.36553398 0.68054301
vt 0.36904398 0.66298485
vt 0.36569938 0.70758688
vt 0.36306694 0.71093237
vt 0.36689761 0.69836885
vt 0.36569938 0.73200577
vt 0.36569938 0.73349643
vt 0.36569938 0.75642461
vt 0.36278018 0.75944650
vt 0.36649618 0.74614477
vt 0.36569938 0.78084344
vt 0.36569938 0.78084344
vt 0.36569938 0.80526227
vt 0.35729778 0.80660993
vt 0.36678579 0.80152601
vt 0.36569938 0.82968110
vt 0.36529359 0.82947093
vt 0.36985257 0.81562436
vt 0.36569938 0.85409993
vt 0.36298212 0.85861605
vt 0.36677885 0.84740633
vt 0.36569938 0.87851876
vt 0.36569938 0.87851876
vt 0.36569938 0.90293765
vt 0.36061490 0.90377897
vt 0.36567071 0.89656174
vt 0.36569938 0.92735648
vt 0.36363107 0.92334145
vt 0.37177047 0.90908980
vt 0.36569938 0.95177531
vt 0.34584826 0.95579535
vt 0.35604796 0.95135808
vt 0.36691189 0.94857717
vt 0.36976910 0.97557282
vt 0.36401623 0.96733254
vt 0.36121985 0.97796011
vt 0.36569938 0.99261564
vt 0.36598805 0.99040347
vt 0.39418736 0.00395669
vt 0.38604793 0.02394762
vt 0.39011765 0.00000130
vt 0.39011765 0.00003593
vt 0.39011765 0.00007512
vt 0.39011765 0.00011985
vt 0.39011765 0.00017138
vt 0.39011765 0.00023138
vt 0.39011765 0.00030214
vt 0.39011765 0.00038686
vt 0.39011765 0.00049014
vt 0.39011765 0.00061885
vt 0.39011765 0.00078379
vt 0.39011765 0.00100292
vt 0.39011765 0.00130863
vt 0.39011765 0.00176628
vt 0.39011765 0.00253275
vt 0.39011765 0.00412971
vt 0.38604793 0.00945136
vt 0.39011765 0.02516932
vt 0.39011765 0.04827827
vt 0.39011765 0.04827827
vt 0.39011765 0.07269711
vt 0.39011765 0.07269711
vt 0.39011765 0.09711595
vt 0.39011765 0.09711595
vt 0.39011765 0.12153479
vt 0.39011765 0.12153479
vt 0.39011765 0.14595363
vt 0.39255947 0.14351174
vt 0.39011765 0.17037247
vt 0.37623498 0.16803339
vt 0.39266923 0.16809586
vt 0.39011765 0.19479130
vt 0.38880622 0.18545109
vt 0.39011765 0.19417016
vt 0.39011765 0.21921015
vt 0.38092482 0.22081974
vt 0.38950205 0.21338305
vt 0.39011765 0.24362898
vt 0.39042538 0.24323159
vt 0.39570186 0.22697057
vt 0.39011765 0.26804781
vt 0.37948835 0.26768288
vt 0.38753214 0.26328081
vt 0.39011765 0.29246667
vt 0.38670376 0.29721323
vt 0.39223933 0.29066709
vt 0.39011765 0.28139985
vt 0.39160186 0.27152482
vt 0.39011765 0.31688550
vt 0.39011765 0.31688550
vt 0.39011765 0.34130433
vt 0.38001356 0.34012577
vt 0.38954628 0.33539826
vt 0.39011765 0.36572316
vt 0.37362292 0.37144759
vt 0.38647959 0.36388329
vt 0.39303461 0.34979421
vt 0.39011765 0.39014202
vt 0.38112688 0.39086995
vt 0.39181331 0.38464391
vt 0.39011765 0.41456085
vt 0.38596860 0.41190463
vt 0.39545137 0.39884630
vt 0.39011765 0.43897969
vt 0.38604793 0.44137886
vt 0.39418736 0.43147743
vt 0.39011765 0.46339852
vt 0.39186180 0.46434617
vt 0.39011765 0.48781738
vt 0.38714021 0.49225342
vt 0.39083290 0.48359758
vt 0.39011765 0.51223618
vt 0.39011765 0.51223618
vt 0.39011765 0.53665507
vt 0.37850058 0.54268855
vt 0.38937214 0.53310561
vt 0.39011765 0.56107390
vt 0.38399720 0.55916148
vt 0.39302367 0.55572915
vt 0.39011765 0.58549273
vt 0.37169325 0.59084076
vt 0.38630217 0.58346111
vt 0.39335403 0.57016844
vt 0.39011765 0.60991156
vt 0.37572241 0.61162090
vt 0.39242151 0.60764408
vt 0.39011765 0.63433039
vt 0.38781995 0.63667160
vt 0.39164722 0.62578392
vt 0.39011765 0.65874922
vt 0.37902731 0.65634966
vt 0.38555437 0.66285425
vt 0.39196718 0.65472502
vt 0.39011765 0.68316805
vt 0.39184025 0.68316805
vt 0.39011765 0.70758688
vt 0.37901601 0.70974195
vt 0.38922936 0.70563781
vt 0.39011765 0.73200577
vt 0.38869813 0.73079491
vt 0.39301395 0.71864599
vt 0.39011765 0.75642461
vt 0.37700880 0.75928169
vt 0.38894263 0.75497693
vt 0.39011765 0.78084344
vt 0.38647741 0.78184402
vt 0.39161876 0.77175492
vt 0.39011765 0.80526227
vt 0.39011765 0.80526227
vt 0.39011765 0.82968110
vt 0.38387877 0.82740968
vt 0.39009845 0.82315058
vt 0.39011765 0.85409993
vt 0.37842223 0.85707498
vt 0.38914454 0.85274905
vt 0.39358678 0.83398342
vt 0.39011765 0.87851876
vt 0.38684756 0.87935960
vt 0.39221096 0.86815202
vt 0.39011765 0.90293765
vt 0.39011765 0.90474606
vt 0.39011765 0.92735648
vt 0.38425341 0.92916489
vt 0.39040604 0.92085099
vt 0.39011765 0.95177531
vt 0.39229324 0.95177531
vt 0.39418736 0.97567821
vt 0.37260365 0.97863382
vt 0.38638470 0.97275358
vt 0.39011765 0.99357480
vt 0.39011765 0.99514455
vt 0.39045441 0.98802263
vt 0.41860563 0.00395687
vt 0.41046619 0.02394768
vt 0.41453591 0.00000157
vt 0.41453591 0.00003623
vt 0.41453591 0.00007547
vt 0.41453591 0.00012024
vt 0.41453591 0.00017183
vt 0.41453591 0.00023191
vt 0.41453591 0.00030277
vt 0.41453591 0.00038763
vt 0.41453591 0.00049108
vt 0.41453591 0.00062004
vt 0.41453591 0.00078533
vt 0.41453591 0.00100500
vt 0.41453591 0.00131162
vt 0.41453591 0.00177095
vt 0.41453591 0.00254117
vt 0.41453591 0.00415057
vt 0.41046619 0.00948499
vt 0.41453591 0.02517923
vt 0.41453591 0.04827827
vt 0.41453591 0.04827827
vt 0.41453591 0.07269711
vt 0.41453591 0.07269711
vt 0.41453591 0.09711595
vt 0.41453591 0.09711595
vt 0.41453591 0.12153479
vt 0.41453591 0.12153479
vt 0.41453591 0.14595363
vt 0.41453591 0.14595363
vt 0.41453591 0.17037247
vt 0.41833788 0.17181090
vt 0.41453591 0.19479130
vt 0.40879726 0.18831672
vt 0.41484955 0.20091529
vt 0.41453591 0.21921015
vt 0.41453591 0.21981373
vt 0.41453591 0.24362898
vt 0.40421426 0.24216747
vt 0.41402718 0.24409606
vt 0.41375855 0.23603439
vt 0.41645187 0.22690481
vt 0.41453591 0.26804781
vt 0.41168711 0.25206757
vt 0.41435784 0.26693717
vt 0.41453591 0.29246667
vt 0.39796409 0.29667535
vt 0.41476345 0.29666275
vt 0.41254783 0.28940600
vt 0.41440403 0.27950934
vt 0.41453591 0.31688550
vt 0.41052952 0.31801650
vt 0.41545117 0.30884036
vt 0.41453591 0.34130433
vt 0.41453591 0.34368750
vt 0.41453591 0.36572316
vt 0.41163659 0.36951008
vt 0.41536051 0.36016753
vt 0.41453591 0.39014202
vt 0.41209409 0.38962179
vt 0.41453591 0.41456085
vt 0.41279176 0.41699874
vt 0.41860563 0.40160012
vt 0.41453591 0.43897969
vt 0.41255602 0.44353339
vt 0.41664773 0.43294907
vt 0.41453591 0.46339852
vt 0.41453591 0.46339852
vt 0.41453591 0.48781738
vt 0.40101933 0.49082029
vt 0.41515997 0.48651996
vt 0.41453591 0.51223618
vt 0.40836164 0.51101106
vt 0.41288778 0.49755564
vt 0.41453591 0.53665507
vt 0.41338018 0.53839922
vt 0.41453591 0.56107390
vt 0.41453591 0.56305444
vt 0.41453591 0.58549273
vt 0.41234270 0.58893460
vt 0.41634905 0.57663512
vt 0.41453591 0.60991156
vt 0.41453591 0.60991156
vt 0.41453591 0.63433039
vt 0.40147761 0.63447434
vt 0.41354251 0.62918001
vt 0.41453591 0.65874922
vt 0.39861432 0.66459024
vt 0.41100708 0.65715700
vt 0.41703084 0.64327198
vt 0.41453591 0.68316805
vt 0.40518257 0.68378288
vt 0.41775659 0.68011880
vt 0.41453591 0.70758688
vt 0.41071662 0.70402944
vt 0.41727826 0.69356757
vt 0.41453591 0.73200577
vt 0.40593356 0.73431116
vt 0.41608325 0.72934836
vt 0.41453591 0.75642461
vt 0.41289234 0.75579375
vt 0.41711855 0.74712509
vt 0.41453591 0.78084344
vt 0.40096477 0.78360033
vt 0.41105315 0.77703613
vt 0.41453591 0.80526227
vt 0.40980652 0.80434376
vt 0.41919255 0.79254812
vt 0.41453591 0.82968110
vt 0.41628006 0.82867593
vt 0.41453591 0.85409993
vt 0.41425300 0.85496217
vt 0.41663826 0.84211016
vt 0.41453591 0.87851876
vt 0.40251231 0.88131493
vt 0.41351593 0.87702763
vt 0.41453591 0.90293765
vt 0.41258851 0.90222979
vt 0.41669321 0.89309883
vt 0.41453591 0.92735648
vt 0.39756459 0.93317991
vt 0.41070652 0.92504030
vt 0.41453591 0.95177531
vt 0.40934303 0.95197791
vt 0.41814485 0.94843161
vt 0.41860563 0.97573161
vt 0.40974545 0.97335237
vt 0.41759658 0.96011394
vt 0.41453591 0.99392062
vt 0.41453591 0.99614209
vt 0.41506329 0.99058652
vt 0.44302389 0.00395868
vt 0.43488446 0.02394773
vt 0.43895417 0.00000365
vt 0.43895417 0.00003858
vt 0.43895417 0.00007815
vt 0.43895417 0.00012334
vt 0.43895417 0.00017543
vt 0.43895417 0.00023616
vt 0.43895417 0.00030787
vt 0.43895417 0.00039384
vt 0.43895417 0.00049882
vt 0.43895417 0.00062996
vt 0.43895417 0.00079851
vt 0.43895417 0.00102338
vt 0.43895417 0.00133907
vt 0.43895417 0.00181656
vt 0.43895417 0.00263291
vt 0.43895417 0.00444444
vt 0.43488446 0.00975234
vt 0.43895417 0.02540036
vt 0.43895417 0.04827827
vt 0.43895417 0.04827827
vt 0.43895417 0.07269711
vt 0.43895417 0.07269711
vt 0.43895417 0.09711595
vt 0.43895417 0.09711595
vt 0.43895417 0.12153479
vt 0.43895417 0.12153479
vt 0.43895417 0.14595363
vt 0.43895417 0.14595363
vt 0.43895417 0.17037247
vt 0.44139600 0.16793059
vt 0.43895417 0.19479130
vt 0.42161506 0.19359736
vt 0.44155163 0.19431263
vt 0.43895417 0.21921015
vt 0.43578461 0.20805514
vt 0.43986487 0.22108833
vt 0.43895417 0.24362898
vt 0.42073622 0.24801017
vt 0.42995319 0.24507381
vt 0.43648109 0.23965716
vt 0.43895417 0.26804781
vt 0.42921948 0.26376015
vt 0.44309592 0.26498520
vt 0.43895417 0.29246667
vt 0.42151457 0.29454896
vt 0.43223694 0.29262123
vt 0.43976682 0.29116878
vt 0.43933529 0.27713308
vt 0.43895417 0.31688550
vt 0.42591667 0.31991994
vt 0.43825307 0.31818184
vt 0.43721515 0.30687618
vt 0.44312158 0.29981285
vt 0.43895417 0.34130433
vt 0.43682367 0.34043503
vt 0.44085509 0.33033541
vt 0.43895417 0.36572316
vt 0.42598444 0.36820209
vt 0.43557164 0.36168423
vt 0.43895417 0.39014202
vt 0.43431070 0.38668001
vt 0.44371104 0.37272543
vt 0.43895417 0.41456085
vt 0.43651235 0.41428834
vt 0.44302389 0.40171522
vt 0.43895417 0.43897969
vt 0.43242052 0.44108889
vt 0.44027406 0.43571940
vt 0.43895417 0.46339852
vt 0.43383652 0.46188781
vt 0.44155675 0.44793963
vt 0.43895417 0.48781738
vt 0.43788633 0.48492101
vt 0.43895417 0.51223618
vt 0.42027310 0.51243067
vt 0.43585727 0.50385904
vt 0.43495131 0.51619500
vt 0.44365662 0.50805539
vt 0.43895417 0.53665507
vt 0.42499065 0.53606206
vt 0.44123217 0.53632975
vt 0.44495547 0.51882368
vt 0.43895417 0.56107390
vt 0.43657330 0.56056559
vt 0.44050458 0.55263209
vt 0.43895417 0.58549273
vt 0.43092707 0.58754033
vt 0.43850511 0.58346689
vt 0.43895417 0.60991156
vt 0.43643257 0.61027586
vt 0.44224510 0.59573287
vt 0.43895417 0.63433039
vt 0.43895417 0.63645399
vt 0.43895417 0.65874922
vt 0.43385166 0.66087282
vt 0.44015664 0.65100682
vt 0.43895417 0.68316805
vt 0.44042313 0.68316805
vt 0.43895417 0.70758688
vt 0.42706415 0.71216905
vt 0.43598801 0.70402944
vt 0.43895417 0.73200577
vt 0.43331930 0.72924954
vt 0.44017223 0.72609848
vt 0.43895417 0.75642461
vt 0.42628419 0.75964439
vt 0.43611652 0.75191683
vt 0.43664977 0.73563206
vt 0.43895417 0.78084344
vt 0.43808901 0.77957541
vt 0.44193241 0.76717162
vt 0.43895417 0.80526227
vt 0.43568185 0.80942231
vt 0.43925658 0.80045611
vt 0.43895417 0.82968110
vt 0.43895417 0.82968110
vt 0.43895417 0.85409993
vt 0.43237308 0.85535711
vt 0.44026813 0.85030717
vt 0.43895417 0.87851876
vt 0.43788055 0.87694597
vt 0.44233474 0.86262554
vt 0.43895417 0.90293765
vt 0.42757863 0.90617830
vt 0.43802676 0.90176398
vt 0.43895417 0.92735648
vt 0.43308729 0.92689067
vt 0.44050783 0.91921222
vt 0.43895417 0.95177531
vt 0.44068950 0.95177531
vt 0.44302389 0.97578168
vt 0.42311132 0.97677875
vt 0.43549976 0.97122514
vt 0.43895417 0.99425596
vt 0.43895417 0.99692631
vt 0.43895417 0.99434274
vt 0.43956947 0.98623353
vt 0.46744215 0.00396407
vt 0.45930272 0.02394849
vt 0.46337244 0.00001045
vt 0.46337244 0.00004627
vt 0.46337244 0.00008689
vt 0.46337244 0.00013337
vt 0.46337244 0.00018707
vt 0.46337244 0.00024982
vt 0.46337244 0.00032413
vt 0.46337244 0.00041352
vt 0.46337244 0.00052314
vt 0.46337244 0.00066078
vt 0.46337244 0.00083885
vt 0.46337244 0.00107850
vt 0.46337244 0.00141902
vt 0.46337244 0.00194342
vt 0.46337244 0.00286761
vt 0.46337244 0.00506391
vt 0.45930272 0.01113098
vt 0.46337244 0.02564839
vt 0.46337244 0.04827827
vt 0.46337244 0.04827827
vt 0.46337244 0.07269711
vt 0.46337244 0.07269711
vt 0.46337244 0.09711595
vt 0.46337244 0.09711595
vt 0.46337244 0.12153479
vt 0.46337244 0.12153479
vt 0.46337244 0.14595363
vt 0.46337244 0.14595363
vt 0.46337244 0.17037247
vt 0.46337244 0.17037247
vt 0.46337244 0.19479130
vt 0.46581426 0.19234942
vt 0.46337244 0.21921015
vt 0.45021281 0.21695584
vt 0.46721846 0.21827987
vt 0.46337244 0.24362898
vt 0.46220058 0.22886115
vt 0.46336931 0.24575359
vt 0.46337244 0.26804781
vt 0.46337244 0.26804781
vt 0.46337244 0.29246667
vt 0.45235130 0.29172134
vt 0.46267006 0.28680816
vt 0.46337244 0.31688550
vt 0.44690645 0.31873748
vt 0.45490214 0.31669959
vt 0.46297386 0.31481621
vt 0.46615839 0.30391711
vt 0.46337244 0.34130433
vt 0.45172900 0.34405294
vt 0.46276599 0.34241864
vt 0.46161231 0.33308509
vt 0.46734306 0.32691646
vt 0.46337244 0.36572316
vt 0.46187058 0.36547533
vt 0.46555275 0.35624880
vt 0.46337244 0.39014202
vt 0.46301022 0.39179447
vt 0.46523470 0.38166866
vt 0.46337244 0.41456085
vt 0.45897573 0.41700429
vt 0.46542189 0.40822572
vt 0.46337244 0.43897969
vt 0.46507195 0.43653780
vt 0.46337244 0.46339852
vt 0.44621372 0.46774071
vt 0.46034059 0.45839939
vt 0.46337244 0.48781738
vt 0.44630277 0.48980477
vt 0.46247727 0.48781738
vt 0.46337244 0.51223618
vt 0.46093062 0.51120931
vt 0.46337244 0.53665507
vt 0.46093062 0.53562814
vt 0.46744215 0.52326792
vt 0.46337244 0.56107390
vt 0.45195326 0.56342292
vt 0.46408165 0.55796349
vt 0.46337244 0.58549273
vt 0.46175769 0.58419049
vt 0.46599543 0.57149351
vt 0.46337244 0.60991156
vt 0.45366859 0.61139596
vt 0.46268383 0.60748345
vt 0.46337244 0.63433039
vt 0.46235621 0.63323009
vt 0.46683338 0.62174463
vt 0.46337244 0.65874922
vt 0.44950309 0.66423625
vt 0.46030477 0.65609658
vt 0.46337244 0.68316805
vt 0.45028365 0.68379939
vt 0.46395117 0.67758948
vt 0.46337244 0.70758688
vt 0.45982209 0.70576501
vt 0.46530628 0.68876654
vt 0.46337244 0.73200577
vt 0.44755483 0.73286998
vt 0.46542928 0.73672557
vt 0.46775424 0.71975654
vt 0.46337244 0.75642461
vt 0.45583922 0.75357813
vt 0.45919788 0.76171774
vt 0.46568844 0.75301749
vt 0.46337244 0.78084344
vt 0.46392074 0.78084344
vt 0.46337244 0.80526227
vt 0.44779167 0.80931467
vt 0.46184427 0.80466843
vt 0.46337244 0.82968110
vt 0.45989445 0.83082247
vt 0.46513313 0.82171893
vt 0.46337244 0.85409993
vt 0.46337244 0.85409993
vt 0.46337244 0.87851876
vt 0.45267084 0.88093895
vt 0.46417132 0.87545288
vt 0.46337244 0.90293765
vt 0.45844257 0.90068465
vt 0.46478206 0.89674532
vt 0.46337244 0.92735648
vt 0.44646847 0.93291777
vt 0.46197283 0.92542273
vt 0.46337244 0.95177531
vt 0.45505089 0.95281821
vt 0.46510777 0.95060951
vt 0.46744215 0.97583479
vt 0.45822090 0.97362870
vt 0.46592760 0.96431553
vt 0.46337244 0.99451429
vt 0.46337244 0.99746966
vt 0.46337244 0.99582303
vt 0.46400312 0.98988163
vt 0.49186039 0.00396517
vt 0.48372099 0.02394930
vt 0.48779070 0.00001250
vt 0.48779070 0.00004858
vt 0.48779070 0.00008951
vt 0.48779070 0.00013637
vt 0.48779070 0.00019053
vt 0.48779070 0.00025386
vt 0.48779070 0.00032890
vt 0.48779070 0.00041926
vt 0.48779070 0.00053016
vt 0.48779070 0.00066957
vt 0.48779070 0.00085019
vt 0.48779070 0.00109368
vt 0.48779070 0.00144039
vt 0.48779070 0.00197575
vt 0.48779070 0.00292220
vt 0.48779070 0.00517365
vt 0.48372099 0.01157213
vt 0.48779070 0.02563689
vt 0.48779070 0.04827827
vt 0.48779070 0.04827827
vt 0.48779070 0.07269711
vt 0.48779070 0.07269711
vt 0.48779070 0.09711595
vt 0.48779070 0.09711595
vt 0.48779070 0.12153479
vt 0.48779070 0.12153479
vt 0.48779070 0.14595363
vt 0.48779070 0.14595363
vt 0.48779070 0.17037247
vt 0.48779070 0.17037247
vt 0.48779070 0.19479130
vt 0.48779070 0.19479130
vt 0.48779070 0.21921015
vt 0.49023253 0.21676826
vt 0.48779070 0.24362898
vt 0.48044014 0.23970269
vt 0.49127543 0.23964091
vt 0.48779070 0.26804781
vt 0.48778567 0.24782933
vt 0.48604652 0.26754814
vt 0.48779070 0.29246667
vt 0.48779070 0.29143831
vt 0.48779070 0.31688550
vt 0.48534885 0.31809336
vt 0.49186039 0.31041819
vt 0.48779070 0.34130433
vt 0.47094139 0.34314954
vt 0.48022899 0.34126651
vt 0.48693585 0.33498490
vt 0.48779070 0.36572316
vt 0.47492924 0.36575347
vt 0.48331645 0.36318317
vt 0.48782244 0.35513568
vt 0.48934698 0.34512970
vt 0.48779070 0.39014202
vt 0.47878841 0.38939491
vt 0.48527288 0.38635942
vt 0.49053958 0.37550947
vt 0.48779070 0.41456085
vt 0.47943267 0.42026106
vt 0.48542887 0.41227323
vt 0.49086505 0.39581367
vt 0.48779070 0.43897969
vt 0.48002464 0.44304949
vt 0.49124181 0.43490988
vt 0.48779070 0.46339852
vt 0.47299263 0.46746832
vt 0.48994914 0.45932871
vt 0.48779070 0.48781738
vt 0.47909197 0.48904124
vt 0.49101871 0.48520315
vt 0.48779070 0.51223618
vt 0.48691019 0.51183468
vt 0.49108946 0.50126243
vt 0.48779070 0.53665507
vt 0.48529157 0.54023099
vt 0.48917556 0.52800900
vt 0.48779070 0.56107390
vt 0.48779070 0.56107390
vt 0.48779070 0.58549273
vt 0.47813931 0.58717382
vt 0.48635754 0.57971668
vt 0.48779070 0.60991156
vt 0.48903430 0.60830736
vt 0.48833495 0.59385657
vt 0.48779070 0.63433039
vt 0.48061374 0.63569993
vt 0.48537362 0.62936693
vt 0.48779070 0.65874922
vt 0.48558581 0.66004425
vt 0.49351305 0.64190483
vt 0.48779070 0.68316805
vt 0.47756562 0.68077862
vt 0.48339254 0.68728161
vt 0.48983839 0.67783189
vt 0.48779070 0.70758688
vt 0.48627955 0.70552760
vt 0.48779070 0.73200577
vt 0.48534885 0.73197645
vt 0.49299052 0.72067070
vt 0.48779070 0.75642461
vt 0.46891689 0.76236844
vt 0.48620534 0.75279832
vt 0.48779070 0.78084344
vt 0.47309837 0.78225386
vt 0.48833901 0.77591407
vt 0.48779070 0.80526227
vt 0.48408401 0.80236781
vt 0.49222341 0.79355621
vt 0.48779070 0.82968110
vt 0.47798938 0.83219683
vt 0.48870212 0.82667494
vt 0.48779070 0.85409993
vt 0.48267809 0.85284829
vt 0.49040037 0.84045452
vt 0.48779070 0.87851876
vt 0.49055019 0.87851876
vt 0.48779070 0.90293765
vt 0.46985140 0.90882427
vt 0.48383048 0.90068465
vt 0.48779070 0.92735648
vt 0.48134282 0.92891431
vt 0.49113065 0.92498082
vt 0.48779070 0.95177531
vt 0.48357064 0.94900370
vt 0.49005210 0.94247127
vt 0.49186039 0.97588527
vt 0.47267088 0.97779119
vt 0.48484838 0.97100878
vt 0.48779070 0.99484742
vt 0.48779070 0.99809736
vt 0.48779070 0.99717641
vt 0.48779070 0.99506855
vt 0.48996750 0.98748201
vt 0.51627868 0.00396454
vt 0.50813925 0.02394927
vt 0.51220894 0.00001176
vt 0.51220894 0.00004774
vt 0.51220894 0.00008856
vt 0.51220894 0.00013527
vt 0.51220894 0.00018926
vt 0.51220894 0.00025236
vt 0.51220894 0.00032712
vt 0.51220894 0.00041709
vt 0.51220894 0.00052748
vt 0.51220894 0.00066615
vt 0.51220894 0.00084569
vt 0.51220894 0.00108750
vt 0.51220894 0.00143134
vt 0.51220894 0.00196122
vt 0.51220894 0.00289487
vt 0.51220894 0.00509921
vt 0.50813925 0.01134778
vt 0.51220894 0.02561363
vt 0.51220894 0.04827827
vt 0.51220894 0.04827827
vt 0.51220894 0.07269711
vt 0.51220894 0.07269711
vt 0.51220894 0.09711595
vt 0.51220894 0.09711595
vt 0.51220894 0.12153479
vt 0.51220894 0.12153479
vt 0.51220894 0.14595363
vt 0.51220894 0.14595363
vt 0.51220894 0.17037247
vt 0.51220894 0.17037247
vt 0.51220894 0.19479130
vt 0.51220894 0.19479130
vt 0.51220894 0.21921015
vt 0.51220894 0.21921015
vt 0.51220894 0.24362898
vt 0.51614165 0.24487063
vt 0.51220894 0.26804781
vt 0.50662279 0.25842866
vt 0.51265335 0.27362666
vt 0.51220894 0.29246667
vt 0.50976712 0.29343212
vt 0.51220894 0.31688550
vt 0.50811940 0.32062566
vt 0.51627868 0.30405256
vt 0.51220894 0.34130433
vt 0.50276768 0.34238341
vt 0.51742643 0.34523156
vt 0.51842523 0.33294219
vt 0.51220894 0.36572316
vt 0.49700400 0.36701354
vt 0.51222622 0.36422756
vt 0.51220894 0.39014202
vt 0.50630635 0.39037490
vt 0.51192880 0.38625509
vt 0.51249516 0.37735102
vt 0.51220894 0.41456085
vt 0.50813925 0.41619733
vt 0.51587039 0.40530160
vt 0.51220894 0.43897969
vt 0.51220894 0.43897969
vt 0.51220894 0.46339852
vt 0.51220894 0.46339852
vt 0.51220894 0.48781738
vt 0.51465076 0.48537549
vt 0.51220894 0.51223618
vt 0.50249326 0.51117963
vt 0.51020253 0.50639987
vt 0.51220894 0.53665507
vt 0.50204051 0.53905213
vt 0.51145399 0.53165668
vt 0.51190299 0.51613486
vt 0.51220894 0.56107390
vt 0.50968027 0.56227696
vt 0.51743269 0.54619044
vt 0.51220894 0.58549273
vt 0.50125581 0.58713663
vt 0.51536906 0.59028661
vt 0.51482999 0.57703722
vt 0.51220894 0.60991156
vt 0.50610304 0.60628879
vt 0.51206273 0.61058217
vt 0.51453376 0.60548252
vt 0.51220894 0.63433039
vt 0.50965011 0.61702293
vt 0.51249880 0.63181573
vt 0.51220894 0.65874922
vt 0.50781077 0.65817273
vt 0.51269442 0.64911079
vt 0.51220894 0.68316805
vt 0.49722797 0.68879038
vt 0.51112527 0.68128014
vt 0.51220894 0.70758688
vt 0.50532913 0.70660532
vt 0.51283741 0.70272392
vt 0.51220894 0.73200577
vt 0.50884056 0.73646599
vt 0.51438373 0.72792488
vt 0.51420569 0.71206111
vt 0.51220894 0.75642461
vt 0.50976712 0.75886649
vt 0.51220894 0.78084344
vt 0.51220894 0.77953970
vt 0.51220894 0.80526227
vt 0.50813925 0.80802840
vt 0.51627868 0.79758066
vt 0.51220894 0.82968110
vt 0.51465076 0.82723922
vt 0.51220894 0.85409993
vt 0.49941730 0.85874438
vt 0.51128721 0.84935987
vt 0.51220894 0.87851876
vt 0.50706768 0.87897360
vt 0.51631838 0.87535524
vt 0.51220894 0.90293765
vt 0.51036191 0.90322191
vt 0.51657915 0.88811851
vt 0.51220894 0.92735648
vt 0.51220894 0.92735648
vt 0.51220894 0.95177531
vt 0.49445772 0.95714331
vt 0.51057816 0.94765544
vt 0.51627868 0.97591126
vt 0.50365585 0.97550201
vt 0.51414502 0.97032660
vt 0.51220894 0.99501735
vt 0.51220894 0.99841774
vt 0.51220894 0.99775618
vt 0.51220894 0.99649256
vt 0.51220894 0.99267197
vt 0.51401275 0.98150325
vt 0.54069692 0.00396491
vt 0.53255749 0.02394921
vt 0.53662723 0.00001212
vt 0.53662723 0.00004815
vt 0.53662723 0.00008902
vt 0.53662723 0.00013581
vt 0.53662723 0.00018989
vt 0.53662723 0.00025310
vt 0.53662723 0.00032801
vt 0.53662723 0.00041818
vt 0.53662723 0.00052884
vt 0.53662723 0.00066791
vt 0.53662723 0.00084804
vt 0.53662723 0.00109078
vt 0.53662723 0.00143627
vt 0.53662723 0.00196947
vt 0.53662723 0.00291161
vt 0.53662723 0.00515442
vt 0.53255749 0.01144671
vt 0.53662723 0.02564713
vt 0.53662723 0.04827827
vt 0.53662723 0.04827827
vt 0.53662723 0.07269711
vt 0.53662723 0.07269711
vt 0.53662723 0.09711595
vt 0.53662723 0.09711595
vt 0.53662723 0.12153479
vt 0.53662723 0.12153479
vt 0.53662723 0.14595363
vt 0.53662723 0.14595363
vt 0.53662723 0.17037247
vt 0.53662723 0.17037247
vt 0.53662723 0.19479130
vt 0.53662723 0.19479130
vt 0.53662723 0.21921015
vt 0.53662723 0.21921015
vt 0.53662723 0.24362898
vt 0.53906906 0.24118710
vt 0.53662723 0.26804781
vt 0.52020317 0.26609066
vt 0.53912723 0.26726434
vt 0.53662723 0.29246667
vt 0.53330177 0.27887306
vt 0.53698182 0.29506683
vt 0.53662723 0.31688550
vt 0.53230929 0.31574404
vt 0.53625488 0.30271244
vt 0.53662723 0.34130433
vt 0.53062981 0.34094125
vt 0.53647399 0.34161669
vt 0.53550732 0.33788317
vt 0.53754997 0.32391414
vt 0.53662723 0.36572316
vt 0.53406280 0.34595579
vt 0.53363991 0.36202163
vt 0.53662723 0.39014202
vt 0.51778173 0.39307320
vt 0.52811205 0.39014453
vt 0.53769916 0.38745028
vt 0.53662723 0.41456085
vt 0.53059793 0.41800529
vt 0.53538507 0.41234198
vt 0.53525138 0.40348083
vt 0.54067487 0.39794499
vt 0.53662723 0.43897969
vt 0.53553331 0.44072390
vt 0.53662723 0.46339852
vt 0.53418541 0.46584040
vt 0.53662723 0.48781738
vt 0.53684908 0.48960888
vt 0.53662723 0.51223618
vt 0.52130961 0.50814974
vt 0.53471965 0.51629412
vt 0.53884029 0.49970767
vt 0.53662723 0.53665507
vt 0.53418541 0.53613997
vt 0.53662723 0.56107390
vt 0.53418541 0.56055880
vt 0.54069692 0.54840440
vt 0.53662723 0.58549273
vt 0.52447397 0.58522177
vt 0.53576314 0.58010530
vt 0.53662723 0.60991156
vt 0.51725942 0.61288989
vt 0.53176737 0.61033195
vt 0.53925145 0.59510159
vt 0.53662723 0.63433039
vt 0.53906906 0.63188851
vt 0.53662723 0.65874922
vt 0.52036458 0.66398346
vt 0.53522980 0.65451473
vt 0.53662723 0.68316805
vt 0.52997065 0.68399042
vt 0.54013968 0.68026704
vt 0.53662723 0.70758688
vt 0.53600752 0.70626152
vt 0.54039544 0.69460529
vt 0.53662723 0.73200577
vt 0.52037394 0.73611796
vt 0.53810340 0.73460466
vt 0.53617465 0.72288811
vt 0.53662723 0.75642461
vt 0.53260249 0.75751787
vt 0.53751314 0.74807769
vt 0.53662723 0.78084344
vt 0.53662723 0.78438181
vt 0.53662723 0.80526227
vt 0.53060800 0.80880064
vt 0.53672969 0.80176395
vt 0.53662723 0.82968110
vt 0.53344029 0.82968110
vt 0.53662723 0.85409993
vt 0.53719330 0.85584414
vt 0.53662723 0.87851876
vt 0.53662723 0.87851876
vt 0.53662723 0.90293765
vt 0.53058523 0.90424311
vt 0.53800857 0.89917505
vt 0.53662723 0.92735648
vt 0.53141737 0.92621988
vt 0.53910071 0.91451669
vt 0.53662723 0.95177531
vt 0.53667653 0.95351952
vt 0.54069692 0.97593004
vt 0.53418541 0.97545987
vt 0.53662723 0.99513912
vt 0.53662723 0.99862689
vt 0.53662723 0.99810290
vt 0.53662723 0.99718964
vt 0.53662723 0.99512082
vt 0.53662723 0.98803377
vt 0.56511515 0.00396516
vt 0.55697578 0.02394930
vt 0.56104547 0.00001249
vt 0.56104547 0.00004856
vt 0.56104547 0.00008949
vt 0.56104547 0.00013634
vt 0.56104547 0.00019050
vt 0.56104547 0.00025383
vt 0.56104547 0.00032887
vt 0.56104547 0.00041922
vt 0.56104547 0.00053013
vt 0.56104547 0.00066954
vt 0.56104547 0.00085017
vt 0.56104547 0.00109369
vt 0.56104547 0.00144049
vt 0.56104547 0.00197616
vt 0.56104547 0.00292396
vt 0.56104547 0.00518721
vt 0.55697578 0.01153849
vt 0.56104547 0.02565765
vt 0.56104547 0.04827827
vt 0.56104547 0.04827827
vt 0.56104547 0.07269711
vt 0.56104547 0.07269711
vt 0.56104547 0.09711595
vt 0.56104547 0.09711595
vt 0.56104547 0.12153479
vt 0.56104547 0.12153479
vt 0.56104547 0.14595363
vt 0.56104547 0.14595363
vt 0.56104547 0.17037247
vt 0.56104547 0.17037247
vt 0.56104547 0.19479130
vt 0.56104547 0.19479130
vt 0.56104547 0.21921015
vt 0.56104547 0.21921015
vt 0.56104547 0.24362898
vt 0.56104547 0.24362898
vt 0.56104547 0.26804781
vt 0.56348729 0.26560593
vt 0.56104547 0.29246667
vt 0.54619139 0.29067966
vt 0.56345826 0.29001489
vt 0.56104547 0.31688550
vt 0.55262542 0.31883544
vt 0.55953974 0.30643561
vt 0.56283212 0.31606001
vt 0.56104547 0.34130433
vt 0.53914410 0.34558240
vt 0.54755002 0.33919409
vt 0.55823958 0.34372678
vt 0.56599319 0.33814812
vt 0.56104547 0.36572316
vt 0.54874516 0.36572316
vt 0.56327277 0.36611071
vt 0.56496131 0.35095522
vt 0.56104547 0.39014202
vt 0.55049646 0.38857111
vt 0.56308883 0.38909477
vt 0.56104547 0.41456085
vt 0.53900838 0.41935441
vt 0.54783267 0.41881502
vt 0.55429775 0.41420373
vt 0.56198436 0.41349646
vt 0.56156808 0.40217260
vt 0.56104547 0.43897969
vt 0.54783165 0.43831757
vt 0.55822355 0.43801308
vt 0.56100726 0.43245986
vt 0.56464154 0.42438480
vt 0.56104547 0.46339852
vt 0.55739009 0.46442810
vt 0.56021285 0.45210007
vt 0.56104547 0.48781738
vt 0.56104547 0.48781738
vt 0.56104547 0.51223618
vt 0.55324298 0.51360422
vt 0.55963427 0.50623655
vt 0.56104547 0.53665507
vt 0.56072116 0.53493541
vt 0.56395346 0.51939541
vt 0.56104547 0.56107390
vt 0.55817205 0.56516588
vt 0.56190634 0.55641335
vt 0.56104547 0.58549273
vt 0.56104547 0.58770335
vt 0.56104547 0.60991156
vt 0.55807191 0.61355054
vt 0.56176615 0.60213804
vt 0.56104547 0.63433039
vt 0.55860364 0.63677227
vt 0.56104547 0.65874922
vt 0.56104547 0.65874922
vt 0.56104547 0.68316805
vt 0.56348729 0.68072617
vt 0.56104547 0.70758688
vt 0.55162233 0.70582867
vt 0.56057137 0.70134962
vt 0.56104547 0.73200577
vt 0.55222541 0.73141354
vt 0.55855805 0.72771865
vt 0.56405973 0.71309155
vt 0.56104547 0.75642461
vt 0.54754293 0.75927919
vt 0.55757415 0.75313717
vt 0.56414586 0.73971570
vt 0.56104547 0.78084344
vt 0.55757415 0.77769476
vt 0.56571358 0.76784348
vt 0.56104547 0.80526227
vt 0.54200661 0.81127971
vt 0.55937451 0.80169910
vt 0.56104547 0.82968110
vt 0.54746467 0.83375090
vt 0.56192827 0.82561129
vt 0.56104547 0.85409993
vt 0.55629665 0.85437745
vt 0.56509984 0.85080975
vt 0.56104547 0.87851876
vt 0.55922651 0.87869221
vt 0.56546062 0.86281312
vt 0.56104547 0.90293765
vt 0.56104547 0.90293765
vt 0.56104547 0.92735648
vt 0.54388660 0.93213516
vt 0.55948943 0.92273146
vt 0.56104547 0.95177531
vt 0.55545354 0.95205736
vt 0.56458312 0.94848835
vt 0.56511515 0.97594553
vt 0.55624002 0.97336769
vt 0.56408513 0.96051115
vt 0.56104547 0.99522072
vt 0.56104547 0.99876457
vt 0.56104547 0.99832004
vt 0.56104547 0.99758601
vt 0.56104547 0.99611205
vt 0.56161129 0.99048269
vt 0.58953345 0.00397276
vt 0.58139402 0.02394933
vt 0.58546376 0.00002111
vt 0.58546376 0.00005840
vt 0.58546376 0.00010082
vt 0.58546376 0.00014954
vt 0.58546376 0.00020606
vt 0.58546376 0.00027245
vt 0.58546376 0.00035156
vt 0.58546376 0.00044748
vt 0.58546376 0.00056631
vt 0.58546376 0.00071755
vt 0.58546376 0.00091702
vt 0.58546376 0.00119344
vt 0.58546376 0.00160631
vt 0.58546376 0.00231257
vt 0.58546376 0.00411277
vt 0.58302188 0.00590089
vt 0.58263886 0.01275135
vt 0.58289129 0.02882859
vt 0.58546376 0.04827827
vt 0.58255571 0.05234808
vt 0.58546376 0.07269711
vt 0.58226341 0.07676692
vt 0.58546376 0.09711595
vt 0.58232528 0.10118575
vt 0.58546376 0.12153479
vt 0.58249146 0.12560460
vt 0.58546376 0.14595363
vt 0.58260620 0.15002343
vt 0.58546376 0.17037247
vt 0.58400077 0.17444228
vt 0.58546376 0.19479130
vt 0.58717084 0.19831774
vt 0.58546376 0.21921015
vt 0.58302188 0.22165203
vt 0.58546376 0.24362898
vt 0.58546376 0.24362898
vt 0.58546376 0.26804781
vt 0.58546376 0.26804781
vt 0.58546376 0.29246667
vt 0.58935046 0.29388431
vt 0.58546376 0.31688550
vt 0.57982397 0.31008524
vt 0.58586210 0.32305762
vt 0.58546376 0.34130433
vt 0.58546376 0.34130433
vt 0.58546376 0.36572316
vt 0.57624525 0.36731809
vt 0.58484447 0.35988560
vt 0.58546376 0.39014202
vt 0.58270639 0.38701376
vt 0.59084582 0.37644991
vt 0.58546376 0.41456085
vt 0.57622868 0.41442060
vt 0.58369642 0.40924811
vt 0.58546376 0.43897969
vt 0.56528473 0.44427890
vt 0.57526022 0.44180408
vt 0.58476800 0.43402344
vt 0.58543676 0.42231831
vt 0.58546376 0.46339852
vt 0.57031661 0.46439618
vt 0.57987279 0.46124277
vt 0.58665806 0.45997009
vt 0.59075660 0.45043603
vt 0.58546376 0.48781738
vt 0.58334434 0.48992091
vt 0.58846742 0.47967651
vt 0.59007394 0.46813214
vt 0.58546376 0.51223618
vt 0.57362062 0.51006454
vt 0.58407032 0.51766181
vt 0.58839655 0.50642800
vt 0.58546376 0.53665507
vt 0.58546376 0.53665507
vt 0.58546376 0.56107390
vt 0.57267535 0.56403953
vt 0.58433449 0.55621541
vt 0.58546376 0.58549273
vt 0.58211142 0.58198893
vt 0.59025085 0.57036674
vt 0.58546376 0.60991156
vt 0.57197428 0.61314052
vt 0.58591413 0.60735112
vt 0.58546376 0.63433039
vt 0.58265984 0.63530678
vt 0.58830303 0.62504834
vt 0.58546376 0.65874922
vt 0.58302188 0.66119111
vt 0.58546376 0.68316805
vt 0.58546376 0.68316805
vt 0.58546376 0.70758688
vt 0.58546376 0.70480442
vt 0.58546376 0.73200577
vt 0.58371955 0.73333168
vt 0.58953345 0.71892256
vt 0.58546376 0.75642461
vt 0.58418107 0.75980484
vt 0.58585334 0.75099421
vt 0.58546376 0.78084344
vt 0.58216828 0.78493911
vt 0.58573371 0.77578914
vt 0.58546376 0.80526227
vt 0.58302188 0.80770415
vt 0.58546376 0.82968110
vt 0.58546376 0.82968110
vt 0.58546376 0.85409993
vt 0.58790559 0.85165805
vt 0.58546376 0.87851876
vt 0.57905960 0.87976122
vt 0.58679980 0.87471676
vt 0.58546376 0.90293765
vt 0.58365089 0.90354073
vt 0.58988869 0.89066917
vt 0.58546376 0.92735648
vt 0.58302188 0.92979836
vt 0.58546376 0.95177531
vt 0.58790559 0.94933343
vt 0.58953345 0.97595638
vt 0.56988996 0.97679633
vt 0.58428544 0.97020340
vt 0.58546376 0.99529892
vt 0.58546376 0.99889100
vt 0.58546376 0.99851197
vt 0.58546376 0.99791390
vt 0.58546376 0.99681628
vt 0.58546376 0.99394739
vt 0.58612388 0.98568392
vt 0.61395168 0.00401365
vt 0.60581231 0.02395288
vt 0.60988200 0.00007115
vt 0.60988200 0.00011571
vt 0.60988200 0.00016713
vt 0.60988200 0.00022717
vt 0.60988200 0.00029825
vt 0.60988200 0.00038379
vt 0.60988200 0.00048890
vt 0.60988200 0.00062148
vt 0.60988200 0.00079473
vt 0.60988200 0.00103286
vt 0.60988200 0.00138795
vt 0.60988200 0.00201187
vt 0.60988200 0.00403562
vt 0.60744017 0.00490832
vt 0.60924852 0.00946939
vt 0.60372007 0.01476840
vt 0.59585953 0.02415408
vt 0.60762161 0.02931033
vt 0.60988200 0.04827827
vt 0.59550059 0.04653407
vt 0.60766691 0.04867614
vt 0.60988200 0.07269711
vt 0.60140389 0.07123710
vt 0.60940087 0.07709847
vt 0.60979396 0.05759326
vt 0.59111774 0.07025523
vt 0.60988200 0.09711595
vt 0.60152572 0.09711595
vt 0.61002398 0.10118575
vt 0.59169763 0.09304614
vt 0.60988200 0.12153479
vt 0.60377949 0.12124797
vt 0.61045104 0.12363249
vt 0.59246665 0.11746498
vt 0.60988200 0.14595363
vt 0.60774070 0.13934897
vt 0.59488612 0.14221938
vt 0.60718256 0.15177152
vt 0.60988200 0.17037247
vt 0.59581280 0.16630265
vt 0.60920465 0.17444228
vt 0.60988200 0.19479130
vt 0.60413331 0.18873096
vt 0.61093479 0.19484454
vt 0.60988200 0.21921015
vt 0.60766786 0.19994125
vt 0.60508162 0.22099237
vt 0.60988200 0.24362898
vt 0.61011446 0.24868062
vt 0.60988200 0.26804781
vt 0.60744017 0.27048969
vt 0.60988200 0.29246667
vt 0.61232382 0.29002479
vt 0.60988200 0.31688550
vt 0.59313607 0.31575894
vt 0.61219782 0.31646717
vt 0.60988200 0.34130433
vt 0.60626185 0.33063191
vt 0.60879695 0.34500355
vt 0.60988200 0.36572316
vt 0.60988200 0.36767232
vt 0.60988200 0.39014202
vt 0.60833824 0.39368743
vt 0.61139321 0.38022420
vt 0.60988200 0.41456085
vt 0.59575772 0.41198599
vt 0.60837895 0.41969848
vt 0.61266136 0.40573156
vt 0.60988200 0.43897969
vt 0.60744017 0.43965060
vt 0.60988200 0.46339852
vt 0.60581231 0.46319056
vt 0.61395168 0.45536879
vt 0.60988200 0.48781738
vt 0.59846807 0.48781312
vt 0.60882014 0.48658842
vt 0.61162615 0.47544891
vt 0.60988200 0.51223618
vt 0.60220379 0.51436162
vt 0.60738140 0.50827497
vt 0.61261183 0.49426964
vt 0.60988200 0.53665507
vt 0.60599446 0.53516567
vt 0.61552078 0.52002102
vt 0.60988200 0.56107390
vt 0.61162615 0.56138086
vt 0.60988200 0.58549273
vt 0.60416424 0.58788574
vt 0.61034614 0.58004099
vt 0.60988200 0.60991156
vt 0.61230028 0.60991156
vt 0.60988200 0.63433039
vt 0.60338223 0.63625360
vt 0.60965115 0.63221574
vt 0.60988200 0.65874922
vt 0.60696089 0.65897483
vt 0.61253369 0.64346099
vt 0.60988200 0.68316805
vt 0.60744017 0.68560994
vt 0.60988200 0.70758688
vt 0.60988200 0.70505637
vt 0.60988200 0.73200577
vt 0.60744017 0.73141098
vt 0.61395168 0.71716839
vt 0.60988200 0.75642461
vt 0.59351617 0.75841230
vt 0.61012548 0.75436610
vt 0.60988200 0.78084344
vt 0.59413916 0.78533661
vt 0.60900688 0.78236383
vt 0.60881484 0.77155298
vt 0.60988200 0.80526227
vt 0.60323071 0.80516553
vt 0.61033750 0.79970133
vt 0.60988200 0.82968110
vt 0.60979414 0.83142531
vt 0.60988200 0.85409993
vt 0.60744017 0.85654181
vt 0.60988200 0.87851876
vt 0.61232382 0.87607688
vt 0.60988200 0.90293765
vt 0.60422540 0.90407532
vt 0.60977155 0.89677346
vt 0.60988200 0.92735648
vt 0.60628325 0.92573565
vt 0.61585772 0.90886128
vt 0.60988200 0.95177531
vt 0.60988200 0.95177531
vt 0.61395168 0.97596455
vt 0.60988200 0.97408420
vt 0.60988200 0.99533570
vt 0.60988200 0.99895334
vt 0.60988200 0.99860442
vt 0.60988200 0.99806589
vt 0.60988200 0.99711609
vt 0.60988200 0.99488294
vt 0.60988200 0.98790610
vt 0.63836998 0.00406905
vt 0.63023055 0.02396370
vt 0.63430023 0.00014534
vt 0.63430023 0.00020123
vt 0.63430023 0.00026683
vt 0.63430023 0.00034491
vt 0.63430023 0.00043946
vt 0.63430023 0.00055636
vt 0.63430023 0.00070473
vt 0.63430023 0.00089951
vt 0.63430023 0.00116711
vt 0.63430023 0.00155944
vt 0.63430023 0.00219637
vt 0.63430023 0.00344692
vt 0.63430023 0.00791750
vt 0.63002723 0.01730676
vt 0.62207919 0.02626321
vt 0.63651896 0.02765163
vt 0.61244655 0.02368480
vt 0.63430023 0.04827827
vt 0.62342072 0.04583639
vt 0.63586044 0.04827827
vt 0.61314374 0.04507406
vt 0.63430023 0.07269711
vt 0.61755234 0.06774870
vt 0.63517916 0.07269711
vt 0.63430023 0.09711595
vt 0.61774182 0.09304614
vt 0.63553911 0.09711595
vt 0.63430023 0.12153479
vt 0.61962652 0.11979058
vt 0.63619620 0.12153479
vt 0.63430023 0.14595363
vt 0.62247562 0.14595363
vt 0.63646948 0.14595363
vt 0.61223632 0.14363191
vt 0.63430023 0.17037247
vt 0.62375778 0.17037247
vt 0.63677531 0.17037247
vt 0.61338717 0.16630265
vt 0.63430023 0.19479130
vt 0.62632418 0.19479130
vt 0.63714015 0.19479130
vt 0.61713773 0.19304711
vt 0.63430023 0.21921015
vt 0.62780499 0.21921015
vt 0.63758415 0.21921015
vt 0.62003726 0.21921015
vt 0.61308450 0.21518470
vt 0.63430023 0.24362898
vt 0.63116586 0.23900563
vt 0.64078170 0.24381499
vt 0.62464124 0.24079657
vt 0.61682057 0.24083422
vt 0.63430023 0.26804781
vt 0.63570094 0.25002122
vt 0.63267374 0.25586188
vt 0.62997437 0.26067981
vt 0.62956077 0.27135524
vt 0.63430023 0.29246667
vt 0.63100964 0.29653648
vt 0.63430023 0.31688550
vt 0.63673264 0.32047069
vt 0.63430023 0.34130433
vt 0.61829448 0.33989739
vt 0.63540351 0.34252170
vt 0.63430023 0.36572316
vt 0.63096118 0.35470963
vt 0.63489938 0.36846307
vt 0.63430023 0.39014202
vt 0.62354249 0.38914663
vt 0.63148987 0.38540861
vt 0.63430023 0.41456085
vt 0.62813598 0.41662744
vt 0.63411731 0.41286036
vt 0.63712382 0.39636648
vt 0.63430023 0.43897969
vt 0.62967372 0.43712017
vt 0.63759041 0.42639744
vt 0.63430023 0.46339852
vt 0.63023055 0.46450549
vt 0.63857746 0.45445418
vt 0.63430023 0.48781738
vt 0.63023055 0.48696494
vt 0.63836998 0.47503811
vt 0.63430023 0.51223618
vt 0.63255608 0.51345128
vt 0.63836998 0.49866426
vt 0.63430023 0.53665507
vt 0.62831473 0.53888351
vt 0.63444310 0.53150564
vt 0.63430023 0.56107390
vt 0.63578296 0.56107390
vt 0.63430023 0.58549273
vt 0.61830395 0.59138960
vt 0.63061732 0.58324999
vt 0.63430023 0.60991156
vt 0.62986034 0.60991704
vt 0.63811719 0.60642707
vt 0.63430023 0.63433039
vt 0.63099223 0.63026518
vt 0.63765609 0.61726469
vt 0.63430023 0.65874922
vt 0.61987299 0.66109097
vt 0.63437968 0.65662736
vt 0.63430023 0.68316805
vt 0.63037854 0.68440604
vt 0.63535100 0.67597866
vt 0.63430023 0.70758688
vt 0.63185841 0.70785058
vt 0.63430023 0.73200577
vt 0.63023055 0.73426038
vt 0.63836998 0.72470891
vt 0.63430023 0.75642461
vt 0.63674206 0.75398272
vt 0.63430023 0.78084344
vt 0.61984485 0.78132015
vt 0.63310730 0.77588326
vt 0.63430023 0.80526227
vt 0.61665708 0.81125414
vt 0.63038516 0.80396330
vt 0.63659561 0.79096341
vt 0.63430023 0.82968110
vt 0.62805933 0.83010900
vt 0.63770068 0.82649833
vt 0.63430023 0.85409993
vt 0.63211107 0.85436738
vt 0.63812310 0.83914626
vt 0.63430023 0.87851876
vt 0.63185841 0.88096064
vt 0.63430023 0.90293765
vt 0.63430023 0.90000176
vt 0.63430023 0.92735648
vt 0.63023055 0.92849040
vt 0.63836998 0.91511011
vt 0.63430023 0.95177531
vt 0.63430023 0.95177531
vt 0.63836998 0.97597325
vt 0.63430023 0.97454059
vt 0.63430023 0.99539059
vt 0.63430023 0.99903715
vt 0.63430023 0.99872631
vt 0.63430023 0.99826008
vt 0.63430023 0.99747789
vt 0.63430023 0.99585259
vt 0.63430023 0.99017233
vt 0.66278821 0.00407632
vt 0.65464878 0.02397095
vt 0.65871853 0.00016091
vt 0.65871853 0.00021913
vt 0.65871853 0.00028761
vt 0.65871853 0.00036935
vt 0.65871853 0.00046862
vt 0.65871853 0.00059177
vt 0.65871853 0.00074864
vt 0.65871853 0.00095545
vt 0.65871853 0.00124087
vt 0.65871853 0.00166137
vt 0.65871853 0.00234700
vt 0.65871853 0.00369447
vt 0.65871853 0.00841734
vt 0.65464878 0.01981374
vt 0.65871853 0.02765424
vt 0.65871853 0.04827827
vt 0.65871853 0.04827827
vt 0.65871853 0.07269711
vt 0.65871853 0.07269711
vt 0.65871853 0.09711595
vt 0.65871853 0.09711595
vt 0.65871853 0.12153479
vt 0.65871853 0.12153479
vt 0.65871853 0.14595363
vt 0.65871853 0.14595363
vt 0.65871853 0.17037247
vt 0.65871853 0.17037247
vt 0.65871853 0.19479130
vt 0.65871853 0.19479130
vt 0.65871853 0.21921015
vt 0.65871853 0.21921015
vt 0.65871853 0.24362898
vt 0.66116035 0.24118710
vt 0.65871853 0.26804781
vt 0.65030223 0.26421717
vt 0.66189152 0.26418340
vt 0.64529222 0.26963061
vt 0.63703614 0.26901892
vt 0.65871853 0.29246667
vt 0.66131580 0.27684399
vt 0.65785092 0.28792158
vt 0.64138198 0.28893420
vt 0.65949762 0.29636368
vt 0.65871853 0.31688550
vt 0.64317167 0.31233108
vt 0.66298717 0.31821433
vt 0.65871853 0.34130433
vt 0.65492737 0.33107111
vt 0.65649009 0.34285465
vt 0.65871853 0.36572316
vt 0.64337778 0.36467525
vt 0.65626776 0.36297095
vt 0.65871853 0.39014202
vt 0.65901607 0.38034436
vt 0.65296859 0.38885814
vt 0.65871853 0.41456085
vt 0.65871853 0.41150069
vt 0.65914404 0.39689577
vt 0.65871853 0.43897969
vt 0.64470613 0.43953773
vt 0.65776324 0.43281886
vt 0.65871853 0.46339852
vt 0.65464878 0.46384650
vt 0.66278821 0.45439833
vt 0.65963888 0.44338417
vt 0.65871853 0.48781738
vt 0.65697438 0.48933339
vt 0.66278821 0.47335163
vt 0.65871853 0.51223618
vt 0.65747267 0.51438230
vt 0.65966535 0.50393146
vt 0.65871853 0.53665507
vt 0.64044785 0.54265600
vt 0.65476787 0.53451639
vt 0.65871853 0.56107390
vt 0.64995062 0.56192499
vt 0.66173357 0.55819339
vt 0.65871853 0.58549273
vt 0.65629494 0.58602464
vt 0.66216630 0.57265496
vt 0.65871853 0.60991156
vt 0.65871853 0.60991156
vt 0.65871853 0.63433039
vt 0.64390516 0.63840479
vt 0.65763015 0.62910169
vt 0.65871853 0.65874922
vt 0.64722043 0.65715253
vt 0.66001517 0.65361494
vt 0.65871853 0.68316805
vt 0.64421391 0.68647271
vt 0.65904206 0.68138278
vt 0.65925008 0.66660666
vt 0.65871853 0.70758688
vt 0.65761751 0.70796448
vt 0.66162038 0.69711316
vt 0.65871853 0.73200577
vt 0.65310764 0.73550266
vt 0.65931094 0.72713333
vt 0.65871853 0.75642461
vt 0.65785766 0.75816882
vt 0.65871853 0.78084344
vt 0.65871853 0.78348756
vt 0.65871853 0.80526227
vt 0.65546262 0.80927289
vt 0.65904391 0.79995972
vt 0.65871853 0.82968110
vt 0.65871853 0.82968110
vt 0.65871853 0.85409993
vt 0.65007359 0.85542387
vt 0.65818119 0.84806877
vt 0.65871853 0.87851876
vt 0.65469289 0.87741458
vt 0.66419619 0.86422366
vt 0.65871853 0.90293765
vt 0.66046268 0.90377241
vt 0.65871853 0.92735648
vt 0.65262902 0.93036526
vt 0.65873665 0.92356420
vt 0.65871853 0.95177531
vt 0.65710437 0.95351952
vt 0.66278821 0.97597551
vt 0.65627670 0.97712690
vt 0.65871853 0.99541306
vt 0.65871853 0.99907625
vt 0.65871853 0.99878180
vt 0.65871853 0.99834526
vt 0.65871853 0.99762583
vt 0.65871853 0.99618208
vt 0.65871853 0.99101663
vt 0.68720651 0.00407612
vt 0.67906708 0.02397096
vt 0.68313676 0.00016068
vt 0.68313676 0.00021887
vt 0.68313676 0.00028730
vt 0.68313676 0.00036898
vt 0.68313676 0.00046815
vt 0.68313676 0.00059117
vt 0.68313676 0.00074786
vt 0.68313676 0.00095437
vt 0.68313676 0.00123929
vt 0.68313676 0.00165884
vt 0.68313676 0.00234224
vt 0.68313676 0.00368211
vt 0.68313676 0.00830688
vt 0.67906708 0.01972024
vt 0.68313676 0.02755237
vt 0.68313676 0.04827827
vt 0.68313676 0.04827827
vt 0.68313676 0.07269711
vt 0.68313676 0.07269711
vt 0.68313676 0.09711595
vt 0.68313676 0.09711595
vt 0.68313676 0.12153479
vt 0.68313676 0.12153479
vt 0.68313676 0.14595363
vt 0.68313676 0.14595363
vt 0.68313676 0.17037247
vt 0.68313676 0.17037247
vt 0.68313676 0.19479130
vt 0.68313676 0.19479130
vt 0.68313676 0.21921015
vt 0.68313676 0.21921015
vt 0.68313676 0.24362898
vt 0.68313676 0.24362898
vt 0.68313676 0.26804781
vt 0.68475109 0.26428682
vt 0.68313676 0.29246667
vt 0.68379033 0.27870965
vt 0.67718744 0.28921324
vt 0.68326986 0.29913682
vt 0.68313676 0.31688550
vt 0.68313676 0.31688550
vt 0.68313676 0.34130433
vt 0.66583169 0.34072283
vt 0.68297088 0.33956012
vt 0.68313676 0.36572316
vt 0.67236120 0.36248815
vt 0.68889946 0.36619824
vt 0.68313676 0.39014202
vt 0.68004024 0.37692958
vt 0.66572988 0.38882995
vt 0.68287033 0.39452517
vt 0.68313676 0.41456085
vt 0.68069494 0.41700274
vt 0.68313676 0.43897969
vt 0.68488091 0.43770126
vt 0.68313676 0.46339852
vt 0.68211639 0.46636000
vt 0.68360531 0.45659247
vt 0.68285286 0.44800487
vt 0.68313676 0.48781738
vt 0.68190891 0.48933235
vt 0.68410522 0.47656101
vt 0.68313676 0.51223618
vt 0.67077810 0.51598191
vt 0.68206888 0.51142329
vt 0.68313676 0.53665507
vt 0.67933667 0.53802532
vt 0.68438208 0.53052408
vt 0.68313676 0.56107390
vt 0.68313676 0.56107390
vt 0.68313676 0.58549273
vt 0.67510080 0.58693647
vt 0.68268645 0.57954717
vt 0.68313676 0.60991156
vt 0.67919815 0.60859072
vt 0.68871593 0.59336066
vt 0.68313676 0.63433039
vt 0.68435305 0.63690728
vt 0.68313676 0.65874922
vt 0.67577440 0.65671116
vt 0.68184513 0.66427028
vt 0.68621212 0.65250379
vt 0.68313676 0.68316805
vt 0.68313676 0.68316805
vt 0.68313676 0.70758688
vt 0.67674422 0.70624340
vt 0.68309563 0.70158660
vt 0.68313676 0.73200577
vt 0.66628712 0.73774731
vt 0.67956072 0.72964370
vt 0.68658394 0.71254492
vt 0.68313676 0.75642461
vt 0.66985732 0.75802457
vt 0.68576425 0.75407904
vt 0.68313676 0.78084344
vt 0.68044317 0.78024209
vt 0.68424940 0.77175003
vt 0.68313676 0.80526227
vt 0.66767085 0.80916512
vt 0.68162501 0.80456161
vt 0.68313676 0.82968110
vt 0.67951190 0.83077389
vt 0.68466246 0.82133019
vt 0.68313676 0.85409993
vt 0.68313676 0.85642046
vt 0.68313676 0.87851876
vt 0.68009233 0.88225198
vt 0.68375820 0.87176448
vt 0.68313676 0.90293765
vt 0.68313676 0.90293765
vt 0.68313676 0.92735648
vt 0.66301537 0.93344510
vt 0.68140554 0.92385429
vt 0.68313676 0.95177531
vt 0.66688174 0.95400959
vt 0.68501097 0.94988281
vt 0.68720651 0.97598594
vt 0.67635536 0.97502971
vt 0.68341011 0.97027242
vt 0.68313676 0.99543995
vt 0.68313676 0.99911493
vt 0.68313676 0.99883693
vt 0.68313676 0.99843031
vt 0.68313676 0.99777538
vt 0.68313676 0.99652183
vt 0.68321496 0.99154884
vt 0.71162474 0.00407545
vt 0.70348531 0.02397086
vt 0.70755506 0.00015981
vt 0.70755506 0.00021785
vt 0.70755506 0.00028609
vt 0.70755506 0.00036752
vt 0.70755506 0.00046638
vt 0.70755506 0.00058894
vt 0.70755506 0.00074498
vt 0.70755506 0.00095050
vt 0.70755506 0.00123383
vt 0.70755506 0.00165052
vt 0.70755506 0.00232794
vt 0.70755506 0.00365099
vt 0.70755506 0.00814183
vt 0.70348531 0.01909125
vt 0.70755506 0.02744765
vt 0.70755506 0.04827827
vt 0.70755506 0.04827827
vt 0.70755506 0.07269711
vt 0.70755506 0.07269711
vt 0.70755506 0.09711595
vt 0.70755506 0.09711595
vt 0.70755506 0.12153479
vt 0.70755506 0.12153479
vt 0.70755506 0.14595363
vt 0.70755506 0.14595363
vt 0.70755506 0.17037247
vt 0.70755506 0.17037247
vt 0.70755506 0.19479130
vt 0.70755506 0.19479130
vt 0.70755506 0.21921015
vt 0.70755506 0.21921015
vt 0.70755506 0.24362898
vt 0.70856398 0.24620223
vt 0.70755506 0.26804781
vt 0.69934779 0.26639652
vt 0.70686704 0.26721975
vt 0.70944643 0.26177311
vt 0.70755506 0.29246667
vt 0.70443237 0.27357391
vt 0.69908297 0.28953218
vt 0.71244621 0.28876078
vt 0.68954372 0.29364654
vt 0.70755506 0.31688550
vt 0.70698643 0.29954779
vt 0.70642495 0.30902225
vt 0.70659101 0.32095000
vt 0.70755506 0.34130433
vt 0.70511323 0.34374622
vt 0.70755506 0.36572316
vt 0.70999688 0.36328128
vt 0.70755506 0.39014202
vt 0.69597030 0.38661247
vt 0.71043491 0.38593838
vt 0.70755506 0.41456085
vt 0.70670319 0.39678100
vt 0.70581090 0.41384560
vt 0.70755506 0.43897969
vt 0.70999688 0.43653780
vt 0.70755506 0.46339852
vt 0.69286156 0.46508053
vt 0.70042139 0.46319813
vt 0.70886827 0.45935488
vt 0.70755506 0.48781738
vt 0.69530433 0.49030608
vt 0.70679229 0.48886386
vt 0.70573038 0.47958520
vt 0.71126372 0.47262931
vt 0.70755506 0.51223618
vt 0.70558399 0.51155198
vt 0.70967919 0.50256306
vt 0.70755506 0.53665507
vt 0.69195473 0.54032373
vt 0.70602411 0.53578717
vt 0.70755506 0.56107390
vt 0.70376468 0.56199652
vt 0.70881593 0.55136204
vt 0.70755506 0.58549273
vt 0.70511323 0.58464521
vt 0.70755506 0.60991156
vt 0.70348531 0.61124021
vt 0.71162474 0.59616244
vt 0.70755506 0.63433039
vt 0.70999688 0.63188851
vt 0.70755506 0.65874922
vt 0.69610846 0.66142142
vt 0.70661747 0.65368116
vt 0.70755506 0.68316805
vt 0.70312917 0.68213177
vt 0.71256578 0.66932130
vt 0.70755506 0.70758688
vt 0.70929921 0.70712715
vt 0.70755506 0.73200577
vt 0.70499837 0.73503441
vt 0.70885932 0.72373098
vt 0.70755506 0.75642461
vt 0.70755506 0.75642461
vt 0.70755506 0.78084344
vt 0.69280440 0.78436917
vt 0.70784783 0.77846849
vt 0.70755506 0.80526227
vt 0.70473576 0.80489361
vt 0.70849174 0.79779786
vt 0.70755506 0.82968110
vt 0.69646382 0.83247292
vt 0.70666826 0.82818687
vt 0.70755506 0.85409993
vt 0.70603257 0.85310102
vt 0.71030730 0.84222364
vt 0.70755506 0.87851876
vt 0.69356924 0.88216227
vt 0.70625472 0.87763286
vt 0.70755506 0.90293765
vt 0.70383763 0.90403444
vt 0.70893270 0.89461899
vt 0.70755506 0.92735648
vt 0.70511323 0.92979836
vt 0.70755506 0.95177531
vt 0.70999688 0.94933343
vt 0.71162474 0.97599691
vt 0.68856752 0.97930557
vt 0.70588905 0.97194636
vt 0.70755506 0.99551713
vt 0.70755506 0.99922800
vt 0.70755506 0.99899405
vt 0.70755506 0.99866390
vt 0.70755506 0.99816126
vt 0.70755506 0.99729627
vt 0.70755506 0.99539506
vt 0.70764625 0.98858160
vt 0.73604304 0.00407529
vt 0.72790360 0.02397077
vt 0.73197329 0.00015953
vt 0.73197329 0.00021752
vt 0.73197329 0.00028571
vt 0.73197329 0.00036706
vt 0.73197329 0.00046581
vt 0.73197329 0.00058824
vt 0.73197329 0.00074408
vt 0.73197329 0.00094931
vt 0.73197329 0.00123216
vt 0.73197329 0.00164802
vt 0.73197329 0.00232373
vt 0.73197329 0.00364214
vt 0.73197329 0.00809793
vt 0.72790360 0.01894336
vt 0.73197329 0.02741999
vt 0.73197329 0.04827827
vt 0.73197329 0.04827827
vt 0.73197329 0.07269711
vt 0.73197329 0.07269711
vt 0.73197329 0.09711595
vt 0.73197329 0.09711595
vt 0.73197329 0.12153479
vt 0.73197329 0.12153479
vt 0.73197329 0.14595363
vt 0.73197329 0.14595363
vt 0.73197329 0.17037247
vt 0.73197329 0.17037247
vt 0.73197329 0.19479130
vt 0.73197329 0.19479130
vt 0.73197329 0.21921015
vt 0.73197329 0.21921015
vt 0.73197329 0.24362898
vt 0.73441511 0.24118710
vt 0.73197329 0.26804781
vt 0.71138233 0.26982725
vt 0.72909421 0.26604253
vt 0.73197329 0.29246667
vt 0.73624831 0.29340300
vt 0.73197329 0.31688550
vt 0.72642577 0.30631131
vt 0.71937746 0.31737396
vt 0.73142201 0.31785056
vt 0.73197329 0.34130433
vt 0.73247528 0.33071685
vt 0.73116201 0.34457299
vt 0.73197329 0.36572316
vt 0.72953147 0.36816505
vt 0.73197329 0.39014202
vt 0.73667353 0.39067873
vt 0.73197329 0.41456085
vt 0.72728264 0.40057805
vt 0.73318523 0.41884810
vt 0.73197329 0.43897969
vt 0.72953147 0.44142157
vt 0.73197329 0.46339852
vt 0.73441511 0.46095663
vt 0.73197329 0.48781738
vt 0.71388191 0.48985180
vt 0.72190809 0.48812556
vt 0.73296422 0.48225996
vt 0.73197329 0.51223618
vt 0.72065926 0.51599360
vt 0.72717738 0.51088101
vt 0.72937429 0.50328887
vt 0.73497033 0.49590251
vt 0.73197329 0.53665507
vt 0.72687596 0.53447968
vt 0.73115480 0.52848679
vt 0.73197329 0.56107390
vt 0.71969253 0.56314385
vt 0.73173559 0.55921364
vt 0.73197329 0.58549273
vt 0.73047549 0.58503056
vt 0.73416084 0.57136792
vt 0.73197329 0.60991156
vt 0.72944385 0.61331213
vt 0.73331571 0.60040617
vt 0.73197329 0.63433039
vt 0.72953147 0.63677227
vt 0.73197329 0.65874922
vt 0.73371744 0.65903902
vt 0.73197329 0.68316805
vt 0.72966737 0.68694621
vt 0.73362863 0.67634845
vt 0.73197329 0.70758688
vt 0.73197329 0.70758688
vt 0.73197329 0.73200577
vt 0.72140205 0.73516852
vt 0.73278850 0.72940397
vt 0.73197329 0.75642461
vt 0.72910535 0.75730443
vt 0.73471004 0.74637008
vt 0.73197329 0.78084344
vt 0.73197329 0.78084344
vt 0.73197329 0.80526227
vt 0.71722174 0.80902660
vt 0.73226595 0.80303645
vt 0.73197329 0.82968110
vt 0.72938150 0.82925016
vt 0.73322845 0.82178068
vt 0.73197329 0.85409993
vt 0.72264016 0.85594553
vt 0.73133767 0.85192978
vt 0.73197329 0.87851876
vt 0.73083615 0.87734759
vt 0.73526490 0.86543649
vt 0.73197329 0.90293765
vt 0.71866173 0.90630257
vt 0.72853380 0.89963704
vt 0.73197329 0.92735648
vt 0.72728097 0.92676228
vt 0.73667324 0.91693819
vt 0.73197329 0.95177531
vt 0.73197329 0.95177531
vt 0.73604304 0.97599810
vt 0.73197329 0.97480112
vt 0.73197329 0.99553347
vt 0.73197329 0.99926054
vt 0.73197329 0.99903816
vt 0.73197329 0.99872720
vt 0.73197329 0.99826014
vt 0.73197329 0.99747360
vt 0.73197329 0.99581766
vt 0.73197329 0.99034786
vt 0.76046127 0.00407489
vt 0.75232184 0.02397074
vt 0.75639158 0.00015904
vt 0.75639158 0.00021694
vt 0.75639158 0.00028502
vt 0.75639158 0.00036623
vt 0.75639158 0.00046479
vt 0.75639158 0.00058695
vt 0.75639158 0.00074240
vt 0.75639158 0.00094703
vt 0.75639158 0.00122890
vt 0.75639158 0.00164292
vt 0.75639158 0.00231460
vt 0.75639158 0.00362043
vt 0.75639158 0.00794885
vt 0.75232184 0.01868530
vt 0.75639158 0.02729705
vt 0.75639158 0.04827827
vt 0.75639158 0.04827827
vt 0.75639158 0.07269711
vt 0.75639158 0.07269711
vt 0.75639158 0.09711595
vt 0.75639158 0.09711595
vt 0.75639158 0.12153479
vt 0.75639158 0.12153479
vt 0.75639158 0.14595363
vt 0.75639158 0.14595363
vt 0.75639158 0.17037247
vt 0.75639158 0.17037247
vt 0.75639158 0.19479130
vt 0.75639158 0.19479130
vt 0.75639158 0.21921015
vt 0.75639158 0.21921015
vt 0.75639158 0.24362898
vt 0.75639158 0.24362898
vt 0.75639158 0.26804781
vt 0.75639158 0.26804781
vt 0.75639158 0.29246667
vt 0.75883341 0.29002479
vt 0.75639158 0.31688550
vt 0.74155003 0.31645960
vt 0.75952351 0.31608352
vt 0.75639158 0.34130433
vt 0.75338119 0.33036980
vt 0.74501759 0.34036729
vt 0.75900322 0.34177068
vt 0.75639158 0.36572316
vt 0.75734472 0.35042328
vt 0.75464737 0.36627302
vt 0.75639158 0.39014202
vt 0.75883341 0.38770014
vt 0.75639158 0.41456085
vt 0.74534053 0.41079548
vt 0.75934768 0.41067570
vt 0.75639158 0.43897969
vt 0.75564647 0.42035705
vt 0.75464737 0.43858293
vt 0.75639158 0.46339852
vt 0.75767249 0.46316209
vt 0.75639158 0.48781738
vt 0.75572091 0.48139113
vt 0.75203317 0.49335837
vt 0.76193726 0.48552540
vt 0.75639158 0.51223618
vt 0.73632967 0.51778394
vt 0.74615753 0.51384836
vt 0.75517309 0.51220882
vt 0.76158452 0.50880170
vt 0.75639158 0.53665507
vt 0.73578775 0.54002309
vt 0.74588585 0.53665507
vt 0.75429642 0.53655219
vt 0.75754017 0.53009892
vt 0.76114017 0.51983625
vt 0.75639158 0.56107390
vt 0.74293661 0.56040567
vt 0.75142348 0.55877024
vt 0.75630897 0.55514592
vt 0.75639158 0.58549273
vt 0.74420369 0.58460653
vt 0.75150001 0.58242154
vt 0.75435328 0.57599455
vt 0.75831884 0.56648356
vt 0.75639158 0.60991156
vt 0.74601072 0.61248106
vt 0.75613976 0.61056554
vt 0.75411534 0.59525883
vt 0.75639158 0.63433039
vt 0.75072950 0.63348067
vt 0.75823194 0.62349844
vt 0.75639158 0.65874922
vt 0.75803429 0.65874922
vt 0.75639158 0.68316805
vt 0.74757528 0.68572402
vt 0.75582975 0.68150538
vt 0.75639158 0.70758688
vt 0.75341952 0.70802408
vt 0.75896180 0.69399095
vt 0.75639158 0.73200577
vt 0.75639158 0.73200577
vt 0.75639158 0.75642461
vt 0.74646097 0.75913495
vt 0.75728685 0.75354004
vt 0.75639158 0.78084344
vt 0.75285369 0.78165758
vt 0.75805640 0.77026349
vt 0.75639158 0.80526227
vt 0.75639158 0.80526227
vt 0.75639158 0.82968110
vt 0.74323332 0.83316624
vt 0.75688338 0.82728076
vt 0.75639158 0.85409993
vt 0.75159997 0.85140228
vt 0.75796717 0.84523958
vt 0.75639158 0.87851876
vt 0.74799728 0.88023686
vt 0.75771648 0.87550622
vt 0.75639158 0.90293765
vt 0.75520706 0.90366125
vt 0.75914311 0.89042401
vt 0.75639158 0.92735648
vt 0.75303739 0.93186259
vt 0.75657940 0.92315662
vt 0.75639158 0.95177531
vt 0.75394976 0.95421720
vt 0.76046127 0.97599906
vt 0.75639158 0.97485870
vt 0.75639158 0.99553895
vt 0.75639158 0.99926889
vt 0.75639158 0.99904954
vt 0.75639158 0.99874353
vt 0.75639158 0.99828553
vt 0.75639158 0.99751920
vt 0.75639158 0.99592781
vt 0.75639158 0.99056411
vt 0.78487951 0.00407370
vt 0.77674013 0.02397061
vt 0.78080982 0.00015754
vt 0.78080982 0.00021519
vt 0.78080982 0.00028295
vt 0.78080982 0.00036373
vt 0.78080982 0.00046172
vt 0.78080982 0.00058308
vt 0.78080982 0.00073739
vt 0.78080982 0.00094027
vt 0.78080982 0.00121927
vt 0.78080982 0.00162807
vt 0.78080982 0.00228853
vt 0.78080982 0.00356112
vt 0.78080982 0.00760200
vt 0.77674013 0.01790079
vt 0.78080982 0.02703484
vt 0.78080982 0.04827827
vt 0.78080982 0.04827827
vt 0.78080982 0.07269711
vt 0.78080982 0.07269711
vt 0.78080982 0.09711595
vt 0.78080982 0.09711595
vt 0.78080982 0.12153479
vt 0.78080982 0.12153479
vt 0.78080982 0.14595363
vt 0.78080982 0.14595363
vt 0.78080982 0.17037247
vt 0.78080982 0.17037247
vt 0.78080982 0.19479130
vt 0.78080982 0.19479130
vt 0.78080982 0.21921015
vt 0.78080982 0.21921015
vt 0.78080982 0.24362898
vt 0.78080982 0.24362898
vt 0.78080982 0.26804781
vt 0.78080982 0.26804781
vt 0.78080982 0.29246667
vt 0.78080982 0.29246667
vt 0.78080982 0.31688550
vt 0.78325164 0.31444362
vt 0.78080982 0.34130433
vt 0.76861471 0.33844385
vt 0.78451484 0.34031850
vt 0.78080982 0.36572316
vt 0.77817279 0.35140952
vt 0.77607352 0.36201310
vt 0.77790815 0.37173191
vt 0.78080982 0.39014202
vt 0.78170574 0.39444852
vt 0.78080982 0.41456085
vt 0.78325164 0.41582268
vt 0.78080982 0.43897969
vt 0.77674013 0.42835400
vt 0.78235066 0.44433278
vt 0.78080982 0.46339852
vt 0.77774298 0.46084398
vt 0.77024156 0.46795127
vt 0.78210753 0.47025740
vt 0.78080982 0.48781738
vt 0.77836800 0.49025926
vt 0.78080982 0.51223618
vt 0.78325164 0.50979429
vt 0.78080982 0.53665507
vt 0.76180023 0.54267406
vt 0.77425760 0.53866708
vt 0.78073710 0.53147632
vt 0.78080982 0.56107390
vt 0.76744646 0.56471378
vt 0.77752274 0.56107390
vt 0.78477126 0.55700409
vt 0.78080982 0.58549273
vt 0.76024747 0.59006643
vt 0.76714802 0.58678895
vt 0.77424783 0.58666056
vt 0.77897269 0.58245903
vt 0.78484064 0.57941306
vt 0.78080982 0.60991156
vt 0.76413268 0.60838842
vt 0.77200103 0.60860032
vt 0.77853096 0.60851318
vt 0.78028697 0.60459077
vt 0.78485334 0.59692132
vt 0.78567487 0.58705324
vt 0.78080982 0.63433039
vt 0.76417905 0.63944376
vt 0.77525455 0.63315529
vt 0.77802926 0.62702882
vt 0.78100020 0.62001956
vt 0.78080982 0.65874922
vt 0.77158135 0.65978175
vt 0.77910388 0.65350497
vt 0.78080982 0.68316805
vt 0.77898985 0.68216139
vt 0.78140777 0.66879559
vt 0.78080982 0.70758688
vt 0.76829159 0.71026284
vt 0.77971917 0.70600986
vt 0.78080982 0.73200577
vt 0.77456796 0.73167330
vt 0.78183848 0.72479498
vt 0.78080982 0.75642461
vt 0.77963573 0.75398272
vt 0.78080982 0.78084344
vt 0.76487917 0.78442609
vt 0.78103989 0.77938753
vt 0.78080982 0.80526227
vt 0.77409708 0.80514663
vt 0.78117931 0.79956925
vt 0.78080982 0.82968110
vt 0.78161609 0.82968110
vt 0.78080982 0.85409993
vt 0.76631987 0.85954189
vt 0.77739733 0.85140228
vt 0.78080982 0.87851876
vt 0.77497327 0.87569761
vt 0.78475893 0.87516248
vt 0.78080982 0.90293765
vt 0.76755536 0.90278471
vt 0.78086317 0.90202963
vt 0.78195298 0.88554817
vt 0.78080982 0.92735648
vt 0.76465619 0.93179864
vt 0.78005004 0.92859149
vt 0.78048342 0.91606051
vt 0.78080982 0.95177531
vt 0.77657259 0.95314127
vt 0.78135568 0.94560969
vt 0.78487951 0.97599977
vt 0.77836800 0.97708499
vt 0.78080982 0.99554324
vt 0.78080982 0.99927545
vt 0.78080982 0.99905843
vt 0.78080982 0.99875623
vt 0.78080982 0.99830520
vt 0.78080982 0.99755412
vt 0.78080982 0.99601054
vt 0.78080982 0.99072433
vt 0.80929780 0.00407180
vt 0.80115837 0.02397031
vt 0.80522805 0.00015504
vt 0.80522805 0.00021227
vt 0.80522805 0.00027949
vt 0.80522805 0.00035958
vt 0.80522805 0.00045664
vt 0.80522805 0.00057673
vt 0.80522805 0.00072919
vt 0.80522805 0.00092928
vt 0.80522805 0.00120376
vt 0.80522805 0.00160449
vt 0.80522805 0.00224810
vt 0.80522805 0.00347360
vt 0.80522805 0.00717841
vt 0.80115837 0.01667127
vt 0.80522805 0.02675792
vt 0.80522805 0.04827827
vt 0.80522805 0.04827827
vt 0.80522805 0.07269711
vt 0.80522805 0.07269711
vt 0.80522805 0.09711595
vt 0.80522805 0.09711595
vt 0.80522805 0.12153479
vt 0.80522805 0.12153479
vt 0.80522805 0.14595363
vt 0.80522805 0.14595363
vt 0.80522805 0.17037247
vt 0.80522805 0.17037247
vt 0.80522805 0.19479130
vt 0.80522805 0.19479130
vt 0.80522805 0.21921015
vt 0.80522805 0.21921015
vt 0.80522805 0.24362898
vt 0.80522805 0.24362898
vt 0.80522805 0.26804781
vt 0.80522805 0.26804781
vt 0.80522805 0.29246667
vt 0.80522805 0.29246667
vt 0.80522805 0.31688550
vt 0.80522805 0.31688550
vt 0.80522805 0.34130433
vt 0.80766988 0.33886245
vt 0.80522805 0.36572316
vt 0.79613936 0.36483690
vt 0.80841392 0.36165619
vt 0.78481919 0.36647257
vt 0.80522805 0.39014202
vt 0.80605888 0.37429404
vt 0.79386055 0.38435030
vt 0.81095761 0.39212576
vt 0.80522805 0.41456085
vt 0.80348212 0.40075251
vt 0.80222785 0.41300669
vt 0.80522805 0.43897969
vt 0.80387866 0.43109962
vt 0.80796391 0.44466290
vt 0.80522805 0.46339852
vt 0.78581125 0.46323341
vt 0.80536658 0.46504089
vt 0.80522805 0.48781738
vt 0.80053830 0.47977880
vt 0.80380839 0.49228078
vt 0.80522805 0.51223618
vt 0.80278623 0.51467806
vt 0.80522805 0.53665507
vt 0.80522805 0.53665507
vt 0.80522805 0.56107390
vt 0.80522805 0.56107390
vt 0.80522805 0.58549273
vt 0.80336076 0.58161205
vt 0.80522805 0.60991156
vt 0.78472102 0.61485094
vt 0.79510736 0.61373079
vt 0.80807608 0.60867125
vt 0.80336076 0.58954817
vt 0.80522805 0.63433039
vt 0.78488994 0.64025134
vt 0.78931296 0.63301921
vt 0.79857278 0.63514322
vt 0.80479932 0.63232177
vt 0.80786657 0.62592304
vt 0.80522805 0.65874922
vt 0.78873986 0.66164458
vt 0.80013329 0.65748447
vt 0.80535829 0.65542173
vt 0.80665702 0.64490396
vt 0.80522805 0.68316805
vt 0.79147142 0.68369460
vt 0.80024105 0.68124110
vt 0.80528295 0.67923284
vt 0.80665445 0.66572452
vt 0.80522805 0.70758688
vt 0.80000842 0.70521808
vt 0.80452925 0.69992048
vt 0.80644011 0.69030237
vt 0.80522805 0.73200577
vt 0.78641003 0.73772264
vt 0.80051047 0.72818494
vt 0.80522805 0.75642461
vt 0.79196888 0.76049441
vt 0.80582494 0.75468040
vt 0.80522805 0.78084344
vt 0.79570466 0.77919400
vt 0.80741435 0.77974379
vt 0.80522805 0.80526227
vt 0.78625691 0.81123209
vt 0.80006939 0.80402780
vt 0.80524951 0.79255980
vt 0.80522805 0.82968110
vt 0.79242468 0.83077908
vt 0.80734509 0.82799345
vt 0.80522805 0.85409993
vt 0.79973501 0.85314000
vt 0.80730504 0.84249669
vt 0.80522805 0.87851876
vt 0.80747145 0.87851876
vt 0.80522805 0.90293765
vt 0.79449099 0.90127456
vt 0.80456626 0.90024310
vt 0.80522805 0.92735648
vt 0.79210597 0.92732620
vt 0.80528486 0.92698652
vt 0.80570132 0.91367477
vt 0.80522805 0.95177531
vt 0.78992558 0.95597839
vt 0.80481786 0.95258945
vt 0.80524796 0.93853128
vt 0.80929780 0.97600633
vt 0.79883116 0.97481012
vt 0.80603969 0.96918875
vt 0.80522805 0.99556023
vt 0.80522805 0.99929833
vt 0.80522805 0.99908960
vt 0.80522805 0.99880117
vt 0.80522805 0.99837589
vt 0.80522805 0.99768215
vt 0.80522805 0.99632090
vt 0.80555207 0.99105757
vt 0.83371603 0.00407047
vt 0.82557660 0.02396994
vt 0.82964635 0.00015314
vt 0.82964635 0.00021006
vt 0.82964635 0.00027688
vt 0.82964635 0.00035646
vt 0.82964635 0.00045283
vt 0.82964635 0.00057197
vt 0.82964635 0.00072309
vt 0.82964635 0.00092119
vt 0.82964635 0.00119248
vt 0.82964635 0.00158764
vt 0.82964635 0.00222007
vt 0.82964635 0.00341671
vt 0.82964635 0.00696238
vt 0.82557660 0.01581419
vt 0.82964635 0.02665655
vt 0.82964635 0.04827827
vt 0.82964635 0.04827827
vt 0.82964635 0.07269711
vt 0.82964635 0.07269711
vt 0.82964635 0.09711595
vt 0.82964635 0.09711595
vt 0.82964635 0.12153479
vt 0.82964635 0.12153479
vt 0.82964635 0.14595363
vt 0.82964635 0.14595363
vt 0.82964635 0.17037247
vt 0.82964635 0.17037247
vt 0.82964635 0.19479130
vt 0.82964635 0.19479130
vt 0.82964635 0.21921015
vt 0.82964635 0.21921015
vt 0.82964635 0.24362898
vt 0.82964635 0.24362898
vt 0.82964635 0.26804781
vt 0.82964635 0.26804781
vt 0.82964635 0.29246667
vt 0.82964635 0.29246667
vt 0.82964635 0.31688550
vt 0.82964635 0.31688550
vt 0.82964635 0.34130433
vt 0.82964635 0.34130433
vt 0.82964635 0.36572316
vt 0.83406907 0.36652181
vt 0.82964635 0.39014202
vt 0.82463193 0.37784651
vt 0.83044958 0.39370200
vt 0.82964635 0.41456085
vt 0.81871492 0.41338477
vt 0.82858300 0.40981996
vt 0.82964635 0.43897969
vt 0.83093423 0.42153612
vt 0.81675935 0.43861675
vt 0.83049899 0.43884805
vt 0.82964635 0.46339852
vt 0.83017838 0.45382044
vt 0.82969111 0.46643656
vt 0.82964635 0.48781738
vt 0.81096327 0.48763317
vt 0.82984138 0.48953184
vt 0.82964635 0.51223618
vt 0.82503575 0.50470245
vt 0.82818443 0.51652324
vt 0.82964635 0.53665507
vt 0.82720453 0.53909695
vt 0.82964635 0.56107390
vt 0.82663047 0.56123114
vt 0.82964635 0.58549273
vt 0.81355870 0.58102602
vt 0.82804579 0.58579063
vt 0.83030778 0.56705862
vt 0.82964635 0.60991156
vt 0.83411944 0.61144400
vt 0.82964635 0.63433039
vt 0.81634808 0.63987249
vt 0.82648754 0.63170820
vt 0.82964635 0.65874922
vt 0.81399071 0.65986085
vt 0.82482129 0.66187966
vt 0.83365083 0.65619981
vt 0.82964635 0.68316805
vt 0.81238228 0.68384564
vt 0.82284355 0.68486786
vt 0.83308893 0.68561035
vt 0.83276182 0.67264789
vt 0.82964635 0.70758688
vt 0.80845410 0.71335769
vt 0.81435168 0.70767945
vt 0.82244074 0.70758688
vt 0.82821757 0.70752472
vt 0.83139747 0.70239216
vt 0.82964635 0.73200577
vt 0.81038278 0.73444766
vt 0.81913745 0.73312563
vt 0.82575482 0.72949660
vt 0.82980973 0.72615516
vt 0.82964635 0.75642461
vt 0.82077855 0.75531232
vt 0.82815278 0.75421584
vt 0.82988238 0.74620390
vt 0.83168972 0.73754025
vt 0.82964635 0.78084344
vt 0.82509309 0.77769625
vt 0.82953894 0.76684409
vt 0.82964635 0.80526227
vt 0.81547242 0.81026733
vt 0.82584488 0.80083132
vt 0.82964635 0.82968110
vt 0.81968862 0.82798564
vt 0.82897049 0.82448101
vt 0.82964635 0.85409993
vt 0.81673497 0.85908473
vt 0.82506102 0.85184973
vt 0.82799762 0.83917850
vt 0.82964635 0.87851876
vt 0.82102770 0.87951738
vt 0.83224595 0.87709135
vt 0.82964635 0.90293765
vt 0.82816333 0.90190673
vt 0.83245373 0.89083743
vt 0.82964635 0.92735648
vt 0.81880456 0.92664683
vt 0.82896960 0.92520678
vt 0.82964635 0.95177531
vt 0.81846964 0.95120209
vt 0.82974470 0.95124477
vt 0.82983333 0.93819964
vt 0.83371603 0.97601908
vt 0.81237954 0.97878385
vt 0.82551217 0.97367924
vt 0.83039343 0.96272641
vt 0.82964635 0.99562079
vt 0.82964635 0.99938291
vt 0.82964635 0.99920231
vt 0.82964635 0.99895900
vt 0.82964635 0.99861300
vt 0.82964635 0.99808043
vt 0.82964635 0.99714667
vt 0.82964635 0.99499202
vt 0.83133525 0.98715562
vt 0.85813433 0.00407024
vt 0.84999490 0.02396980
vt 0.85406458 0.00015272
vt 0.85406458 0.00020957
vt 0.85406458 0.00027631
vt 0.85406458 0.00035577
vt 0.85406458 0.00045199
vt 0.85406458 0.00057093
vt 0.85406458 0.00072175
vt 0.85406458 0.00091941
vt 0.85406458 0.00118999
vt 0.85406458 0.00158390
vt 0.85406458 0.00221376
vt 0.85406458 0.00340332
vt 0.85406458 0.00690071
vt 0.84999490 0.01569684
vt 0.85406458 0.02661306
vt 0.85406458 0.04827827
vt 0.85406458 0.04827827
vt 0.85406458 0.07269711
vt 0.85406458 0.07269711
vt 0.85406458 0.09711595
vt 0.85406458 0.09711595
vt 0.85406458 0.12153479
vt 0.85406458 0.12153479
vt 0.85406458 0.14595363
vt 0.85406458 0.14595363
vt 0.85406458 0.17037247
vt 0.85406458 0.17037247
vt 0.85406458 0.19479130
vt 0.85406458 0.19479130
vt 0.85406458 0.21921015
vt 0.85406458 0.21921015
vt 0.85406458 0.24362898
vt 0.85406458 0.24362898
vt 0.85406458 0.26804781
vt 0.85406458 0.26804781
vt 0.85406458 0.29246667
vt 0.85406458 0.29246667
vt 0.85406458 0.31688550
vt 0.85406458 0.31688550
vt 0.85406458 0.34130433
vt 0.85406458 0.34130433
vt 0.85406458 0.36572316
vt 0.85650641 0.36328128
vt 0.85406458 0.39014202
vt 0.84056592 0.38881820
vt 0.85463834 0.38839781
vt 0.85406458 0.41456085
vt 0.84549779 0.40979281
vt 0.85974842 0.41192856
vt 0.85406458 0.43897969
vt 0.85351133 0.42230189
vt 0.84716487 0.43772778
vt 0.86003661 0.43849313
vt 0.85406458 0.46339852
vt 0.85194945 0.44926235
vt 0.83728534 0.46330541
vt 0.85792571 0.46670884
vt 0.85406458 0.48781738
vt 0.84970284 0.47858012
vt 0.85439259 0.49074942
vt 0.85406458 0.51223618
vt 0.83504373 0.51176983
vt 0.85446334 0.51367700
vt 0.85406458 0.53665507
vt 0.84973913 0.52720571
vt 0.84774214 0.53857017
vt 0.85406458 0.56107390
vt 0.83927381 0.55707431
vt 0.85264927 0.56170547
vt 0.85498047 0.54485881
vt 0.85406458 0.58549273
vt 0.85159475 0.58561146
vt 0.85406458 0.60991156
vt 0.84630692 0.60733944
vt 0.85788506 0.61199766
vt 0.85726935 0.59242857
vt 0.85406458 0.63433039
vt 0.85300142 0.62529689
vt 0.85232043 0.63570172
vt 0.85406458 0.65874922
vt 0.85650641 0.65630734
vt 0.85406458 0.68316805
vt 0.84097165 0.68446743
vt 0.85471720 0.68076539
vt 0.85406458 0.70758688
vt 0.83487278 0.71363980
vt 0.84822458 0.70730585
vt 0.85312527 0.70010668
vt 0.85406458 0.73200577
vt 0.84083951 0.73571199
vt 0.85152042 0.72793597
vt 0.85406458 0.75642461
vt 0.83489054 0.76182371
vt 0.84073633 0.75601810
vt 0.84834635 0.75886649
vt 0.85322422 0.75235480
vt 0.85406458 0.78084344
vt 0.83415169 0.78337848
vt 0.84031832 0.78084344
vt 0.84660637 0.78180265
vt 0.85141122 0.77801442
vt 0.85802734 0.77928424
vt 0.85406458 0.80526227
vt 0.83685642 0.80770415
vt 0.84862328 0.80456543
vt 0.85393095 0.80304831
vt 0.85534483 0.79378426
vt 0.85804814 0.78780031
vt 0.85406458 0.82968110
vt 0.84050751 0.83188576
vt 0.85246414 0.82856613
vt 0.85477787 0.81678063
vt 0.85406458 0.85409993
vt 0.83660406 0.85661954
vt 0.84633124 0.85654181
vt 0.85235435 0.85003012
vt 0.85406458 0.87851876
vt 0.84075332 0.87746805
vt 0.84983104 0.87590164
vt 0.85753906 0.87696189
vt 0.85406458 0.90293765
vt 0.84378123 0.90550441
vt 0.84956038 0.90030628
vt 0.85260475 0.89185911
vt 0.85789710 0.88571328
vt 0.85406458 0.92735648
vt 0.84924954 0.92459345
vt 0.85372865 0.91566235
vt 0.85406458 0.95177531
vt 0.84161007 0.95128751
vt 0.85006791 0.94626397
vt 0.85813433 0.97604167
vt 0.84408456 0.97670913
vt 0.85032326 0.97237265
vt 0.85205287 0.96136487
vt 0.85406458 0.99570984
vt 0.85406458 0.99950749
vt 0.85406458 0.99936306
vt 0.85406458 0.99917465
vt 0.85406458 0.99891824
vt 0.85406458 0.99854779
vt 0.85406458 0.99796182
vt 0.85406458 0.99687457
vt 0.85406458 0.99382478
vt 0.85609019 0.98462528
vt 0.88255256 0.00406964
vt 0.87441313 0.02396973
vt 0.87848288 0.00015196
vt 0.87848288 0.00020868
vt 0.87848288 0.00027526
vt 0.87848288 0.00035451
vt 0.87848288 0.00045045
vt 0.87848288 0.00056901
vt 0.87848288 0.00071929
vt 0.87848288 0.00091611
vt 0.87848288 0.00118538
vt 0.87848288 0.00157696
vt 0.87848288 0.00220206
vt 0.87848288 0.00337902
vt 0.87848288 0.00680299
vt 0.87441313 0.01537989
vt 0.87848288 0.02655989
vt 0.87848288 0.04827827
vt 0.87848288 0.04827827
vt 0.87848288 0.07269711
vt 0.87848288 0.07269711
vt 0.87848288 0.09711595
vt 0.87848288 0.09711595
vt 0.87848288 0.12153479
vt 0.87848288 0.12153479
vt 0.87848288 0.14595363
vt 0.87848288 0.14595363
vt 0.87848288 0.17037247
vt 0.87848288 0.17037247
vt 0.87848288 0.19479130
vt 0.87848288 0.19479130
vt 0.87848288 0.21921015
vt 0.87848288 0.21921015
vt 0.87848288 0.24362898
vt 0.87848288 0.24362898
vt 0.87848288 0.26804781
vt 0.87848288 0.26804781
vt 0.87848288 0.29246667
vt 0.87848288 0.29246667
vt 0.87848288 0.31688550
vt 0.87848288 0.31688550
vt 0.87848288 0.34130433
vt 0.87848288 0.34130433
vt 0.87848288 0.36572316
vt 0.87848288 0.36572316
vt 0.87848288 0.39014202
vt 0.87848288 0.39014202
vt 0.87848288 0.41456085
vt 0.88268173 0.41543052
vt 0.87848288 0.43897969
vt 0.87320721 0.42717612
vt 0.87947762 0.44072559
vt 0.87848288 0.46339852
vt 0.87673873 0.45539960
vt 0.88092470 0.46536565
vt 0.87848288 0.48781738
vt 0.86124420 0.48703846
vt 0.88103712 0.48756951
vt 0.87848288 0.51223618
vt 0.87524420 0.50292766
vt 0.87932986 0.51410115
vt 0.87848288 0.53665507
vt 0.85878366 0.53445244
vt 0.87357569 0.53712934
vt 0.87848288 0.56107390
vt 0.87851238 0.56312323
vt 0.87848288 0.58549273
vt 0.87491822 0.58627307
vt 0.87847191 0.58560425
vt 0.87991506 0.58381414
vt 0.87970471 0.57542139
vt 0.86160421 0.58161223
vt 0.87848288 0.60991156
vt 0.87847191 0.58906490
vt 0.87613130 0.60471082
vt 0.87848288 0.63433039
vt 0.87371182 0.62685090
vt 0.87962586 0.63416928
vt 0.87848288 0.65874922
vt 0.87848288 0.65874922
vt 0.87848288 0.68316805
vt 0.88092470 0.68072617
vt 0.87848288 0.70758688
vt 0.85982579 0.71346235
vt 0.87693191 0.70390201
vt 0.87848288 0.73200577
vt 0.86082959 0.73607558
vt 0.87904733 0.72793597
vt 0.87848288 0.75642461
vt 0.86243755 0.76049441
vt 0.87925738 0.75235480
vt 0.87848288 0.78084344
vt 0.86893159 0.78059483
vt 0.88175875 0.77895713
vt 0.87848288 0.80526227
vt 0.86120856 0.81065768
vt 0.86848998 0.80650306
vt 0.87389350 0.80318332
vt 0.87795889 0.79816306
vt 0.87848288 0.82968110
vt 0.85701632 0.83237308
vt 0.86444694 0.82968110
vt 0.87234163 0.83067012
vt 0.87842810 0.82473022
vt 0.87848288 0.85409993
vt 0.85849792 0.85654181
vt 0.86991149 0.85352796
vt 0.88145167 0.85585928
vt 0.87962943 0.84148777
vt 0.87848288 0.87851876
vt 0.86785400 0.87588590
vt 0.87746334 0.87741256
vt 0.88095409 0.86905915
vt 0.87848288 0.90293765
vt 0.86002892 0.90868992
vt 0.86770380 0.90439028
vt 0.87372440 0.90086180
vt 0.87630439 0.89384288
vt 0.87848288 0.92735648
vt 0.85751241 0.93022078
vt 0.86407661 0.92735648
vt 0.87142301 0.92860210
vt 0.87738454 0.92270499
vt 0.87848288 0.95177531
vt 0.85988498 0.95473015
vt 0.87008500 0.95104086
vt 0.87740552 0.94990218
vt 0.87841523 0.94095969
vt 0.88255256 0.97606778
vt 0.86271071 0.97518587
vt 0.87266141 0.97472948
vt 0.87795985 0.97380006
vt 0.87881446 0.96299285
vt 0.87848288 0.99585426
vt 0.87848288 0.99970639
vt 0.87848288 0.99961108
vt 0.87848288 0.99949306
vt 0.87848288 0.99934280
vt 0.87848288 0.99914443
vt 0.87848288 0.99886906
vt 0.87848288 0.99845600
vt 0.87848288 0.99774265
vt 0.87848288 0.99584651
vt 0.87883586 0.99162203
vt 0.88279629 0.98724085
vt 0.90697086 0.00406960
vt 0.89883143 0.02396964
vt 0.90290111 0.00015183
vt 0.90290111 0.00020853
vt 0.90290111 0.00027508
vt 0.90290111 0.00035430
vt 0.90290111 0.00045020
vt 0.90290111 0.00056869
vt 0.90290111 0.00071889
vt 0.90290111 0.00091561
vt 0.90290111 0.00118471
vt 0.90290111 0.00157603
vt 0.90290111 0.00220072
vt 0.90290111 0.00337712
vt 0.90290111 0.00680599
vt 0.89883143 0.01533235
vt 0.90290111 0.02657106
vt 0.90290111 0.04827827
vt 0.90290111 0.04827827
vt 0.90290111 0.07269711
vt 0.90290111 0.07269711
vt 0.90290111 0.09711595
vt 0.90290111 0.09711595
vt 0.90290111 0.12153479
vt 0.90290111 0.12153479
vt 0.90290111 0.14595363
vt 0.90290111 0.14595363
vt 0.90290111 0.17037247
vt 0.90290111 0.17037247
vt 0.90290111 0.19479130
vt 0.90290111 0.19479130
vt 0.90290111 0.21921015
vt 0.90290111 0.21921015
vt 0.90290111 0.24362898
vt 0.90290111 0.24362898
vt 0.90290111 0.26804781
vt 0.90290111 0.26804781
vt 0.90290111 0.29246667
vt 0.90290111 0.29246667
vt 0.90290111 0.31688550
vt 0.90290111 0.31688550
vt 0.90290111 0.34130433
vt 0.90290111 0.34130433
vt 0.90290111 0.36572316
vt 0.90290111 0.36572316
vt 0.90290111 0.39014202
vt 0.90290111 0.39014202
vt 0.90290111 0.41456085
vt 0.90534294 0.41211897
vt 0.90290111 0.43897969
vt 0.88834018 0.43624625
vt 0.90641624 0.43803650
vt 0.90290111 0.46339852
vt 0.90001464 0.45028135
vt 0.89811945 0.46113327
vt 0.90297395 0.46978572
vt 0.90290111 0.48781738
vt 0.90290111 0.48781738
vt 0.90290111 0.51223618
vt 0.88929546 0.50996333
vt 0.90549225 0.50782627
vt 0.90290111 0.53665507
vt 0.90164506 0.51809227
vt 0.90115696 0.53573352
vt 0.90290111 0.56107390
vt 0.90534294 0.55863202
vt 0.90290111 0.58549273
vt 0.88108343 0.58963686
vt 0.89110202 0.58821291
vt 0.90218621 0.58085799
vt 0.90290111 0.60991156
vt 0.88973063 0.60972363
vt 0.90332925 0.60816735
vt 0.90290111 0.63433039
vt 0.90290111 0.63433039
vt 0.90290111 0.65874922
vt 0.90290111 0.65874922
vt 0.90290111 0.68316805
vt 0.90290111 0.68316805
vt 0.90290111 0.70758688
vt 0.90290111 0.70758688
vt 0.90290111 0.73200577
vt 0.90290111 0.73200577
vt 0.90290111 0.75642461
vt 0.90290111 0.75642461
vt 0.90290111 0.78084344
vt 0.90534294 0.77840155
vt 0.90290111 0.80526227
vt 0.88443691 0.81120121
vt 0.90129352 0.80163181
vt 0.90290111 0.82968110
vt 0.88942099 0.83415848
vt 0.90398872 0.82561129
vt 0.90290111 0.85409993
vt 0.88683450 0.85259444
vt 0.89677340 0.85428578
vt 0.90676415 0.85106444
vt 0.90290111 0.87851876
vt 0.88712180 0.88470542
vt 0.89785278 0.87738264
vt 0.90113139 0.86975396
vt 0.90668219 0.86414754
vt 0.90290111 0.90293765
vt 0.88199645 0.90628958
vt 0.89396131 0.90537953
vt 0.90172035 0.89886785
vt 0.90290111 0.92735648
vt 0.88268310 0.93084460
vt 0.89486170 0.92837012
vt 0.90614897 0.92600769
vt 0.90290111 0.95177531
vt 0.88379925 0.95392579
vt 0.89494652 0.95271689
vt 0.90228444 0.94962889
vt 0.90553141 0.94177783
vt 0.90697086 0.97608536
vt 0.88608807 0.97579432
vt 0.89651513 0.97478473
vt 0.90224397 0.97390676
vt 0.90366763 0.96325010
vt 0.90290111 0.99595875
vt 0.90290111 0.99985605
vt 0.90290111 0.99979115
vt 0.90290111 0.99971396
vt 0.90290111 0.99962056
vt 0.90290111 0.99950516
vt 0.90290111 0.99935877
vt 0.90290111 0.99916667
vt 0.90290111 0.99890244
vt 0.90290111 0.99851251
vt 0.90290111 0.99786437
vt 0.90290111 0.99642241
vt 0.90304607 0.99212623
vt 0.90709418 0.98754847
vt 0.93138909 0.00406987
vt 0.92324966 0.02396966
vt 0.92731941 0.00015215
vt 0.92731941 0.00020891
vt 0.92731941 0.00027553
vt 0.92731941 0.00035484
vt 0.92731941 0.00045087
vt 0.92731941 0.00056954
vt 0.92731941 0.00071999
vt 0.92731941 0.00091708
vt 0.92731941 0.00118680
vt 0.92731941 0.00157926
vt 0.92731941 0.00220638
vt 0.92731941 0.00338987
vt 0.92731941 0.00687241
vt 0.92324966 0.01543939
vt 0.92731941 0.02662240
vt 0.92731941 0.04827827
vt 0.92731941 0.04827827
vt 0.92731941 0.07269711
vt 0.92731941 0.07269711
vt 0.92731941 0.09711595
vt 0.92731941 0.09711595
vt 0.92731941 0.12153479
vt 0.92731941 0.12153479
vt 0.92731941 0.14595363
vt 0.92731941 0.14595363
vt 0.92731941 0.17037247
vt 0.92731941 0.17037247
vt 0.92731941 0.19479130
vt 0.92731941 0.19479130
vt 0.92731941 0.21921015
vt 0.92731941 0.21921015
vt 0.92731941 0.24362898
vt 0.92731941 0.24362898
vt 0.92731941 0.26804781
vt 0.92731941 0.26804781
vt 0.92731941 0.29246667
vt 0.92731941 0.29246667
vt 0.92731941 0.31688550
vt 0.92731941 0.31688550
vt 0.92731941 0.34130433
vt 0.92731941 0.34130433
vt 0.92731941 0.36572316
vt 0.92731941 0.36572316
vt 0.92731941 0.39014202
vt 0.92731941 0.39014202
vt 0.92731941 0.41456085
vt 0.92731941 0.41456085
vt 0.92731941 0.43897969
vt 0.92976123 0.43653780
vt 0.92731941 0.46339852
vt 0.91882503 0.45963079
vt 0.93062615 0.45882240
vt 0.90930384 0.46364066
vt 0.92731941 0.48781738
vt 0.92922741 0.46797121
vt 0.92497957 0.47642282
vt 0.92557520 0.48868173
vt 0.92731941 0.51223618
vt 0.93239838 0.51265490
vt 0.92731941 0.53665507
vt 0.92307061 0.52174306
vt 0.92673814 0.54121333
vt 0.92731941 0.56107390
vt 0.92871881 0.56499296
vt 0.92731941 0.58549273
vt 0.92487758 0.58793461
vt 0.92731941 0.60991156
vt 0.92731941 0.60991156
vt 0.92731941 0.63433039
vt 0.92731941 0.63433039
vt 0.92731941 0.65874922
vt 0.92731941 0.65874922
vt 0.92731941 0.68316805
vt 0.92731941 0.68316805
vt 0.92731941 0.70758688
vt 0.92731941 0.70758688
vt 0.92731941 0.73200577
vt 0.92731941 0.73200577
vt 0.92731941 0.75642461
vt 0.92731941 0.75642461
vt 0.92731941 0.78084344
vt 0.92731941 0.78084344
vt 0.92731941 0.80526227
vt 0.92731941 0.80526227
vt 0.92731941 0.82968110
vt 0.92731941 0.82968110
vt 0.92731941 0.85409993
vt 0.92976123 0.85165805
vt 0.92731941 0.87851876
vt 0.90903413 0.88424999
vt 0.91864657 0.88070858
vt 0.92695278 0.87373906
vt 0.92731941 0.90293765
vt 0.90961605 0.90537953
vt 0.92099661 0.90365285
vt 0.93184209 0.90016443
vt 0.92731941 0.92735648
vt 0.91669911 0.92377925
vt 0.92710257 0.92478061
vt 0.93071586 0.91526985
vt 0.92731941 0.95177531
vt 0.91270441 0.95721895
vt 0.92245555 0.94997692
vt 0.92599207 0.93795907
vt 0.93138909 0.97609556
vt 0.91057098 0.97589892
vt 0.92104393 0.97705150
vt 0.92720073 0.97122782
vt 0.92731941 0.99602842
vt 0.92731941 0.99995422
vt 0.92731941 0.99990577
vt 0.92731941 0.99984962
vt 0.92731941 0.99978369
vt 0.92731941 0.99970526
vt 0.92731941 0.99961025
vt 0.92731941 0.99949282
vt 0.92731941 0.99934381
vt 0.92731941 0.99914807
vt 0.92731941 0.99887878
vt 0.92731941 0.99848211
vt 0.92731941 0.99782640
vt 0.92731941 0.99640280
vt 0.92737335 0.99210298
vt 0.93206459 0.98719645
vt 0.95580733 0.00407023
vt 0.94766796 0.02396974
vt 0.95173764 0.00015265
vt 0.95173764 0.00020949
vt 0.95173764 0.00027622
vt 0.95173764 0.00035566
vt 0.95173764 0.00045186
vt 0.95173764 0.00057077
vt 0.95173764 0.00072157
vt 0.95173764 0.00091917
vt 0.95173764 0.00118969
vt 0.95173764 0.00158352
vt 0.95173764 0.00221331
vt 0.95173764 0.00340319
vt 0.95173764 0.00691047
vt 0.94766796 0.01566576
vt 0.95173764 0.02662808
vt 0.95173764 0.04827827
vt 0.95173764 0.04827827
vt 0.95173764 0.07269711
vt 0.95173764 0.07269711
vt 0.95173764 0.09711595
vt 0.95173764 0.09711595
vt 0.95173764 0.12153479
vt 0.95173764 0.12153479
vt 0.95173764 0.14595363
vt 0.95173764 0.14595363
vt 0.95173764 0.17037247
vt 0.95173764 0.17037247
vt 0.95173764 0.19479130
vt 0.95173764 0.19479130
vt 0.95173764 0.21921015
vt 0.95173764 0.21921015
vt 0.95173764 0.24362898
vt 0.95173764 0.24362898
vt 0.95173764 0.26804781
vt 0.95173764 0.26804781
vt 0.95173764 0.29246667
vt 0.95173764 0.29246667
vt 0.95173764 0.31688550
vt 0.95173764 0.31688550
vt 0.95173764 0.34130433
vt 0.95173764 0.34130433
vt 0.95173764 0.36572316
vt 0.95173764 0.36572316
vt 0.95173764 0.39014202
vt 0.95173764 0.39014202
vt 0.95173764 0.41456085
vt 0.95173764 0.41456085
vt 0.95173764 0.43897969
vt 0.95173764 0.43897969
vt 0.95173764 0.46339852
vt 0.95580733 0.46037516
vt 0.95173764 0.48781738
vt 0.95173764 0.47068486
vt 0.94766796 0.48084953
vt 0.95173764 0.49083865
vt 0.95173764 0.51223618
vt 0.95677781 0.51220459
vt 0.95173764 0.53665507
vt 0.94285500 0.53479934
vt 0.95115638 0.53665507
vt 0.95173764 0.56107390
vt 0.94507581 0.55547166
vt 0.95824969 0.56150454
vt 0.95173764 0.58549273
vt 0.95108724 0.56897247
vt 0.95163280 0.58759028
vt 0.95173764 0.60991156
vt 0.94929582 0.61235344
vt 0.95173764 0.63433039
vt 0.95173764 0.63433039
vt 0.95173764 0.65874922
vt 0.95173764 0.65874922
vt 0.95173764 0.68316805
vt 0.95173764 0.68316805
vt 0.95173764 0.70758688
vt 0.95173764 0.70758688
vt 0.95173764 0.73200577
vt 0.95173764 0.73200577
vt 0.95173764 0.75642461
vt 0.95173764 0.75642461
vt 0.95173764 0.78084344
vt 0.95173764 0.78084344
vt 0.95173764 0.80526227
vt 0.95173764 0.80526227
vt 0.95173764 0.82968110
vt 0.95173764 0.82968110
vt 0.95173764 0.85409993
vt 0.95173764 0.85409993
vt 0.95173764 0.87851876
vt 0.95173764 0.87851876
vt 0.95173764 0.90293765
vt 0.95417947 0.90049577
vt 0.95173764 0.92735648
vt 0.93979740 0.93249333
vt 0.95101851 0.92283911
vt 0.95173764 0.95177531
vt 0.93424124 0.95286411
vt 0.94605196 0.95454323
vt 0.95590323 0.94891524
vt 0.95580733 0.97610056
vt 0.94052243 0.97424477
vt 0.95198387 0.97336847
vt 0.95546424 0.96349919
vt 0.95173764 0.99605972
vt 0.95173764 1.00000000
vt 0.95173764 0.99995840
vt 0.95173764 0.99991065
vt 0.95173764 0.99985546
vt 0.95173764 0.99979079
vt 0.95173764 0.99971408
vt 0.95173764 0.99962145
vt 0.95173764 0.99950749
vt 0.95173764 0.99936378
vt 0.95173764 0.99917680
vt 0.95173764 0.99892336
vt 0.95173764 0.99855983
vt 0.95173764 0.99799216
vt 0.95173764 0.99696910
vt 0.95173764 0.99441528
vt 0.95400542 0.98639476
vt 0.97846055 0.00723429
vt 0.97203106 0.02396975
vt 0.97603285 0.00409901
vt 0.97602260 0.00414557
vt 0.97601056 0.00420014
vt 0.97599608 0.00426501
vt 0.97597837 0.00434338
vt 0.97595626 0.00443998
vt 0.97592783 0.00456207
vt 0.97588992 0.00472132
vt 0.97583669 0.00493794
vt 0.97575647 0.00525034
vt 0.97562104 0.00574214
vt 0.97533888 0.00664280
vt 0.97428274 0.00904964
vt 0.97071934 0.01616568
vt 0.97346938 0.02929610
vt 0.97604573 0.04827827
vt 0.97360355 0.05234808
vt 0.97604597 0.07269711
vt 0.97374499 0.07676692
vt 0.97604626 0.09711595
vt 0.97379923 0.10118575
vt 0.97604632 0.12153479
vt 0.97379869 0.12560460
vt 0.97604632 0.14595363
vt 0.97379810 0.15002343
vt 0.97604632 0.17037247
vt 0.97375292 0.17444228
vt 0.97604626 0.19479130
vt 0.97363430 0.19886111
vt 0.97604603 0.21921015
vt 0.97351140 0.22327995
vt 0.97604579 0.24362898
vt 0.97348005 0.24769878
vt 0.97604573 0.26804781
vt 0.97348928 0.27211761
vt 0.97604573 0.29246667
vt 0.97347212 0.29653648
vt 0.97604573 0.31688550
vt 0.97346455 0.32095531
vt 0.97604573 0.34130433
vt 0.97350168 0.34537414
vt 0.97604579 0.36572316
vt 0.97353947 0.36979297
vt 0.97604585 0.39014202
vt 0.97354454 0.39421183
vt 0.97604585 0.41456085
vt 0.97355133 0.41863066
vt 0.97604585 0.43897969
vt 0.97399914 0.44304949
vt 0.97604704 0.46339852
vt 0.97710645 0.46391842
vt 0.97605497 0.48781738
vt 0.97502506 0.47206461
vt 0.97134191 0.48048896
vt 0.97340626 0.49323389
vt 0.97606260 0.51223618
vt 0.97348022 0.50957292
vt 0.97236782 0.51542062
vt 0.97586358 0.51316434
vt 0.97606343 0.53665507
vt 0.97358412 0.53714675
vt 0.97766602 0.52105385
vt 0.97606331 0.56107390
vt 0.97718740 0.56351578
vt 0.97606331 0.58549273
vt 0.96799141 0.58152312
vt 0.97604460 0.58371717
vt 0.97606385 0.60991156
vt 0.97428489 0.59193259
vt 0.97227758 0.61187804
vt 0.97606480 0.63433039
vt 0.97407824 0.63840020
vt 0.97606540 0.65874922
vt 0.97416407 0.66281903
vt 0.97606558 0.68316805
vt 0.97419566 0.68723786
vt 0.97606564 0.70758688
vt 0.97420871 0.71165675
vt 0.97606570 0.73200577
vt 0.97421432 0.73607558
vt 0.97606570 0.75642461
vt 0.97421646 0.76049441
vt 0.97606570 0.78084344
vt 0.97421694 0.78491324
vt 0.97606570 0.80526227
vt 0.97421664 0.80933207
vt 0.97606570 0.82968110
vt 0.97393870 0.83375090
vt 0.97606522 0.85409993
vt 0.97365493 0.85816973
vt 0.97606474 0.87851876
vt 0.97364384 0.88258857
vt 0.97606474 0.90293765
vt 0.97363496 0.90700746
vt 0.97606468 0.92735648
vt 0.97362769 0.93142629
vt 0.97606468 0.95177531
vt 0.97555679 0.95421720
vt 0.97848827 0.97369754
vt 0.96547949 0.97673011
vt 0.97229415 0.97158891
vt 0.97365934 0.99289805
vt 0.97606194 0.99605697
vt 0.97605610 0.99602568
vt 0.97604948 0.99599004
vt 0.97604197 0.99594915
vt 0.97603327 0.99590170
vt 0.97602314 0.99584597
vt 0.97601116 0.99577969
vt 0.97599679 0.99569935
vt 0.97597927 0.99560004
vt 0.97595739 0.99547416
vt 0.97592932 0.99530923
vt 0.97589195 0.99508351
vt 0.97583961 0.99475521
vt 0.97576106 0.99423170
vt 0.97562927 0.99325067
vt 0.97535837 0.99050736
vt 0.97587168 0.98331761
vt 0.99396551 0.02798437
vt 0.99590743 0.02397376
vt 0.99585944 0.02398252
vt 0.99580312 0.02399273
vt 0.99573594 0.02400480
vt 0.99565446 0.02401927
vt 0.99555361 0.02403696
vt 0.99542546 0.02405907
vt 0.99525708 0.02408750
vt 0.99502569 0.02412543
vt 0.99468738 0.02417864
vt 0.99414265 0.02425886
vt 0.99310172 0.02439430
vt 0.98996949 0.02467651
vt 0.98285645 0.02366540
vt 0.99594611 0.05234808
vt 0.99986398 0.04827827
vt 0.99980742 0.04827827
vt 0.99974108 0.04827827
vt 0.99966216 0.04827827
vt 0.99956667 0.04827827
vt 0.99944866 0.04827827
vt 0.99929929 0.04827827
vt 0.99910378 0.04827827
vt 0.99883658 0.04827827
vt 0.99844879 0.04827827
vt 0.99783164 0.04827827
vt 0.99667752 0.04827827
vt 0.99341148 0.04827827
vt 0.98498082 0.04420847
vt 0.99594760 0.07676692
vt 0.99986589 0.07269711
vt 0.99980968 0.07269711
vt 0.99974376 0.07269711
vt 0.99966538 0.07269711
vt 0.99957061 0.07269711
vt 0.99945360 0.07269711
vt 0.99930555 0.07269711
vt 0.99911213 0.07269711
vt 0.99884832 0.07269711
vt 0.99846643 0.07269711
vt 0.99786133 0.07269711
vt 0.99673909 0.07269711
vt 0.99365383 0.07269711
vt 0.98562402 0.06862731
vt 0.99594855 0.10118575
vt 0.99986726 0.09711595
vt 0.99981129 0.09711595
vt 0.99974567 0.09711595
vt 0.99966764 0.09711595
vt 0.99957335 0.09711595
vt 0.99945706 0.09711595
vt 0.99930996 0.09711595
vt 0.99911791 0.09711595
vt 0.99885637 0.09711595
vt 0.99847835 0.09711595
vt 0.99788088 0.09711595
vt 0.99677759 0.09711595
vt 0.99378175 0.09711595
vt 0.98605919 0.09304614
vt 0.99594867 0.12560460
vt 0.99986750 0.12153479
vt 0.99981159 0.12153479
vt 0.99974602 0.12153479
vt 0.99966806 0.12153479
vt 0.99957383 0.12153479
vt 0.99945760 0.12153479
vt 0.99931067 0.12153479
vt 0.99911886 0.12153479
vt 0.99885762 0.12153479
vt 0.99848014 0.12153479
vt 0.99788368 0.12153479
vt 0.99678260 0.12153479
vt 0.99379307 0.12153479
vt 0.98612064 0.11746498
vt 0.99594867 0.15002343
vt 0.99986750 0.14595363
vt 0.99981159 0.14595363
vt 0.99974597 0.14595363
vt 0.99966806 0.14595363
vt 0.99957383 0.14595363
vt 0.99945754 0.14595363
vt 0.99931067 0.14595363
vt 0.99911886 0.14595363
vt 0.99885762 0.14595363
vt 0.99848014 0.14595363
vt 0.99788356 0.14595363
vt 0.99678236 0.14595363
vt 0.99379206 0.14595363
vt 0.98611838 0.14188382
vt 0.99594843 0.17444228
vt 0.99986726 0.17037247
vt 0.99981129 0.17037247
vt 0.99974567 0.17037247
vt 0.99966758 0.17037247
vt 0.99957329 0.17037247
vt 0.99945694 0.17037247
vt 0.99930984 0.17037247
vt 0.99911773 0.17037247
vt 0.99885601 0.17037247
vt 0.99847764 0.17037247
vt 0.99787921 0.17037247
vt 0.99677211 0.17037247
vt 0.99373931 0.17037247
vt 0.98607129 0.16630265
vt 0.99594748 0.19886111
vt 0.99986607 0.19479130
vt 0.99980986 0.19479130
vt 0.99974400 0.19479130
vt 0.99966562 0.19479130
vt 0.99957085 0.19479130
vt 0.99945390 0.19479130
vt 0.99930590 0.19479130
vt 0.99911243 0.19479130
vt 0.99884856 0.19479130
vt 0.99846631 0.19479130
vt 0.99785984 0.19479130
vt 0.99673098 0.19479130
vt 0.99356323 0.19479130
vt 0.98572075 0.19072150
vt 0.99594623 0.22327995
vt 0.99986434 0.21921015
vt 0.99980789 0.21921015
vt 0.99974161 0.21921015
vt 0.99966276 0.21921015
vt 0.99956739 0.21921015
vt 0.99944961 0.21921015
vt 0.99930036 0.21921015
vt 0.99910504 0.21921015
vt 0.99883825 0.21921015
vt 0.99845088 0.21921015
vt 0.99783403 0.21921015
vt 0.99667758 0.21921015
vt 0.99335182 0.21921015
vt 0.98516554 0.21514034
vt 0.99594551 0.24769878
vt 0.99986333 0.24362898
vt 0.99980670 0.24362898
vt 0.99974024 0.24362898
vt 0.99966115 0.24362898
vt 0.99956536 0.24362898
vt 0.99944705 0.24362898
vt 0.99929714 0.24362898
vt 0.99910080 0.24362898
vt 0.99883240 0.24362898
vt 0.99844223 0.24362898
vt 0.99781990 0.24362898
vt 0.99665004 0.24362898
vt 0.99326271 0.24362898
vt 0.98479676 0.23955917
vt 0.99594563 0.27211761
vt 0.99986339 0.26804781
vt 0.99980676 0.26804781
vt 0.99974030 0.26804781
vt 0.99966121 0.26804781
vt 0.99956548 0.26804781
vt 0.99944723 0.26804781
vt 0.99929732 0.26804781
vt 0.99910110 0.26804781
vt 0.99883282 0.26804781
vt 0.99844295 0.26804781
vt 0.99782121 0.26804781
vt 0.99665296 0.26804781
vt 0.99327701 0.26804781
vt 0.98484117 0.26397800
vt 0.99594551 0.29653648
vt 0.99986327 0.29246667
vt 0.99980664 0.29246667
vt 0.99974018 0.29246667
vt 0.99966103 0.29246667
vt 0.99956530 0.29246667
vt 0.99944693 0.29246667
vt 0.99929696 0.29246667
vt 0.99910063 0.29246667
vt 0.99883211 0.29246667
vt 0.99844187 0.29246667
vt 0.99781924 0.29246667
vt 0.99664855 0.29246667
vt 0.99325430 0.29246667
vt 0.98480052 0.28839687
vt 0.99594539 0.32095531
vt 0.99986315 0.31688550
vt 0.99980646 0.31688550
vt 0.99973994 0.31688550
vt 0.99966079 0.31688550
vt 0.99956495 0.31688550
vt 0.99944651 0.31688550
vt 0.99929649 0.31688550
vt 0.99909997 0.31688550
vt 0.99883115 0.31688550
vt 0.99844044 0.31688550
vt 0.99781692 0.31688550
vt 0.99664378 0.31688550
vt 0.99323744 0.31688550
vt 0.98473847 0.31281570
vt 0.99594551 0.34537414
vt 0.99986327 0.34130433
vt 0.99980658 0.34130433
vt 0.99974012 0.34130433
vt 0.99966097 0.34130433
vt 0.99956524 0.34130433
vt 0.99944693 0.34130433
vt 0.99929696 0.34130433
vt 0.99910063 0.34130433
vt 0.99883217 0.34130433
vt 0.99844193 0.34130433
vt 0.99781972 0.34130433
vt 0.99665076 0.34130433
vt 0.99327904 0.34130433
vt 0.98477155 0.33723453
vt 0.99594599 0.36979297
vt 0.99986380 0.36572316
vt 0.99980730 0.36572316
vt 0.99974096 0.36572316
vt 0.99966192 0.36572316
vt 0.99956638 0.36572316
vt 0.99944836 0.36572316
vt 0.99929887 0.36572316
vt 0.99910313 0.36572316
vt 0.99883568 0.36572316
vt 0.99844730 0.36572316
vt 0.99782860 0.36572316
vt 0.99666899 0.36572316
vt 0.99335003 0.36572316
vt 0.98499584 0.36165336
vt 0.99594611 0.39421183
vt 0.99986404 0.39014202
vt 0.99980754 0.39014202
vt 0.99974120 0.39014202
vt 0.99966228 0.39014202
vt 0.99956673 0.39014202
vt 0.99944878 0.39014202
vt 0.99929941 0.39014202
vt 0.99910384 0.39014202
vt 0.99883670 0.39014202
vt 0.99844873 0.39014202
vt 0.99783099 0.39014202
vt 0.99667358 0.39014202
vt 0.99336433 0.39014202
vt 0.98505110 0.38607222
vt 0.99594611 0.41863066
vt 0.99986410 0.41456085
vt 0.99980760 0.41456085
vt 0.99974132 0.41456085
vt 0.99966240 0.41456085
vt 0.99956691 0.41456085
vt 0.99944901 0.41456085
vt 0.99929965 0.41456085
vt 0.99910420 0.41456085
vt 0.99883711 0.41456085
vt 0.99844944 0.41456085
vt 0.99783218 0.41456085
vt 0.99667609 0.41456085
vt 0.99337506 0.41456085
vt 0.98507696 0.41049105
vt 0.99594873 0.44304949
vt 0.99986714 0.43897969
vt 0.99981111 0.43897969
vt 0.99974549 0.43897969
vt 0.99966741 0.43897969
vt 0.99957311 0.43897969
vt 0.99945682 0.43897969
vt 0.99930978 0.43897969
vt 0.99911785 0.43897969
vt 0.99885660 0.43897969
vt 0.99847943 0.43897969
vt 0.99788481 0.43897969
vt 0.99679387 0.43897969
vt 0.99390900 0.43897969
vt 0.98554647 0.43490988
vt 0.99597162 0.46746832
vt 0.99989456 0.46339852
vt 0.99984288 0.46339852
vt 0.99978274 0.46339852
vt 0.99971169 0.46339852
vt 0.99962664 0.46339852
vt 0.99952281 0.46339852
vt 0.99939328 0.46339852
vt 0.99922687 0.46339852
vt 0.99900514 0.46339852
vt 0.99869442 0.46339852
vt 0.99822575 0.46339852
vt 0.99742872 0.46339852
vt 0.99569380 0.46339852
vt 0.98949742 0.46165434
vt 0.99602282 0.49188718
vt 0.99996090 0.48781738
vt 0.99991906 0.48781738
vt 0.99987119 0.48781738
vt 0.99981576 0.48781738
vt 0.99975079 0.48781738
vt 0.99967355 0.48781738
vt 0.99958014 0.48781738
vt 0.99946499 0.48781738
vt 0.99931914 0.48781738
vt 0.99912828 0.48781738
vt 0.99886709 0.48781738
vt 0.99848551 0.48781738
vt 0.99786460 0.48781738
vt 0.99658167 0.48781738
vt 0.99239165 0.48644453
vt 0.98703778 0.48963422
vt 0.99603570 0.51630598
vt 0.99998301 0.51223618
vt 0.99994439 0.51223618
vt 0.99990034 0.51223618
vt 0.99984968 0.51223618
vt 0.99979079 0.51223618
vt 0.99972147 0.51223618
vt 0.99963856 0.51223618
vt 0.99953783 0.51223618
vt 0.99941260 0.51223618
vt 0.99925268 0.51223618
vt 0.99904144 0.51223618
vt 0.99874884 0.51223618
vt 0.99831563 0.51223618
vt 0.99760413 0.51223618
vt 0.99618715 0.51223618
vt 0.99226660 0.50979429
vt 0.97993678 0.51102233
vt 0.99603605 0.54072487
vt 0.99998432 0.53665507
vt 0.99994588 0.53665507
vt 0.99990201 0.53665507
vt 0.99985164 0.53665507
vt 0.99979305 0.53665507
vt 0.99972409 0.53665507
vt 0.99964172 0.53665507
vt 0.99954158 0.53665507
vt 0.99941730 0.53665507
vt 0.99925870 0.53665507
vt 0.99904937 0.53665507
vt 0.99875963 0.53665507
vt 0.99833137 0.53665507
vt 0.99762887 0.53665507
vt 0.99623036 0.53665507
vt 0.99030501 0.53198439
vt 0.99603575 0.56514370
vt 0.99998385 0.56107390
vt 0.99994534 0.56107390
vt 0.99990141 0.56107390
vt 0.99985099 0.56107390
vt 0.99979228 0.56107390
vt 0.99972314 0.56107390
vt 0.99964058 0.56107390
vt 0.99954021 0.56107390
vt 0.99941552 0.56107390
vt 0.99925643 0.56107390
vt 0.99904627 0.56107390
vt 0.99875534 0.56107390
vt 0.99832487 0.56107390
vt 0.99761784 0.56107390
vt 0.99620676 0.56107390
vt 0.99112874 0.55700409
vt 0.99603689 0.58956254
vt 0.99998510 0.58549273
vt 0.99994677 0.58549273
vt 0.99990308 0.58549273
vt 0.99985284 0.58549273
vt 0.99979442 0.58549273
vt 0.99972570 0.58549273
vt 0.99964374 0.58549273
vt 0.99954408 0.58549273
vt 0.99942052 0.58549273
vt 0.99926305 0.58549273
vt 0.99905533 0.58549273
vt 0.99876851 0.58549273
vt 0.99834591 0.58549273
vt 0.99765706 0.58549273
vt 0.99630725 0.58549273
vt 0.99082100 0.58374852
vt 0.99604160 0.61398137
vt 0.99999094 0.60991156
vt 0.99995339 0.60991156
vt 0.99991065 0.60991156
vt 0.99986160 0.60991156
vt 0.99980468 0.60991156
vt 0.99973786 0.60991156
vt 0.99965829 0.60991156
vt 0.99956197 0.60991156
vt 0.99944288 0.60991156
vt 0.99929196 0.60991156
vt 0.99909413 0.60991156
vt 0.99882352 0.60991156
vt 0.99843001 0.60991156
vt 0.99780232 0.60991156
vt 0.99662560 0.60991156
vt 0.99330515 0.60991156
vt 0.98378271 0.60610110
vt 0.99604577 0.63840020
vt 0.99999660 0.63433039
vt 0.99995983 0.63433039
vt 0.99991798 0.63433039
vt 0.99987000 0.63433039
vt 0.99981445 0.63433039
vt 0.99974948 0.63433039
vt 0.99967217 0.63433039
vt 0.99957889 0.63433039
vt 0.99946398 0.63433039
vt 0.99931896 0.63433039
vt 0.99913001 0.63433039
vt 0.99887341 0.63433039
vt 0.99850434 0.63433039
vt 0.99792540 0.63433039
vt 0.99687314 0.63433039
vt 0.99417472 0.63433039
vt 0.98668212 0.63026059
vt 0.99604720 0.66281903
vt 0.99999881 0.65874922
vt 0.99996227 0.65874922
vt 0.99992079 0.65874922
vt 0.99987328 0.65874922
vt 0.99981827 0.65874922
vt 0.99975389 0.65874922
vt 0.99967748 0.65874922
vt 0.99958533 0.65874922
vt 0.99947202 0.65874922
vt 0.99932915 0.65874922
vt 0.99914342 0.65874922
vt 0.99889183 0.65874922
vt 0.99853128 0.65874922
vt 0.99796885 0.65874922
vt 0.99695599 0.65874922
vt 0.99441761 0.65874922
vt 0.98749989 0.65467942
vt 0.99604768 0.68723786
vt 0.99999952 0.68316805
vt 0.99996310 0.68316805
vt 0.99992174 0.68316805
vt 0.99987435 0.68316805
vt 0.99981952 0.68316805
vt 0.99975538 0.68316805
vt 0.99967921 0.68316805
vt 0.99958742 0.68316805
vt 0.99947459 0.68316805
vt 0.99933243 0.68316805
vt 0.99914771 0.68316805
vt 0.99889779 0.68316805
vt 0.99853998 0.68316805
vt 0.99798292 0.68316805
vt 0.99698287 0.68316805
vt 0.99449682 0.68316805
vt 0.98772365 0.67909825
vt 0.99604785 0.71165675
vt 0.99999982 0.70758688
vt 0.99996340 0.70758688
vt 0.99992210 0.70758688
vt 0.99987477 0.70758688
vt 0.99982005 0.70758688
vt 0.99975592 0.70758688
vt 0.99967992 0.70758688
vt 0.99958831 0.70758688
vt 0.99947566 0.70758688
vt 0.99933380 0.70758688
vt 0.99914950 0.70758688
vt 0.99890023 0.70758688
vt 0.99854356 0.70758688
vt 0.99798870 0.70758688
vt 0.99699378 0.70758688
vt 0.99452895 0.70758688
vt 0.98781127 0.70351708
vt 0.99604797 0.73607558
vt 0.99999994 0.73200577
vt 0.99996358 0.73200577
vt 0.99992228 0.73200577
vt 0.99987495 0.73200577
vt 0.99982023 0.73200577
vt 0.99975622 0.73200577
vt 0.99968022 0.73200577
vt 0.99958867 0.73200577
vt 0.99947613 0.73200577
vt 0.99933434 0.73200577
vt 0.99915028 0.73200577
vt 0.99890125 0.73200577
vt 0.99854505 0.73200577
vt 0.99799109 0.73200577
vt 0.99699849 0.73200577
vt 0.99454266 0.73200577
vt 0.98784828 0.72793597
vt 0.99604803 0.76049441
vt 1.00000000 0.75642461
vt 0.99996364 0.75642461
vt 0.99992234 0.75642461
vt 0.99987507 0.75642461
vt 0.99982035 0.75642461
vt 0.99975634 0.75642461
vt 0.99968034 0.75642461
vt 0.99958885 0.75642461
vt 0.99947631 0.75642461
vt 0.99933457 0.75642461
vt 0.99915057 0.75642461
vt 0.99890172 0.75642461
vt 0.99854571 0.75642461
vt 0.99799210 0.75642461
vt 0.99700040 0.75642461
vt 0.99454820 0.75642461
vt 0.98786366 0.75235480
vt 0.99604803 0.78491324
vt 1.00000000 0.78084344
vt 0.99996364 0.78084344
vt 0.99992234 0.78084344
vt 0.99987507 0.78084344
vt 0.99982035 0.78084344
vt 0.99975634 0.78084344
vt 0.99968040 0.78084344
vt 0.99958885 0.78084344
vt 0.99947637 0.78084344
vt 0.99933469 0.78084344
vt 0.99915069 0.78084344
vt 0.99890184 0.78084344
vt 0.99854589 0.78084344
vt 0.99799246 0.78084344
vt 0.99700099 0.78084344
vt 0.99454987 0.78084344
vt 0.98786891 0.77677363
vt 0.99604803 0.80933207
vt 1.00000000 0.80526227
vt 0.99996364 0.80526227
vt 0.99992234 0.80526227
vt 0.99987507 0.80526227
vt 0.99982035 0.80526227
vt 0.99975634 0.80526227
vt 0.99968040 0.80526227
vt 0.99958885 0.80526227
vt 0.99947637 0.80526227
vt 0.99933469 0.80526227
vt 0.99915069 0.80526227
vt 0.99890184 0.80526227
vt 0.99854594 0.80526227
vt 0.99799246 0.80526227
vt 0.99700099 0.80526227
vt 0.99454963 0.80526227
vt 0.98786914 0.80119246
vt 0.99604702 0.83375090
vt 0.99999887 0.82968110
vt 0.99996233 0.82968110
vt 0.99992090 0.82968110
vt 0.99987334 0.82968110
vt 0.99981838 0.82968110
vt 0.99975395 0.82968110
vt 0.99967754 0.82968110
vt 0.99958533 0.82968110
vt 0.99947190 0.82968110
vt 0.99932891 0.82968110
vt 0.99914283 0.82968110
vt 0.99889070 0.82968110
vt 0.99852860 0.82968110
vt 0.99796188 0.82968110
vt 0.99693155 0.82968110
vt 0.99422199 0.82968110
vt 0.98758966 0.82561129
vt 0.99604362 0.85816973
vt 0.99999458 0.85409993
vt 0.99995750 0.85409993
vt 0.99991536 0.85409993
vt 0.99986696 0.85409993
vt 0.99981099 0.85409993
vt 0.99974525 0.85409993
vt 0.99966711 0.85409993
vt 0.99957263 0.85409993
vt 0.99945611 0.85409993
vt 0.99930871 0.85409993
vt 0.99911606 0.85409993
vt 0.99885350 0.85409993
vt 0.99847347 0.85409993
vt 0.99787098 0.85409993
vt 0.99675119 0.85409993
vt 0.99362123 0.85409993
vt 0.98586804 0.85003012
vt 0.99604309 0.88258857
vt 0.99999350 0.87851876
vt 0.99995631 0.87851876
vt 0.99991393 0.87851876
vt 0.99986541 0.87851876
vt 0.99980909 0.87851876
vt 0.99974310 0.87851876
vt 0.99966449 0.87851876
vt 0.99956954 0.87851876
vt 0.99945229 0.87851876
vt 0.99930382 0.87851876
vt 0.99910975 0.87851876
vt 0.99884486 0.87851876
vt 0.99846107 0.87851876
vt 0.99785173 0.87851876
vt 0.99671638 0.87851876
vt 0.99353427 0.87851876
vt 0.98549825 0.87444896
vt 0.99604303 0.90700746
vt 0.99999344 0.90293765
vt 0.99995619 0.90293765
vt 0.99991381 0.90293765
vt 0.99986523 0.90293765
vt 0.99980897 0.90293765
vt 0.99974287 0.90293765
vt 0.99966431 0.90293765
vt 0.99956930 0.90293765
vt 0.99945199 0.90293765
vt 0.99930346 0.90293765
vt 0.99910921 0.90293765
vt 0.99884409 0.90293765
vt 0.99845988 0.90293765
vt 0.99784970 0.90293765
vt 0.99671233 0.90293765
vt 0.99351865 0.90293765
vt 0.98545688 0.89886785
vt 0.99604297 0.93142629
vt 0.99999332 0.92735648
vt 0.99995613 0.92735648
vt 0.99991375 0.92735648
vt 0.99986517 0.92735648
vt 0.99980885 0.92735648
vt 0.99974275 0.92735648
vt 0.99966413 0.92735648
vt 0.99956906 0.92735648
vt 0.99945170 0.92735648
vt 0.99930310 0.92735648
vt 0.99910873 0.92735648
vt 0.99884349 0.92735648
vt 0.99845898 0.92735648
vt 0.99784815 0.92735648
vt 0.99670905 0.92735648
vt 0.99350601 0.92735648
vt 0.98542345 0.92328668
vt 0.99604291 0.95584512
vt 0.99999332 0.95177531
vt 0.99995607 0.95177531
vt 0.99991363 0.95177531
vt 0.99986506 0.95177531
vt 0.99980873 0.95177531
vt 0.99974263 0.95177531
vt 0.99966401 0.95177531
vt 0.99956888 0.95177531
vt 0.99945146 0.95177531
vt 0.99930280 0.95177531
vt 0.99910837 0.95177531
vt 0.99884295 0.95177531
vt 0.99845821 0.95177531
vt 0.99784684 0.95177531
vt 0.99670643 0.95177531
vt 0.99349570 0.95177531
vt 0.98539615 0.94770551
vt 0.99286228 0.97852325
vt 0.99602336 0.97609437
vt 0.99599272 0.97608775
vt 0.99595785 0.97608018
vt 0.99591792 0.97607148
vt 0.99587172 0.97606134
vt 0.99581760 0.97604936
vt 0.99575335 0.97603500
vt 0.99567568 0.97601748
vt 0.99558014 0.97599566
vt 0.99545950 0.97596753
vt 0.99530244 0.97593015
vt 0.99508923 0.97587782
vt 0.99478281 0.97579926
vt 0.99430293 0.97566748
vt 0.99343252 0.97539657
vt 0.99118060 0.97443348
vt 0.98460943 0.97085589
f 3/3 2/2 1/1
f 5/5 4/4 1/1
f 5/5 1/1 2/2
f 7/7 6/6 4/4
f 7/7 4/4 5/5
f 9/9 8/8 6/6
f 9/9 6/6 7/7
f 11/11 10/10 8/8
f 11/11 8/8 9/9
f 13/13 12/12 10/10
f 13/13 10/10 11/11
f 15/15 14/14 12/12
f 15/15 12/12 13/13
f 17/17 16/16 14/14
f 17/17 14/14 15/15
f 19/19 18/18 16/16
f 19/19 16/16 17/17
f 21/21 20/20 18/18
f 21/21 18/18 19/19
f 23/23 22/22 20/20
f 23/23 20/20 21/21
f 25/25 24/24 22/22
f 25/25 22/22 23/23
f 27/27 26/26 24/24
f 27/27 24/24 25/25
f 29/29 28/28 26/26
f 29/29 26/26 27/27
f 31/31 30/30 28/28
f 31/31 28/28 29/29
f 33/33 32/32 30/30
f 33/33 30/30 31/31
f 35/35 34/34 32/32
f 35/35 32/32 33/33
f 37/37 36/36 34/34
f 37/37 34/34 35/35
f 38/38 36/36 37/37
f 3/3 1/1 39/39
f 3/3 39/39 40/40
f 41/41 1/1 4/4
f 39/39 1/1 41/41
f 42/42 4/4 6/6
f 41/41 4/4 42/42
f 43/43 6/6 8/8
f 42/42 6/6 43/43
f 44/44 8/8 10/10
f 43/43 8/8 44/44
f 45/45 10/10 12/12
f 44/44 10/10 45/45
f 46/46 12/12 14/14
f 45/45 12/12 46/46
f 47/47 14/14 16/16
f 46/46 14/14 47/47
f 48/48 16/16 18/18
f 47/47 16/16 48/48
f 49/49 18/18 20/20
f 48/48 18/18 49/49
f 50/50 20/20 22/22
f 49/49 20/20 50/50
f 51/51 22/22 24/24
f 50/50 22/22 51/51
f 52/52 24/24 26/26
f 51/51 24/24 52/52
f 53/53 26/26 28/28
f 52/52 26/26 53/53
f 54/54 28/28 30/30
f 53/53 28/28 54/54
f 55/55 30/30 32/32
f 54/54 30/30 55/55
f 56/56 32/32 34/34
f 55/55 32/32 56/56
f 57/57 34/34 36/36
f 56/56 34/34 57/57
f 36/36 38/38 58/58
f 36/36 58/58 57/57
f 40/40 39/39 59/59
f 40/40 59/59 60/60
f 61/61 39/39 41/41
f 59/59 39/39 61/61
f 62/62 41/41 42/42
f 61/61 41/41 62/62
f 63/63 42/42 43/43
f 62/62 42/42 63/63
f 64/64 43/43 44/44
f 63/63 43/43 64/64
f 65/65 44/44 45/45
f 64/64 44/44 65/65
f 66/66 45/45 46/46
f 65/65 45/45 66/66
f 67/67 46/46 47/47
f 66/66 46/46 67/67
f 68/68 47/47 48/48
f 67/67 47/47 68/68
f 69/69 48/48 49/49
f 68/68 48/48 69/69
f 70/70 49/49 50/50
f 69/69 49/49 70/70
f 71/71 50/50 51/51
f 70/70 50/50 71/71
f 72/72 51/51 52/52
f 71/71 51/51 72/72
f 73/73 52/52 53/53
f 72/72 52/52 73/73
f 74/74 53/53 54/54
f 73/73 53/53 74/74
f 75/75 54/54 55/55
f 74/74 54/54 75/75
f 76/76 55/55 56/56
f 75/75 55/55 76/76
f 77/77 56/56 57/57
f 76/76 56/56 77/77
f 57/57 58/58 78/78
f 57/57 78/78 77/77
f 60/60 59/59 79/79
f 60/60 79/79 80/80
f 81/81 59/59 61/61
f 79/79 59/59 81/81
f 82/82 61/61 62/62
f 81/81 61/61 82/82
f 83/83 62/62 63/63
f 82/82 62/62 83/83
f 84/84 63/63 64/64
f 83/83 63/63 84/84
f 85/85 64/64 65/65
f 84/84 64/64 85/85
f 86/86 65/65 66/66
f 85/85 65/65 86/86
f 87/87 66/66 67/67
f 86/86 66/66 87/87
f 88/88 67/67 68/68
f 87/87 67/67 88/88
f 89/89 68/68 69/69
f 88/88 68/68 89/89
f 90/90 69/69 70/70
f 89/89 69/69 90/90
f 91/91 70/70 71/71
f 90/90 70/70 91/91
f 92/92 71/71 72/72
f 91/91 71/71 92/92
f 93/93 72/72 73/73
f 92/92 72/72 93/93
f 94/94 73/73 74/74
f 93/93 73/73 94/94
f 95/95 74/74 75/75
f 94/94 74/74 95/95
f 96/96 75/75 76/76
f 95/95 75/75 96/96
f 97/97 76/76 77/77
f 96/96 76/76 97/97
f 77/77 78/78 98/98
f 77/77 98/98 97/97
f 80/80 79/79 99/99
f 80/80 99/99 100/100
f 101/101 79/79 81/81
f 99/99 79/79 101/101
f 102/102 81/81 82/82
f 101/101 81/81 102/102
f 103/103 82/82 83/83
f 102/102 82/82 103/103
f 104/104 83/83 84/84
f 103/103 83/83 104/104
f 105/105 84/84 85/85
f 104/104 84/84 105/105
f 106/106 85/85 86/86
f 105/105 85/85 106/106
f 107/107 86/86 87/87
f 106/106 86/86 107/107
f 108/108 87/87 88/88
f 107/107 87/87 108/108
f 109/109 88/88 89/89
f 108/108 88/88 109/109
f 110/110 89/89 90/90
f 109/109 89/89 110/110
f 111/111 90/90 91/91
f 110/110 90/90 111/111
f 112/112 91/91 92/92
f 111/111 91/91 112/112
f 113/113 92/92 93/93
f 112/112 92/92 113/113
f 114/114 93/93 94/94
f 113/113 93/93 114/114
f 115/115 94/94 95/95
f 114/114 94/94 115/115
f 96/96 117/117 116/116
f 115/115 96/96 116/116
f 95/95 96/96 115/115
f 117/117 96/96 97/97
f 117/117 97/97 118/118
f 118/118 97/97 98/98
f 100/100 99/99 119/119
f 100/100 119/119 120/120
f 121/121 99/99 101/101
f 119/119 99/99 121/121
f 122/122 101/101 102/102
f 121/121 101/101 122/122
f 123/123 102/102 103/103
f 122/122 102/102 123/123
f 124/124 103/103 104/104
f 123/123 103/103 124/124
f 125/125 104/104 105/105
f 124/124 104/104 125/125
f 126/126 105/105 106/106
f 125/125 105/105 126/126
f 127/127 106/106 107/107
f 126/126 106/106 127/127
f 128/128 107/107 108/108
f 127/127 107/107 128/128
f 129/129 108/108 109/109
f 128/128 108/108 129/129
f 130/130 109/109 110/110
f 129/129 109/109 130/130
f 131/131 110/110 111/111
f 130/130 110/110 131/131
f 132/132 111/111 112/112
f 131/131 111/111 132/132
f 133/133 112/112 113/113
f 132/132 112/112 133/133
f 134/134 113/113 114/114
f 133/133 113/113 134/134
f 135/135 114/114 115/115
f 134/134 114/114 135/135
f 115/115 116/116 136/136
f 115/115 136/136 135/135
f 120/120 119/119 137/137
f 120/120 137/137 138/138
f 139/139 119/119 121/121
f 137/137 119/119 139/139
f 140/140 121/121 122/122
f 139/139 121/121 140/140
f 141/141 122/122 123/123
f 140/140 122/122 141/141
f 142/142 123/123 124/124
f 141/141 123/123 142/142
f 143/143 124/124 125/125
f 142/142 124/124 143/143
f 144/144 125/125 126/126
f 143/143 125/125 144/144
f 145/145 126/126 127/127
f 144/144 126/126 145/145
f 146/146 127/127 128/128
f 145/145 127/127 146/146
f 147/147 128/128 129/129
f 146/146 128/128 147/147
f 148/148 129/129 130/130
f 147/147 129/129 148/148
f 149/149 130/130 131/131
f 148/148 130/130 149/149
f 150/150 131/131 132/132
f 149/149 131/131 150/150
f 151/151 132/132 133/133
f 150/150 132/132 151/151
f 152/152 133/133 134/134
f 151/151 133/133 152/152
f 135/135 154/154 153/153
f 152/152 135/135 153/153
f 134/134 135/135 152/152
f 154/154 135/135 136/136
f 138/138 137/137 155/155
f 138/138 155/155 156/156
f 157/157 137/137 139/139
f 155/155 137/137 157/157
f 158/158 139/139 140/140
f 157/157 139/139 158/158
f 159/159 140/140 141/141
f 158/158 140/140 159/159
f 160/160 141/141 142/142
f 159/159 141/141 160/160
f 161/161 142/142 143/143
f 160/160 142/142 161/161
f 162/162 143/143 144/144
f 161/161 143/143 162/162
f 163/163 144/144 145/145
f 162/162 144/144 163/163
f 164/164 145/145 146/146
f 163/163 145/145 164/164
f 165/165 146/146 147/147
f 164/164 146/146 165/165
f 166/166 147/147 148/148
f 165/165 147/147 166/166
f 167/167 148/148 149/149
f 166/166 148/148 167/167
f 168/168 149/149 150/150
f 167/167 149/149 168/168
f 169/169 150/150 151/151
f 168/168 150/150 169/169
f 170/170 151/151 152/152
f 169/169 151/151 170/170
f 152/152 153/153 171/171
f 152/152 171/171 170/170
f 156/156 155/155 172/172
f 156/156 172/172 173/173
f 174/174 155/155 157/157
f 172/172 155/155 174/174
f 175/175 157/157 158/158
f 174/174 157/157 175/175
f 176/176 158/158 159/159
f 175/175 158/158 176/176
f 177/177 159/159 160/160
f 176/176 159/159 177/177
f 178/178 160/160 161/161
f 177/177 160/160 178/178
f 179/179 161/161 162/162
f 178/178 161/161 179/179
f 180/180 162/162 163/163
f 179/179 162/162 180/180
f 181/181 163/163 164/164
f 180/180 163/163 181/181
f 182/182 164/164 165/165
f 181/181 164/164 182/182
f 183/183 165/165 166/166
f 182/182 165/165 183/183
f 184/184 166/166 167/167
f 183/183 166/166 184/184
f 185/185 167/167 168/168
f 184/184 167/167 185/185
f 186/186 168/168 169/169
f 185/185 168/168 186/186
f 187/187 169/169 170/170
f 186/186 169/169 187/187
f 170/170 171/171 188/188
f 170/170 188/188 187/187
f 173/173 172/172 189/189
f 173/173 189/189 190/190
f 191/191 172/172 174/174
f 189/189 172/172 191/191
f 192/192 174/174 175/175
f 191/191 174/174 192/192
f 193/193 175/175 176/176
f 192/192 175/175 193/193
f 194/194 176/176 177/177
f 193/193 176/176 194/194
f 195/195 177/177 178/178
f 194/194 177/177 195/195
f 196/196 178/178 179/179
f 195/195 178/178 196/196
f 197/197 179/179 180/180
f 196/196 179/179 197/197
f 198/198 180/180 181/181
f 197/197 180/180 198/198
f 199/199 181/181 182/182
f 198/198 181/181 199/199
f 200/200 182/182 183/183
f 199/199 182/182 200/200
f 201/201 183/183 184/184
f 200/200 183/183 201/201
f 202/202 184/184 185/185
f 201/201 184/184 202/202
f 203/203 185/185 186/186
f 202/202 185/185 203/203
f 204/204 186/186 187/187
f 203/203 186/186 204/204
f 187/187 188/188 205/205
f 187/187 205/205 204/204
f 190/190 189/189 206/206
f 190/190 206/206 207/207
f 208/208 189/189 191/191
f 206/206 189/189 208/208
f 209/209 191/191 192/192
f 208/208 191/191 209/209
f 210/210 192/192 193/193
f 209/209 192/192 210/210
f 211/211 193/193 194/194
f 210/210 193/193 211/211
f 212/212 194/194 195/195
f 211/211 194/194 212/212
f 213/213 195/195 196/196
f 212/212 195/195 213/213
f 214/214 196/196 197/197
f 213/213 196/196 214/214
f 215/215 197/197 198/198
f 214/214 197/197 215/215
f 216/216 198/198 199/199
f 215/215 198/198 216/216
f 217/217 199/199 200/200
f 216/216 199/199 217/217
f 218/218 200/200 201/201
f 217/217 200/200 218/218
f 219/219 201/201 202/202
f 218/218 201/201 219/219
f 220/220 202/202 203/203
f 219/219 202/202 220/220
f 204/204 222/222 221/221
f 220/220 204/204 221/221
f 203/203 204/204 220/220
f 222/222 204/204 205/205
f 207/207 206/206 223/223
f 207/207 223/223 224/224
f 225/225 206/206 208/208
f 223/223 206/206 225/225
f 226/226 208/208 209/209
f 225/225 208/208 226/226
f 227/227 209/209 210/210
f 226/226 209/209 227/227
f 228/228 210/210 211/211
f 227/227 210/210 228/228
f 229/229 211/211 212/212
f 228/228 211/211 229/229
f 230/230 212/212 213/213
f 229/229 212/212 230/230
f 231/231 213/213 214/214
f 230/230 213/213 231/231
f 232/232 214/214 215/215
f 231/231 214/214 232/232
f 233/233 215/215 216/216
f 232/232 215/215 233/233
f 234/234 216/216 217/217
f 233/233 216/216 234/234
f 235/235 217/217 218/218
f 234/234 217/217 235/235
f 236/236 218/218 219/219
f 235/235 218/218 236/236
f 220/220 238/238 237/237
f 236/236 220/220 237/237
f 219/219 220/220 236/236
f 238/238 220/220 221/221
f 224/224 223/223 239/239
f 224/224 239/239 240/240
f 241/241 223/223 225/225
f 239/239 223/223 241/241
f 242/242 225/225 226/226
f 241/241 225/225 242/242
f 243/243 226/226 227/227
f 242/242 226/226 243/243
f 244/244 227/227 228/228
f 243/243 227/227 244/244
f 245/245 228/228 229/229
f 244/244 228/228 245/245
f 246/246 229/229 230/230
f 245/245 229/229 246/246
f 247/247 230/230 231/231
f 246/246 230/230 247/247
f 248/248 231/231 232/232
f 247/247 231/231 248/248
f 249/249 232/232 233/233
f 248/248 232/232 249/249
f 250/250 233/233 234/234
f 249/249 233/233 250/250
f 235/235 252/252 251/251
f 250/250 235/235 251/251
f 234/234 235/235 250/250
f 252/252 235/235 236/236
f 252/252 236/236 253/253
f 253/253 236/236 237/237
f 240/240 239/239 254/254
f 240/240 254/254 255/255
f 256/256 239/239 241/241
f 254/254 239/239 256/256
f 257/257 241/241 242/242
f 256/256 241/241 257/257
f 258/258 242/242 243/243
f 257/257 242/242 258/258
f 259/259 243/243 244/244
f 258/258 243/243 259/259
f 260/260 244/244 245/245
f 259/259 244/244 260/260
f 261/261 245/245 246/246
f 260/260 245/245 261/261
f 262/262 246/246 247/247
f 261/261 246/246 262/262
f 263/263 247/247 248/248
f 262/262 247/247 263/263
f 264/264 248/248 249/249
f 263/263 248/248 264/264
f 250/250 266/266 265/265
f 264/264 250/250 265/265
f 249/249 250/250 264/264
f 266/266 250/250 251/251
f 255/255 254/254 267/267
f 255/255 267/267 268/268
f 269/269 254/254 256/256
f 267/267 254/254 269/269
f 270/270 256/256 257/257
f 269/269 256/256 270/270
f 271/271 257/257 258/258
f 270/270 257/257 271/271
f 272/272 258/258 259/259
f 271/271 258/258 272/272
f 273/273 259/259 260/260
f 272/272 259/259 273/273
f 274/274 260/260 261/261
f 273/273 260/260 274/274
f 275/275 261/261 262/262
f 274/274 261/261 275/275
f 276/276 262/262 263/263
f 275/275 262/262 276/276
f 277/277 263/263 264/264
f 276/276 263/263 277/277
f 264/264 265/265 278/278
f 264/264 278/278 277/277
f 268/268 267/267 279/279
f 268/268 279/279 280/280
f 281/281 267/267 269/269
f 279/279 267/267 281/281
f 282/282 269/269 270/270
f 281/281 269/269 282/282
f 283/283 270/270 271/271
f 282/282 270/270 283/283
f 284/284 271/271 272/272
f 283/283 271/271 284/284
f 285/285 272/272 273/273
f 284/284 272/272 285/285
f 286/286 273/273 274/274
f 285/285 273/273 286/286
f 287/287 274/274 275/275
f 286/286 274/274 287/287
f 288/288 275/275 276/276
f 287/287 275/275 288/288
f 289/289 276/276 277/277
f 288/288 276/276 289/289
f 277/277 278/278 290/290
f 277/277 290/290 289/289
f 280/280 279/279 291/291
f 280/280 291/291 292/292
f 293/293 279/279 281/281
f 291/291 279/279 293/293
f 294/294 281/281 282/282
f 293/293 281/281 294/294
f 295/295 282/282 283/283
f 294/294 282/282 295/295
f 296/296 283/283 284/284
f 295/295 283/283 296/296
f 297/297 284/284 285/285
f 296/296 284/284 297/297
f 298/298 285/285 286/286
f 297/297 285/285 298/298
f 299/299 286/286 287/287
f 298/298 286/286 299/299
f 300/300 287/287 288/288
f 299/299 287/287 300/300
f 301/301 288/288 289/289
f 300/300 288/288 301/301
f 289/289 290/290 302/302
f 289/289 302/302 301/301
f 292/292 291/291 303/303
f 292/292 303/303 304/304
f 305/305 291/291 293/293
f 303/303 291/291 305/305
f 306/306 293/293 294/294
f 305/305 293/293 306/306
f 307/307 294/294 295/295
f 306/306 294/294 307/307
f 308/308 295/295 296/296
f 307/307 295/295 308/308
f 309/309 296/296 297/297
f 308/308 296/296 309/309
f 310/310 297/297 298/298
f 309/309 297/297 310/310
f 311/311 298/298 299/299
f 310/310 298/298 311/311
f 312/312 299/299 300/300
f 311/311 299/299 312/312
f 301/301 314/314 313/313
f 312/312 301/301 313/313
f 300/300 301/301 312/312
f 314/314 301/301 302/302
f 304/304 303/303 315/315
f 304/304 315/315 316/316
f 317/317 303/303 305/305
f 315/315 303/303 317/317
f 318/318 305/305 306/306
f 317/317 305/305 318/318
f 319/319 306/306 307/307
f 318/318 306/306 319/319
f 320/320 307/307 308/308
f 319/319 307/307 320/320
f 321/321 308/308 309/309
f 320/320 308/308 321/321
f 322/322 309/309 310/310
f 321/321 309/309 322/322
f 311/311 324/324 323/323
f 322/322 311/311 323/323
f 310/310 311/311 322/322
f 324/324 311/311 312/312
f 324/324 312/312 325/325
f 325/325 312/312 313/313
f 316/316 315/315 326/326
f 316/316 326/326 327/327
f 328/328 315/315 317/317
f 326/326 315/315 328/328
f 329/329 317/317 318/318
f 328/328 317/317 329/329
f 330/330 318/318 319/319
f 329/329 318/318 330/330
f 331/331 319/319 320/320
f 330/330 319/319 331/331
f 332/332 320/320 321/321
f 331/331 320/320 332/332
f 333/333 321/321 322/322
f 332/332 321/321 333/333
f 322/322 323/323 334/334
f 322/322 334/334 333/333
f 327/327 326/326 335/335
f 327/327 335/335 336/336
f 337/337 326/326 328/328
f 335/335 326/326 337/337
f 338/338 328/328 329/329
f 337/337 328/328 338/338
f 339/339 329/329 330/330
f 338/338 329/329 339/339
f 340/340 330/330 331/331
f 339/339 330/330 340/340
f 341/341 331/331 332/332
f 340/340 331/331 341/341
f 333/333 343/343 342/342
f 341/341 333/333 342/342
f 332/332 333/333 341/341
f 343/343 333/333 334/334
f 336/336 335/335 344/344
f 336/336 344/344 345/345
f 346/346 335/335 337/337
f 344/344 335/335 346/346
f 347/347 337/337 338/338
f 346/346 337/337 347/347
f 348/348 338/338 339/339
f 347/347 338/338 348/348
f 349/349 339/339 340/340
f 348/348 339/339 349/349
f 350/350 340/340 341/341
f 349/349 340/340 350/350
f 341/341 342/342 351/351
f 341/341 351/351 350/350
f 345/345 344/344 352/352
f 345/345 352/352 353/353
f 354/354 344/344 346/346
f 352/352 344/344 354/354
f 355/355 346/346 347/347
f 354/354 346/346 355/355
f 356/356 347/347 348/348
f 355/355 347/347 356/356
f 357/357 348/348 349/349
f 356/356 348/348 357/357
f 358/358 349/349 350/350
f 357/357 349/349 358/358
f 350/350 351/351 359/359
f 350/350 359/359 358/358
f 353/353 352/352 360/360
f 353/353 360/360 361/361
f 362/362 352/352 354/354
f 360/360 352/352 362/362
f 363/363 354/354 355/355
f 362/362 354/354 363/363
f 364/364 355/355 356/356
f 363/363 355/355 364/364
f 365/365 356/356 357/357
f 364/364 356/356 365/365
f 358/358 367/367 366/366
f 365/365 358/358 366/366
f 357/357 358/358 365/365
f 367/367 358/358 359/359
f 361/361 360/360 368/368
f 361/361 368/368 369/369
f 370/370 360/360 362/362
f 368/368 360/360 370/370
f 371/371 362/362 363/363
f 370/370 362/362 371/371
f 372/372 363/363 364/364
f 371/371 363/363 372/372
f 373/373 364/364 365/365
f 372/372 364/364 373/373
f 365/365 366/366 374/374
f 365/365 374/374 373/373
f 369/369 368/368 375/375
f 369/369 375/375 376/376
f 377/377 368/368 370/370
f 375/375 368/368 377/377
f 378/378 370/370 371/371
f 377/377 370/370 378/378
f 379/379 371/371 372/372
f 378/378 371/371 379/379
f 373/373 381/381 380/380
f 379/379 373/373 380/380
f 372/372 373/373 379/379
f 381/381 373/373 374/374
f 376/376 375/375 382/382
f 376/376 382/382 383/383
f 384/384 375/375 377/377
f 382/382 375/375 384/384
f 385/385 377/377 378/378
f 384/384 377/377 385/385
f 386/386 378/378 379/379
f 385/385 378/378 386/386
f 379/379 380/380 387/387
f 379/379 387/387 386/386
f 383/383 382/382 388/388
f 383/383 388/388 389/389
f 390/390 382/382 384/384
f 388/388 382/382 390/390
f 385/385 392/392 391/391
f 390/390 385/385 391/391
f 384/384 385/385 390/390
f 392/392 385/385 386/386
f 392/392 386/386 393/393
f 393/393 386/386 387/387
f 389/389 388/388 394/394
f 389/389 394/394 395/395
f 390/390 397/397 396/396
f 394/394 390/390 396/396
f 388/388 390/390 394/394
f 397/397 390/390 391/391
f 395/395 394/394 398/398
f 395/395 398/398 399/399
f 394/394 396/396 400/400
f 394/394 400/400 398/398
f 399/399 398/398 401/401
f 399/399 401/401 402/402
f 398/398 400/400 403/403
f 398/398 403/403 401/401
f 402/402 401/401 404/404
f 402/402 404/404 405/405
f 401/401 403/403 406/406
f 401/401 406/406 404/404
f 405/405 404/404 407/407
f 405/405 407/407 408/408
f 404/404 406/406 409/409
f 404/404 409/409 407/407
f 408/408 407/407 410/410
f 408/408 410/410 411/411
f 407/407 409/409 412/412
f 407/407 412/412 410/410
f 411/411 410/410 413/413
f 411/411 413/413 414/414
f 410/410 412/412 415/415
f 410/410 415/415 413/413
f 414/414 413/413 416/416
f 414/414 416/416 417/417
f 413/413 415/415 418/418
f 413/413 418/418 416/416
f 417/417 416/416 419/419
f 417/417 419/419 420/420
f 416/416 418/418 421/421
f 416/416 421/421 419/419
f 420/420 419/419 422/422
f 420/420 422/422 423/423
f 419/419 421/421 424/424
f 419/419 424/424 422/422
f 423/423 422/422 425/425
f 423/423 425/425 426/426
f 422/422 424/424 427/427
f 428/428 422/422 427/427
f 425/425 422/422 428/428
f 429/429 428/428 427/427
f 426/426 425/425 430/430
f 426/426 430/430 431/431
f 432/432 425/425 428/428
f 430/430 425/425 432/432
f 428/428 429/429 433/433
f 428/428 433/433 432/432
f 434/434 431/431 430/430
f 434/434 430/430 432/432
f 434/434 432/432 435/435
f 435/435 432/432 433/433
f 437/437 436/436 2/2
f 437/437 2/2 3/3
f 2/2 438/438 5/5
f 436/436 438/438 2/2
f 5/5 439/439 7/7
f 438/438 439/439 5/5
f 7/7 440/440 9/9
f 439/439 440/440 7/7
f 9/9 441/441 11/11
f 440/440 441/441 9/9
f 11/11 442/442 13/13
f 441/441 442/442 11/11
f 13/13 443/443 15/15
f 442/442 443/443 13/13
f 15/15 444/444 17/17
f 443/443 444/444 15/15
f 17/17 445/445 19/19
f 444/444 445/445 17/17
f 19/19 446/446 21/21
f 445/445 446/446 19/19
f 21/21 447/447 23/23
f 446/446 447/447 21/21
f 23/23 448/448 25/25
f 447/447 448/448 23/23
f 25/25 449/449 27/27
f 448/448 449/449 25/25
f 27/27 450/450 29/29
f 449/449 450/450 27/27
f 29/29 451/451 31/31
f 450/450 451/451 29/29
f 31/31 452/452 33/33
f 451/451 452/452 31/31
f 33/33 453/453 35/35
f 452/452 453/453 33/33
f 35/35 454/454 37/37
f 453/453 454/454 35/35
f 38/38 37/37 454/454
f 38/38 454/454 455/455
f 40/40 437/437 3/3
f 40/40 456/456 437/437
f 455/455 58/58 38/38
f 457/457 58/58 455/455
f 60/60 456/456 40/40
f 60/60 458/458 456/456
f 457/457 78/78 58/58
f 459/459 78/78 457/457
f 80/80 458/458 60/60
f 80/80 460/460 458/458
f 459/459 98/98 78/78
f 461/461 98/98 459/459
f 100/100 460/460 80/80
f 100/100 462/462 460/460
f 464/464 463/463 117/117
f 117/117 463/463 116/116
f 465/465 117/117 118/118
f 465/465 464/464 117/117
f 118/118 98/98 461/461
f 118/118 461/461 465/465
f 120/120 462/462 100/100
f 120/120 466/466 462/462
f 463/463 136/136 116/116
f 467/467 136/136 463/463
f 138/138 466/466 120/120
f 138/138 468/468 466/466
f 470/470 469/469 154/154
f 154/154 469/469 153/153
f 154/154 136/136 467/467
f 154/154 467/467 470/470
f 156/156 468/468 138/138
f 156/156 471/471 468/468
f 469/469 171/171 153/153
f 472/472 171/171 469/469
f 173/173 471/471 156/156
f 173/173 473/473 471/471
f 472/472 188/188 171/171
f 474/474 188/188 472/472
f 190/190 473/473 173/173
f 190/190 475/475 473/473
f 474/474 205/205 188/188
f 476/476 205/205 474/474
f 207/207 475/475 190/190
f 207/207 477/477 475/475
f 479/479 478/478 222/222
f 222/222 478/478 221/221
f 222/222 205/205 476/476
f 222/222 476/476 479/479
f 224/224 477/477 207/207
f 224/224 480/480 477/477
f 482/482 481/481 238/238
f 238/238 481/481 237/237
f 238/238 221/221 478/478
f 238/238 478/478 482/482
f 240/240 480/480 224/224
f 240/240 483/483 480/480
f 484/484 251/251 252/252
f 484/484 252/252 485/485
f 252/252 486/486 485/485
f 252/252 253/253 486/486
f 253/253 237/237 481/481
f 253/253 481/481 486/486
f 255/255 483/483 240/240
f 255/255 487/487 483/483
f 488/488 265/265 266/266
f 489/489 488/488 266/266
f 489/489 266/266 251/251
f 490/490 489/489 251/251
f 484/484 490/490 251/251
f 490/490 484/484 485/485
f 268/268 487/487 255/255
f 268/268 491/491 487/487
f 493/493 492/492 488/488
f 492/492 265/265 488/488
f 492/492 278/278 265/265
f 493/493 488/488 489/489
f 280/280 491/491 268/268
f 280/280 494/494 491/491
f 492/492 290/290 278/278
f 495/495 290/290 492/492
f 292/292 494/494 280/280
f 292/292 496/496 494/494
f 495/495 302/302 290/290
f 497/497 302/302 495/495
f 304/304 496/496 292/292
f 304/304 498/498 496/496
f 500/500 499/499 314/314
f 314/314 499/499 313/313
f 314/314 302/302 497/497
f 314/314 497/497 500/500
f 316/316 498/498 304/304
f 316/316 501/501 498/498
f 502/502 323/323 324/324
f 502/502 324/324 503/503
f 324/324 504/504 503/503
f 324/324 325/325 504/504
f 325/325 313/313 499/499
f 325/325 499/499 504/504
f 327/327 501/501 316/316
f 327/327 505/505 501/501
f 507/507 506/506 502/502
f 506/506 323/323 502/502
f 506/506 334/334 323/323
f 507/507 502/502 503/503
f 336/336 505/505 327/327
f 336/336 508/508 505/505
f 510/510 509/509 343/343
f 343/343 509/509 342/342
f 343/343 334/334 506/506
f 343/343 506/506 510/510
f 345/345 508/508 336/336
f 345/345 511/511 508/508
f 509/509 351/351 342/342
f 512/512 351/351 509/509
f 353/353 511/511 345/345
f 353/353 513/513 511/511
f 512/512 359/359 351/351
f 514/514 359/359 512/512
f 361/361 513/513 353/353
f 361/361 515/515 513/513
f 516/516 366/366 367/367
f 517/517 516/516 367/367
f 359/359 517/517 367/367
f 514/514 517/517 359/359
f 369/369 515/515 361/361
f 369/369 518/518 515/515
f 520/520 519/519 516/516
f 519/519 366/366 516/516
f 519/519 374/374 366/366
f 520/520 516/516 517/517
f 376/376 518/518 369/369
f 376/376 521/521 518/518
f 523/523 522/522 381/381
f 381/381 522/522 380/380
f 381/381 374/374 519/519
f 381/381 519/519 523/523
f 383/383 521/521 376/376
f 383/383 524/524 521/521
f 522/522 387/387 380/380
f 525/525 387/387 522/522
f 389/389 524/524 383/383
f 389/389 526/526 524/524
f 527/527 391/391 392/392
f 527/527 392/392 528/528
f 392/392 529/529 528/528
f 392/392 393/393 529/529
f 393/393 387/387 525/525
f 393/393 525/525 529/529
f 395/395 526/526 389/389
f 395/395 530/530 526/526
f 531/531 396/396 397/397
f 532/532 531/531 397/397
f 532/532 397/397 391/391
f 533/533 532/532 391/391
f 527/527 533/533 391/391
f 533/533 527/527 528/528
f 399/399 530/530 395/395
f 399/399 534/534 530/530
f 536/536 535/535 531/531
f 535/535 396/396 531/531
f 535/535 400/400 396/396
f 536/536 531/531 532/532
f 402/402 534/534 399/399
f 402/402 537/537 534/534
f 535/535 403/403 400/400
f 538/538 403/403 535/535
f 405/405 537/537 402/402
f 405/405 539/539 537/537
f 538/538 406/406 403/403
f 540/540 406/406 538/538
f 408/408 539/539 405/405
f 408/408 541/541 539/539
f 540/540 409/409 406/406
f 542/542 409/409 540/540
f 411/411 541/541 408/408
f 411/411 543/543 541/541
f 542/542 412/412 409/409
f 544/544 412/412 542/542
f 414/414 543/543 411/411
f 414/414 545/545 543/543
f 544/544 415/415 412/412
f 546/546 415/415 544/544
f 417/417 545/545 414/414
f 417/417 547/547 545/545
f 546/546 418/418 415/415
f 548/548 418/418 546/546
f 420/420 547/547 417/417
f 420/420 549/549 547/547
f 548/548 421/421 418/418
f 550/550 421/421 548/548
f 423/423 549/549 420/420
f 423/423 551/551 549/549
f 553/553 424/424 552/552
f 424/424 550/550 552/552
f 424/424 421/421 550/550
f 554/554 553/553 552/552
f 426/426 551/551 423/423
f 426/426 555/555 551/551
f 553/553 427/427 424/424
f 429/429 427/427 553/553
f 554/554 429/429 553/553
f 556/556 429/429 554/554
f 431/431 555/555 426/426
f 431/431 557/557 555/555
f 556/556 433/433 429/429
f 558/558 433/433 556/556
f 559/559 557/557 431/431
f 559/559 431/431 434/434
f 560/560 434/434 435/435
f 560/560 559/559 434/434
f 435/435 433/433 558/558
f 435/435 558/558 560/560
f 562/562 561/561 436/436
f 562/562 436/436 437/437
f 436/436 563/563 438/438
f 561/561 563/563 436/436
f 438/438 564/564 439/439
f 563/563 564/564 438/438
f 439/439 565/565 440/440
f 564/564 565/565 439/439
f 440/440 566/566 441/441
f 565/565 566/566 440/440
f 441/441 567/567 442/442
f 566/566 567/567 441/441
f 442/442 568/568 443/443
f 567/567 568/568 442/442
f 443/443 569/569 444/444
f 568/568 569/569 443/443
f 444/444 570/570 445/445
f 569/569 570/570 444/444
f 445/445 571/571 446/446
f 570/570 571/571 445/445
f 446/446 572/572 447/447
f 571/571 572/572 446/446
f 447/447 573/573 448/448
f 572/572 573/573 447/447
f 448/448 574/574 449/449
f 573/573 574/574 448/448
f 449/449 575/575 450/450
f 574/574 575/575 449/449
f 450/450 576/576 451/451
f 575/575 576/576 450/450
f 451/451 577/577 452/452
f 576/576 577/577 451/451
f 452/452 578/578 453/453
f 577/577 578/578 452/452
f 453/453 579/579 454/454
f 578/578 579/579 453/453
f 455/455 454/454 579/579
f 455/455 579/579 580/580
f 456/456 562/562 437/437
f 456/456 581/581 562/562
f 580/580 457/457 455/455
f 582/582 457/457 580/580
f 458/458 581/581 456/456
f 458/458 583/583 581/581
f 582/582 459/459 457/457
f 584/584 459/459 582/582
f 460/460 583/583 458/458
f 460/460 585/585 583/583
f 584/584 461/461 459/459
f 586/586 461/461 584/584
f 462/462 585/585 460/460
f 462/462 587/587 585/585
f 588/588 463/463 464/464
f 588/588 464/464 589/589
f 464/464 590/590 589/589
f 464/464 465/465 590/590
f 465/465 461/461 586/586
f 465/465 586/586 590/590
f 466/466 587/587 462/462
f 466/466 591/591 587/587
f 593/593 592/592 588/588
f 592/592 463/463 588/588
f 592/592 467/467 463/463
f 593/593 588/588 589/589
f 468/468 591/591 466/466
f 468/468 594/594 591/591
f 596/596 595/595 470/470
f 470/470 595/595 469/469
f 470/470 467/467 592/592
f 470/470 592/592 596/596
f 471/471 594/594 468/468
f 471/471 597/597 594/594
f 595/595 472/472 469/469
f 598/598 472/472 595/595
f 473/473 597/597 471/471
f 473/473 599/599 597/597
f 598/598 474/474 472/472
f 600/600 474/474 598/598
f 475/475 599/599 473/473
f 475/475 601/601 599/599
f 600/600 476/476 474/474
f 602/602 476/476 600/600
f 477/477 601/601 475/475
f 477/477 603/603 601/601
f 605/605 604/604 479/479
f 479/479 604/604 478/478
f 479/479 476/476 602/602
f 479/479 602/602 605/605
f 480/480 603/603 477/477
f 480/480 606/606 603/603
f 608/608 607/607 482/482
f 482/482 607/607 481/481
f 482/482 478/478 604/604
f 482/482 604/604 608/608
f 483/483 606/606 480/480
f 483/483 609/609 606/606
f 611/611 610/610 486/486
f 486/486 610/610 485/485
f 486/486 481/481 607/607
f 486/486 607/607 611/611
f 487/487 609/609 483/483
f 487/487 612/612 609/609
f 614/614 613/613 490/490
f 490/490 613/613 489/489
f 490/490 485/485 610/610
f 490/490 610/610 614/614
f 491/491 612/612 487/487
f 491/491 615/615 612/612
f 617/617 616/616 493/493
f 493/493 616/616 492/492
f 493/493 489/489 613/613
f 493/493 613/613 617/617
f 494/494 615/615 491/491
f 494/494 618/618 615/615
f 616/616 495/495 492/492
f 619/619 495/495 616/616
f 496/496 618/618 494/494
f 496/496 620/620 618/618
f 619/619 497/497 495/495
f 621/621 497/497 619/619
f 498/498 620/620 496/496
f 498/498 622/622 620/620
f 623/623 499/499 500/500
f 624/624 623/623 500/500
f 497/497 624/624 500/500
f 621/621 624/624 497/497
f 501/501 622/622 498/498
f 501/501 625/625 622/622
f 626/626 503/503 504/504
f 627/627 626/626 504/504
f 627/627 504/504 499/499
f 628/628 627/627 499/499
f 623/623 628/628 499/499
f 628/628 623/623 624/624
f 505/505 625/625 501/501
f 505/505 629/629 625/625
f 630/630 506/506 507/507
f 631/631 630/630 507/507
f 631/631 507/507 503/503
f 632/632 631/631 503/503
f 626/626 632/632 503/503
f 632/632 626/626 627/627
f 508/508 629/629 505/505
f 508/508 633/633 629/629
f 634/634 509/509 510/510
f 635/635 634/634 510/510
f 635/635 510/510 506/506
f 636/636 635/635 506/506
f 630/630 636/636 506/506
f 636/636 630/630 631/631
f 511/511 633/633 508/508
f 511/511 637/637 633/633
f 639/639 638/638 634/634
f 638/638 509/509 634/634
f 638/638 512/512 509/509
f 639/639 634/634 635/635
f 513/513 637/637 511/511
f 513/513 640/640 637/637
f 638/638 514/514 512/512
f 641/641 514/514 638/638
f 515/515 640/640 513/513
f 515/515 642/642 640/640
f 641/641 517/517 514/514
f 643/643 517/517 641/641
f 518/518 642/642 515/515
f 518/518 644/644 642/642
f 646/646 645/645 520/520
f 520/520 645/645 519/519
f 520/520 517/517 643/643
f 520/520 643/643 646/646
f 521/521 644/644 518/518
f 521/521 647/647 644/644
f 648/648 522/522 523/523
f 649/649 648/648 523/523
f 519/519 649/649 523/523
f 645/645 649/649 519/519
f 524/524 647/647 521/521
f 524/524 650/650 647/647
f 652/652 651/651 648/648
f 651/651 522/522 648/648
f 651/651 525/525 522/522
f 652/652 648/648 649/649
f 526/526 650/650 524/524
f 526/526 653/653 650/650
f 655/655 654/654 529/529
f 529/529 654/654 528/528
f 529/529 525/525 651/651
f 529/529 651/651 655/655
f 530/530 653/653 526/526
f 530/530 656/656 653/653
f 657/657 532/532 533/533
f 658/658 657/657 533/533
f 528/528 658/658 533/533
f 654/654 658/658 528/528
f 534/534 656/656 530/530
f 534/534 659/659 656/656
f 660/660 535/535 536/536
f 661/661 660/660 536/536
f 661/661 536/536 532/532
f 662/662 661/661 532/532
f 657/657 662/662 532/532
f 662/662 657/657 658/658
f 537/537 659/659 534/534
f 537/537 663/663 659/659
f 665/665 664/664 660/660
f 664/664 535/535 660/660
f 664/664 538/538 535/535
f 665/665 660/660 661/661
f 539/539 663/663 537/537
f 539/539 666/666 663/663
f 664/664 540/540 538/538
f 667/667 540/540 664/664
f 541/541 666/666 539/539
f 541/541 668/668 666/666
f 667/667 542/542 540/540
f 669/669 542/542 667/667
f 543/543 668/668 541/541
f 543/543 670/670 668/668
f 669/669 544/544 542/542
f 671/671 544/544 669/669
f 545/545 670/670 543/543
f 545/545 672/672 670/670
f 671/671 546/546 544/544
f 673/673 546/546 671/671
f 547/547 672/672 545/545
f 547/547 674/674 672/672
f 676/676 548/548 675/675
f 548/548 673/673 675/675
f 548/548 546/546 673/673
f 677/677 676/676 675/675
f 549/549 674/674 547/547
f 549/549 678/678 674/674
f 679/679 550/550 676/676
f 676/676 550/550 548/548
f 676/676 677/677 680/680
f 676/676 680/680 679/679
f 551/551 678/678 549/549
f 551/551 681/681 678/678
f 679/679 552/552 550/550
f 554/554 552/552 679/679
f 680/680 554/554 679/679
f 682/682 554/554 680/680
f 555/555 681/681 551/551
f 555/555 683/683 681/681
f 682/682 556/556 554/554
f 684/684 556/556 682/682
f 557/557 683/683 555/555
f 557/557 685/685 683/683
f 684/684 558/558 556/556
f 686/686 558/558 684/684
f 687/687 685/685 557/557
f 687/687 557/557 559/559
f 688/688 559/559 560/560
f 688/688 687/687 559/559
f 560/560 558/558 686/686
f 560/560 686/686 688/688
f 690/690 689/689 561/561
f 690/690 561/561 562/562
f 561/561 691/691 563/563
f 689/689 691/691 561/561
f 563/563 692/692 564/564
f 691/691 692/692 563/563
f 564/564 693/693 565/565
f 692/692 693/693 564/564
f 565/565 694/694 566/566
f 693/693 694/694 565/565
f 566/566 695/695 567/567
f 694/694 695/695 566/566
f 567/567 696/696 568/568
f 695/695 696/696 567/567
f 568/568 697/697 569/569
f 696/696 697/697 568/568
f 569/569 698/698 570/570
f 697/697 698/698 569/569
f 570/570 699/699 571/571
f 698/698 699/699 570/570
f 571/571 700/700 572/572
f 699/699 700/700 571/571
f 572/572 701/701 573/573
f 700/700 701/701 572/572
f 573/573 702/702 574/574
f 701/701 702/702 573/573
f 574/574 703/703 575/575
f 702/702 703/703 574/574
f 575/575 704/704 576/576
f 703/703 704/704 575/575
f 576/576 705/705 577/577
f 704/704 705/705 576/576
f 577/577 706/706 578/578
f 705/705 706/706 577/577
f 578/578 707/707 579/579
f 706/706 707/707 578/578
f 580/580 579/579 707/707
f 580/580 707/707 708/708
f 581/581 690/690 562/562
f 581/581 709/709 690/690
f 708/708 582/582 580/580
f 710/710 582/582 708/708
f 583/583 709/709 581/581
f 583/583 711/711 709/709
f 710/710 584/584 582/582
f 712/712 584/584 710/710
f 585/585 711/711 583/583
f 585/585 713/713 711/711
f 712/712 586/586 584/584
f 714/714 586/586 712/712
f 587/587 713/713 585/585
f 587/587 715/715 713/713
f 717/717 716/716 590/590
f 590/590 716/716 589/589
f 590/590 586/586 714/714
f 590/590 714/714 717/717
f 591/591 715/715 587/587
f 591/591 718/718 715/715
f 720/720 719/719 593/593
f 593/593 719/719 592/592
f 593/593 589/589 716/716
f 593/593 716/716 720/720
f 594/594 718/718 591/591
f 594/594 721/721 718/718
f 723/723 722/722 596/596
f 596/596 722/722 595/595
f 596/596 592/592 719/719
f 596/596 719/719 723/723
f 597/597 721/721 594/594
f 597/597 724/724 721/721
f 722/722 598/598 595/595
f 725/725 598/598 722/722
f 599/599 724/724 597/597
f 599/599 726/726 724/724
f 725/725 600/600 598/598
f 727/727 600/600 725/725
f 601/601 726/726 599/599
f 601/601 728/728 726/726
f 727/727 602/602 600/600
f 729/729 602/602 727/727
f 603/603 728/728 601/601
f 603/603 730/730 728/728
f 732/732 731/731 605/605
f 605/605 731/731 604/604
f 605/605 602/602 729/729
f 605/605 729/729 732/732
f 606/606 730/730 603/603
f 606/606 733/733 730/730
f 734/734 607/607 608/608
f 735/735 734/734 608/608
f 604/604 735/735 608/608
f 731/731 735/735 604/604
f 609/609 733/733 606/606
f 609/609 736/736 733/733
f 737/737 610/610 611/611
f 738/738 737/737 611/611
f 738/738 611/611 607/607
f 739/739 738/738 607/607
f 734/734 739/739 607/607
f 739/739 734/734 735/735
f 612/612 736/736 609/609
f 612/612 740/740 736/736
f 741/741 613/613 614/614
f 742/742 741/741 614/614
f 742/742 614/614 610/610
f 743/743 742/742 610/610
f 737/737 743/743 610/610
f 743/743 737/737 738/738
f 615/615 740/740 612/612
f 615/615 744/744 740/740
f 745/745 616/616 617/617
f 746/746 745/745 617/617
f 746/746 617/617 613/613
f 747/747 746/746 613/613
f 741/741 747/747 613/613
f 747/747 741/741 742/742
f 618/618 744/744 615/615
f 618/618 748/748 744/744
f 750/750 749/749 745/745
f 749/749 616/616 745/745
f 749/749 619/619 616/616
f 750/750 745/745 746/746
f 620/620 748/748 618/618
f 620/620 751/751 748/748
f 749/749 621/621 619/619
f 752/752 621/621 749/749
f 622/622 751/751 620/620
f 622/622 753/753 751/751
f 752/752 624/624 621/621
f 754/754 624/624 752/752
f 625/625 753/753 622/622
f 625/625 755/755 753/753
f 757/757 756/756 628/628
f 628/628 756/756 627/627
f 628/628 624/624 754/754
f 628/628 754/754 757/757
f 629/629 755/755 625/625
f 629/629 758/758 755/755
f 760/760 759/759 632/632
f 632/632 759/759 631/631
f 632/632 627/627 756/756
f 632/632 756/756 760/760
f 633/633 758/758 629/629
f 633/633 761/761 758/758
f 763/763 762/762 636/636
f 636/636 762/762 635/635
f 636/636 631/631 759/759
f 636/636 759/759 763/763
f 637/637 761/761 633/633
f 637/637 764/764 761/761
f 765/765 638/638 639/639
f 766/766 765/765 639/639
f 635/635 766/766 639/639
f 762/762 766/766 635/635
f 640/640 764/764 637/637
f 640/640 767/767 764/764
f 769/769 768/768 765/765
f 768/768 638/638 765/765
f 768/768 641/641 638/638
f 769/769 765/765 766/766
f 642/642 767/767 640/640
f 642/642 770/770 767/767
f 768/768 643/643 641/641
f 771/771 643/643 768/768
f 644/644 770/770 642/642
f 644/644 772/772 770/770
f 774/774 773/773 646/646
f 646/646 773/773 645/645
f 646/646 643/643 771/771
f 646/646 771/771 774/774
f 647/647 772/772 644/644
f 647/647 775/775 772/772
f 773/773 649/649 645/645
f 776/776 649/649 773/773
f 650/650 775/775 647/647
f 650/650 777/777 775/775
f 779/779 778/778 652/652
f 652/652 778/778 651/651
f 652/652 649/649 776/776
f 652/652 776/776 779/779
f 653/653 777/777 650/650
f 653/653 780/780 777/777
f 781/781 654/654 655/655
f 782/782 781/781 655/655
f 651/651 782/782 655/655
f 778/778 782/782 651/651
f 656/656 780/780 653/653
f 656/656 783/783 780/780
f 785/785 784/784 781/781
f 784/784 654/654 781/781
f 784/784 658/658 654/654
f 785/785 781/781 782/782
f 659/659 783/783 656/656
f 659/659 786/786 783/783
f 787/787 661/661 662/662
f 788/788 787/787 662/662
f 658/658 788/788 662/662
f 784/784 788/788 658/658
f 663/663 786/786 659/659
f 663/663 789/789 786/786
f 791/791 790/790 665/665
f 665/665 790/790 664/664
f 665/665 661/661 787/787
f 792/792 665/665 787/787
f 791/791 665/665 792/792
f 792/792 787/787 788/788
f 666/666 789/789 663/663
f 666/666 793/793 789/789
f 790/790 667/667 664/664
f 794/794 667/667 790/790
f 668/668 793/793 666/666
f 668/668 795/795 793/793
f 797/797 669/669 796/796
f 669/669 794/794 796/796
f 669/669 667/667 794/794
f 798/798 797/797 796/796
f 670/670 795/795 668/668
f 670/670 799/799 795/795
f 800/800 671/671 797/797
f 797/797 671/671 669/669
f 797/797 798/798 801/801
f 797/797 801/801 800/800
f 672/672 799/799 670/670
f 672/672 802/802 799/799
f 803/803 673/673 800/800
f 800/800 673/673 671/671
f 800/800 801/801 804/804
f 800/800 804/804 803/803
f 674/674 802/802 672/672
f 674/674 805/805 802/802
f 803/803 675/675 673/673
f 677/677 675/675 803/803
f 804/804 677/677 803/803
f 806/806 677/677 804/804
f 678/678 805/805 674/674
f 678/678 807/807 805/805
f 806/806 680/680 677/677
f 808/808 680/680 806/806
f 681/681 807/807 678/678
f 681/681 809/809 807/807
f 808/808 682/682 680/680
f 810/810 682/682 808/808
f 683/683 809/809 681/681
f 683/683 811/811 809/809
f 810/810 684/684 682/682
f 812/812 684/684 810/810
f 685/685 811/811 683/683
f 685/685 813/813 811/811
f 812/812 686/686 684/684
f 814/814 686/686 812/812
f 815/815 813/813 685/685
f 815/815 685/685 687/687
f 816/816 687/687 688/688
f 816/816 815/815 687/687
f 688/688 686/686 814/814
f 688/688 814/814 816/816
f 818/818 817/817 689/689
f 818/818 689/689 690/690
f 689/689 819/819 691/691
f 817/817 819/819 689/689
f 691/691 820/820 692/692
f 819/819 820/820 691/691
f 692/692 821/821 693/693
f 820/820 821/821 692/692
f 693/693 822/822 694/694
f 821/821 822/822 693/693
f 694/694 823/823 695/695
f 822/822 823/823 694/694
f 695/695 824/824 696/696
f 823/823 824/824 695/695
f 696/696 825/825 697/697
f 824/824 825/825 696/696
f 697/697 826/826 698/698
f 825/825 826/826 697/697
f 698/698 827/827 699/699
f 826/826 827/827 698/698
f 699/699 828/828 700/700
f 827/827 828/828 699/699
f 700/700 829/829 701/701
f 828/828 829/829 700/700
f 701/701 830/830 702/702
f 829/829 830/830 701/701
f 702/702 831/831 703/703
f 830/830 831/831 702/702
f 703/703 832/832 704/704
f 831/831 832/832 703/703
f 704/704 833/833 705/705
f 832/832 833/833 704/704
f 705/705 834/834 706/706
f 833/833 834/834 705/705
f 706/706 835/835 707/707
f 834/834 835/835 706/706
f 708/708 707/707 835/835
f 708/708 835/835 836/836
f 709/709 818/818 690/690
f 709/709 837/837 818/818
f 836/836 710/710 708/708
f 838/838 710/710 836/836
f 711/711 837/837 709/709
f 711/711 839/839 837/837
f 838/838 712/712 710/710
f 840/840 712/712 838/838
f 713/713 839/839 711/711
f 713/713 841/841 839/839
f 840/840 714/714 712/712
f 842/842 714/714 840/840
f 715/715 841/841 713/713
f 715/715 843/843 841/841
f 845/845 844/844 717/717
f 717/717 844/844 716/716
f 717/717 714/714 842/842
f 717/717 842/842 845/845
f 718/718 843/843 715/715
f 718/718 846/846 843/843
f 848/848 847/847 720/720
f 720/720 847/847 719/719
f 720/720 716/716 844/844
f 720/720 844/844 848/848
f 721/721 846/846 718/718
f 721/721 849/849 846/846
f 850/850 722/722 723/723
f 851/851 850/850 723/723
f 719/719 851/851 723/723
f 847/847 851/851 719/719
f 724/724 849/849 721/721
f 724/724 852/852 849/849
f 854/854 853/853 850/850
f 853/853 722/722 850/850
f 853/853 725/725 722/722
f 854/854 850/850 851/851
f 726/726 852/852 724/724
f 726/726 855/855 852/852
f 853/853 727/727 725/725
f 856/856 727/727 853/853
f 728/728 855/855 726/726
f 728/728 857/857 855/855
f 860/860 859/859 858/858
f 856/856 860/860 858/858
f 729/729 856/856 858/858
f 727/727 856/856 729/729
f 730/730 857/857 728/728
f 730/730 861/861 857/857
f 858/858 859/859 732/732
f 859/859 731/731 732/732
f 859/859 862/862 731/731
f 858/858 732/732 729/729
f 733/733 861/861 730/730
f 733/733 863/863 861/861
f 862/862 735/735 731/731
f 864/864 735/735 862/862
f 736/736 863/863 733/733
f 736/736 865/865 863/863
f 867/867 866/866 739/739
f 739/739 866/866 738/738
f 739/739 735/735 864/864
f 739/739 864/864 867/867
f 740/740 865/865 736/736
f 740/740 868/868 865/865
f 870/870 869/869 743/743
f 743/743 869/869 742/742
f 743/743 738/738 866/866
f 743/743 866/866 870/870
f 744/744 868/868 740/740
f 744/744 871/871 868/868
f 873/873 872/872 747/747
f 747/747 872/872 746/746
f 747/747 742/742 869/869
f 747/747 869/869 873/873
f 748/748 871/871 744/744
f 748/748 874/874 871/871
f 875/875 749/749 750/750
f 876/876 875/875 750/750
f 746/746 876/876 750/750
f 872/872 876/876 746/746
f 751/751 874/874 748/748
f 751/751 877/877 874/874
f 879/879 878/878 875/875
f 878/878 749/749 875/875
f 878/878 752/752 749/749
f 879/879 875/875 876/876
f 753/753 877/877 751/751
f 753/753 880/880 877/877
f 878/878 754/754 752/752
f 881/881 754/754 878/878
f 755/755 880/880 753/753
f 755/755 882/882 880/880
f 884/884 883/883 757/757
f 757/757 883/883 756/756
f 757/757 754/754 881/881
f 757/757 881/881 884/884
f 758/758 882/882 755/755
f 758/758 885/885 882/882
f 887/887 886/886 760/760
f 760/760 886/886 759/759
f 760/760 756/756 883/883
f 760/760 883/883 887/887
f 761/761 885/885 758/758
f 761/761 888/888 885/885
f 889/889 762/762 763/763
f 890/890 889/889 763/763
f 759/759 890/890 763/763
f 886/886 890/890 759/759
f 764/764 888/888 761/761
f 764/764 891/891 888/888
f 893/893 892/892 889/889
f 892/892 762/762 889/889
f 892/892 766/766 762/762
f 893/893 889/889 890/890
f 767/767 891/891 764/764
f 767/767 894/894 891/891
f 895/895 768/768 769/769
f 896/896 895/895 769/769
f 766/766 896/896 769/769
f 892/892 896/896 766/766
f 770/770 894/894 767/767
f 770/770 897/897 894/894
f 899/899 898/898 895/895
f 898/898 768/768 895/895
f 898/898 771/771 768/768
f 899/899 895/895 896/896
f 772/772 897/897 770/770
f 772/772 900/900 897/897
f 902/902 901/901 774/774
f 774/774 901/901 773/773
f 774/774 771/771 898/898
f 774/774 898/898 902/902
f 775/775 900/900 772/772
f 775/775 903/903 900/900
f 901/901 776/776 773/773
f 904/904 776/776 901/901
f 777/777 903/903 775/775
f 777/777 905/905 903/903
f 906/906 778/778 779/779
f 907/907 906/906 779/779
f 776/776 907/907 779/779
f 904/904 907/907 776/776
f 780/780 905/905 777/777
f 780/780 908/908 905/905
f 910/910 909/909 906/906
f 909/909 778/778 906/906
f 909/909 782/782 778/778
f 910/910 906/906 907/907
f 783/783 908/908 780/780
f 783/783 911/911 908/908
f 912/912 784/784 785/785
f 913/913 912/912 785/785
f 782/782 913/913 785/785
f 909/909 913/913 782/782
f 786/786 911/911 783/783
f 786/786 914/914 911/911
f 916/916 915/915 912/912
f 915/915 784/784 912/912
f 915/915 788/788 784/784
f 916/916 912/912 913/913
f 789/789 914/914 786/786
f 789/789 917/917 914/914
f 918/918 790/790 791/791
f 792/792 919/919 791/791
f 791/791 919/919 918/918
f 920/920 919/919 792/792
f 788/788 920/920 792/792
f 915/915 920/920 788/788
f 793/793 917/917 789/789
f 793/793 921/921 917/917
f 923/923 922/922 918/918
f 922/922 790/790 918/918
f 922/922 794/794 790/790
f 923/923 918/918 919/919
f 923/923 919/919 924/924
f 924/924 919/919 920/920
f 795/795 921/921 793/793
f 795/795 925/925 921/921
f 922/922 926/926 794/794
f 794/794 926/926 796/796
f 798/798 796/796 926/926
f 798/798 926/926 927/927
f 799/799 925/925 795/795
f 799/799 928/928 925/925
f 927/927 801/801 798/798
f 929/929 801/801 927/927
f 802/802 928/928 799/799
f 802/802 930/930 928/928
f 929/929 804/804 801/801
f 931/931 804/804 929/929
f 805/805 930/930 802/802
f 805/805 932/932 930/930
f 931/931 806/806 804/804
f 933/933 806/806 931/931
f 807/807 932/932 805/805
f 807/807 934/934 932/932
f 933/933 808/808 806/806
f 935/935 808/808 933/933
f 809/809 934/934 807/807
f 809/809 936/936 934/934
f 935/935 810/810 808/808
f 937/937 810/810 935/935
f 811/811 936/936 809/809
f 811/811 938/938 936/936
f 937/937 812/812 810/810
f 939/939 812/812 937/937
f 813/813 938/938 811/811
f 813/813 940/940 938/938
f 939/939 814/814 812/812
f 941/941 814/814 939/939
f 942/942 940/940 813/813
f 942/942 813/813 815/815
f 943/943 815/815 816/816
f 943/943 942/942 815/815
f 816/816 814/814 941/941
f 816/816 941/941 943/943
f 945/945 944/944 817/817
f 945/945 817/817 818/818
f 817/817 946/946 819/819
f 944/944 946/946 817/817
f 819/819 947/947 820/820
f 946/946 947/947 819/819
f 820/820 948/948 821/821
f 947/947 948/948 820/820
f 821/821 949/949 822/822
f 948/948 949/949 821/821
f 822/822 950/950 823/823
f 949/949 950/950 822/822
f 823/823 951/951 824/824
f 950/950 951/951 823/823
f 824/824 952/952 825/825
f 951/951 952/952 824/824
f 825/825 953/953 826/826
f 952/952 953/953 825/825
f 826/826 954/954 827/827
f 953/953 954/954 826/826
f 827/827 955/955 828/828
f 954/954 955/955 827/827
f 828/828 956/956 829/829
f 955/955 956/956 828/828
f 829/829 957/957 830/830
f 956/956 957/957 829/829
f 830/830 958/958 831/831
f 957/957 958/958 830/830
f 831/831 959/959 832/832
f 958/958 959/959 831/831
f 832/832 960/960 833/833
f 959/959 960/960 832/832
f 833/833 961/961 834/834
f 960/960 961/961 833/833
f 834/834 962/962 835/835
f 961/961 962/962 834/834
f 836/836 835/835 962/962
f 836/836 962/962 963/963
f 837/837 945/945 818/818
f 837/837 964/964 945/945
f 963/963 838/838 836/836
f 965/965 838/838 963/963
f 839/839 964/964 837/837
f 839/839 966/966 964/964
f 965/965 840/840 838/838
f 967/967 840/840 965/965
f 841/841 966/966 839/839
f 841/841 968/968 966/966
f 967/967 842/842 840/840
f 969/969 842/842 967/967
f 843/843 968/968 841/841
f 843/843 970/970 968/968
f 971/971 844/844 845/845
f 972/972 971/971 845/845
f 842/842 972/972 845/845
f 969/969 972/972 842/842
f 846/846 970/970 843/843
f 846/846 973/973 970/970
f 975/975 974/974 848/848
f 848/848 974/974 847/847
f 848/848 844/844 971/971
f 976/976 848/848 971/971
f 975/975 848/848 976/976
f 976/976 971/971 972/972
f 849/849 973/973 846/846
f 849/849 977/977 973/973
f 974/974 851/851 847/847
f 978/978 851/851 974/974
f 852/852 977/977 849/849
f 852/852 979/979 977/977
f 980/980 853/853 854/854
f 981/981 980/980 854/854
f 851/851 981/981 854/854
f 978/978 981/981 851/851
f 855/855 979/979 852/852
f 855/855 982/982 979/979
f 984/984 983/983 980/980
f 983/983 853/853 980/980
f 983/983 856/856 853/853
f 984/984 980/980 981/981
f 857/857 982/982 855/855
f 857/857 985/985 982/982
f 986/986 859/859 860/860
f 987/987 986/986 860/860
f 856/856 987/987 860/860
f 983/983 987/987 856/856
f 861/861 985/985 857/857
f 861/861 988/988 985/985
f 990/990 989/989 986/986
f 989/989 859/859 986/986
f 989/989 862/862 859/859
f 990/990 986/986 987/987
f 863/863 988/988 861/861
f 863/863 991/991 988/988
f 989/989 864/864 862/862
f 992/992 864/864 989/989
f 865/865 991/991 863/863
f 865/865 993/993 991/991
f 995/995 994/994 867/867
f 867/867 994/994 866/866
f 867/867 864/864 992/992
f 867/867 992/992 995/995
f 868/868 993/993 865/865
f 868/868 996/996 993/993
f 998/998 997/997 870/870
f 870/870 997/997 869/869
f 870/870 866/866 994/994
f 870/870 994/994 998/998
f 871/871 996/996 868/868
f 871/871 999/999 996/996
f 1001/1001 1000/1000 873/873
f 873/873 1000/1000 872/872
f 873/873 869/869 997/997
f 873/873 997/997 1001/1001
f 874/874 999/999 871/871
f 874/874 1002/1002 999/999
f 1000/1000 876/876 872/872
f 1003/1003 876/876 1000/1000
f 877/877 1002/1002 874/874
f 877/877 1004/1004 1002/1002
f 1005/1005 878/878 879/879
f 1006/1006 1005/1005 879/879
f 876/876 1006/1006 879/879
f 1003/1003 1006/1006 876/876
f 880/880 1004/1004 877/877
f 880/880 1007/1007 1004/1004
f 1009/1009 1008/1008 1005/1005
f 1008/1008 878/878 1005/1005
f 1008/1008 881/881 878/878
f 1009/1009 1005/1005 1006/1006
f 882/882 1007/1007 880/880
f 882/882 1010/1010 1007/1007
f 1012/1012 1011/1011 884/884
f 884/884 1011/1011 883/883
f 884/884 881/881 1008/1008
f 884/884 1008/1008 1012/1012
f 885/885 1010/1010 882/882
f 885/885 1013/1013 1010/1010
f 1014/1014 886/886 887/887
f 1015/1015 1014/1014 887/887
f 883/883 1015/1015 887/887
f 1011/1011 1015/1015 883/883
f 888/888 1013/1013 885/885
f 888/888 1016/1016 1013/1013
f 1018/1018 1017/1017 1014/1014
f 1017/1017 886/886 1014/1014
f 1017/1017 890/890 886/886
f 1018/1018 1014/1014 1015/1015
f 891/891 1016/1016 888/888
f 891/891 1019/1019 1016/1016
f 1021/1021 1020/1020 893/893
f 893/893 1020/1020 892/892
f 893/893 890/890 1017/1017
f 893/893 1017/1017 1021/1021
f 894/894 1019/1019 891/891
f 894/894 1022/1022 1019/1019
f 1020/1020 896/896 892/892
f 1023/1023 896/896 1020/1020
f 897/897 1022/1022 894/894
f 897/897 1024/1024 1022/1022
f 1025/1025 898/898 899/899
f 1026/1026 1025/1025 899/899
f 896/896 1026/1026 899/899
f 1023/1023 1026/1026 896/896
f 900/900 1024/1024 897/897
f 900/900 1027/1027 1024/1024
f 1028/1028 901/901 902/902
f 1029/1029 1028/1028 902/902
f 1029/1029 902/902 898/898
f 1030/1030 1029/1029 898/898
f 1025/1025 1030/1030 898/898
f 1030/1030 1025/1025 1026/1026
f 903/903 1027/1027 900/900
f 903/903 1031/1031 1027/1027
f 1032/1032 904/904 1028/1028
f 1028/1028 904/904 901/901
f 1028/1028 1029/1029 1033/1033
f 1028/1028 1033/1033 1032/1032
f 905/905 1031/1031 903/903
f 905/905 1034/1034 1031/1031
f 1036/1036 1035/1035 1032/1032
f 1035/1035 904/904 1032/1032
f 1035/1035 907/907 904/904
f 1036/1036 1032/1032 1033/1033
f 908/908 1034/1034 905/905
f 908/908 1037/1037 1034/1034
f 1039/1039 1038/1038 910/910
f 910/910 1038/1038 909/909
f 910/910 907/907 1035/1035
f 910/910 1035/1035 1039/1039
f 911/911 1037/1037 908/908
f 911/911 1040/1040 1037/1037
f 1038/1038 913/913 909/909
f 1041/1041 913/913 1038/1038
f 914/914 1040/1040 911/911
f 914/914 1042/1042 1040/1040
f 1043/1043 915/915 916/916
f 1044/1044 1043/1043 916/916
f 913/913 1044/1044 916/916
f 1041/1041 1044/1044 913/913
f 917/917 1042/1042 914/914
f 917/917 1045/1045 1042/1042
f 1047/1047 1046/1046 1043/1043
f 1046/1046 915/915 1043/1043
f 1046/1046 920/920 915/915
f 1047/1047 1043/1043 1044/1044
f 921/921 1045/1045 917/917
f 921/921 1048/1048 1045/1045
f 1049/1049 922/922 923/923
f 1049/1049 923/923 1050/1050
f 923/923 1051/1051 1050/1050
f 923/923 924/924 1051/1051
f 924/924 920/920 1046/1046
f 924/924 1046/1046 1051/1051
f 925/925 1048/1048 921/921
f 925/925 1052/1052 1048/1048
f 926/926 922/922 1049/1049
f 1055/1055 1054/1054 1053/1053
f 1050/1050 1053/1053 1054/1054
f 927/927 1050/1050 1054/1054
f 1050/1050 926/926 1049/1049
f 1050/1050 927/927 926/926
f 928/928 1052/1052 925/925
f 928/928 1056/1056 1052/1052
f 1055/1055 1057/1057 1054/1054
f 927/927 1054/1054 1057/1057
f 1058/1058 927/927 1057/1057
f 929/929 927/927 1058/1058
f 930/930 1056/1056 928/928
f 930/930 1059/1059 1056/1056
f 1058/1058 931/931 929/929
f 1060/1060 931/931 1058/1058
f 932/932 1059/1059 930/930
f 932/932 1061/1061 1059/1059
f 1060/1060 933/933 931/931
f 1062/1062 933/933 1060/1060
f 934/934 1061/1061 932/932
f 934/934 1063/1063 1061/1061
f 1062/1062 935/935 933/933
f 1064/1064 935/935 1062/1062
f 936/936 1063/1063 934/934
f 936/936 1065/1065 1063/1063
f 1064/1064 937/937 935/935
f 1066/1066 937/937 1064/1064
f 938/938 1065/1065 936/936
f 938/938 1067/1067 1065/1065
f 1066/1066 939/939 937/937
f 1068/1068 939/939 1066/1066
f 940/940 1067/1067 938/938
f 940/940 1069/1069 1067/1067
f 1068/1068 941/941 939/939
f 1070/1070 941/941 1068/1068
f 1071/1071 1069/1069 940/940
f 1071/1071 940/940 942/942
f 1072/1072 942/942 943/943
f 1072/1072 1071/1071 942/942
f 943/943 941/941 1070/1070
f 943/943 1070/1070 1072/1072
f 1074/1074 1073/1073 944/944
f 1074/1074 944/944 945/945
f 944/944 1075/1075 946/946
f 1073/1073 1075/1075 944/944
f 946/946 1076/1076 947/947
f 1075/1075 1076/1076 946/946
f 947/947 1077/1077 948/948
f 1076/1076 1077/1077 947/947
f 948/948 1078/1078 949/949
f 1077/1077 1078/1078 948/948
f 949/949 1079/1079 950/950
f 1078/1078 1079/1079 949/949
f 950/950 1080/1080 951/951
f 1079/1079 1080/1080 950/950
f 951/951 1081/1081 952/952
f 1080/1080 1081/1081 951/951
f 952/952 1082/1082 953/953
f 1081/1081 1082/1082 952/952
f 953/953 1083/1083 954/954
f 1082/1082 1083/1083 953/953
f 954/954 1084/1084 955/955
f 1083/1083 1084/1084 954/954
f 955/955 1085/1085 956/956
f 1084/1084 1085/1085 955/955
f 956/956 1086/1086 957/957
f 1085/1085 1086/1086 956/956
f 957/957 1087/1087 958/958
f 1086/1086 1087/1087 957/957
f 958/958 1088/1088 959/959
f 1087/1087 1088/1088 958/958
f 959/959 1089/1089 960/960
f 1088/1088 1089/1089 959/959
f 960/960 1090/1090 961/961
f 1089/1089 1090/1090 960/960
f 961/961 1091/1091 962/962
f 1090/1090 1091/1091 961/961
f 963/963 962/962 1091/1091
f 963/963 1091/1091 1092/1092
f 964/964 1074/1074 945/945
f 964/964 1093/1093 1074/1074
f 1092/1092 965/965 963/963
f 1094/1094 965/965 1092/1092
f 966/966 1093/1093 964/964
f 966/966 1095/1095 1093/1093
f 1094/1094 967/967 965/965
f 1096/1096 967/967 1094/1094
f 968/968 1095/1095 966/966
f 968/968 1097/1097 1095/1095
f 1096/1096 969/969 967/967
f 1098/1098 969/969 1096/1096
f 970/970 1097/1097 968/968
f 970/970 1099/1099 1097/1097
f 1098/1098 972/972 969/969
f 1100/1100 972/972 1098/1098
f 973/973 1099/1099 970/970
f 973/973 1101/1101 1099/1099
f 1102/1102 974/974 975/975
f 1102/1102 975/975 1103/1103
f 975/975 1104/1104 1103/1103
f 975/975 976/976 1104/1104
f 976/976 972/972 1100/1100
f 976/976 1100/1100 1104/1104
f 977/977 1101/1101 973/973
f 977/977 1105/1105 1101/1101
f 1107/1107 1106/1106 1102/1102
f 1106/1106 974/974 1102/1102
f 1106/1106 978/978 974/974
f 1107/1107 1102/1102 1103/1103
f 979/979 1105/1105 977/977
f 979/979 1108/1108 1105/1105
f 1106/1106 981/981 978/978
f 1109/1109 981/981 1106/1106
f 982/982 1108/1108 979/979
f 982/982 1110/1110 1108/1108
f 1112/1112 1111/1111 984/984
f 984/984 1111/1111 983/983
f 984/984 981/981 1109/1109
f 984/984 1109/1109 1112/1112
f 985/985 1110/1110 982/982
f 985/985 1113/1113 1110/1110
f 1111/1111 987/987 983/983
f 1114/1114 987/987 1111/1111
f 988/988 1113/1113 985/985
f 988/988 1115/1115 1113/1113
f 1117/1117 1116/1116 990/990
f 990/990 1116/1116 989/989
f 990/990 987/987 1114/1114
f 990/990 1114/1114 1117/1117
f 991/991 1115/1115 988/988
f 991/991 1118/1118 1115/1115
f 1116/1116 992/992 989/989
f 1119/1119 992/992 1116/1116
f 993/993 1118/1118 991/991
f 993/993 1120/1120 1118/1118
f 1122/1122 1121/1121 995/995
f 995/995 1121/1121 994/994
f 995/995 992/992 1119/1119
f 995/995 1119/1119 1122/1122
f 996/996 1120/1120 993/993
f 996/996 1123/1123 1120/1120
f 1125/1125 1124/1124 998/998
f 998/998 1124/1124 997/997
f 998/998 994/994 1121/1121
f 998/998 1121/1121 1125/1125
f 999/999 1123/1123 996/996
f 999/999 1126/1126 1123/1123
f 1127/1127 1000/1000 1001/1001
f 1128/1128 1127/1127 1001/1001
f 997/997 1128/1128 1001/1001
f 1124/1124 1128/1128 997/997
f 1002/1002 1126/1126 999/999
f 1002/1002 1129/1129 1126/1126
f 1131/1131 1130/1130 1127/1127
f 1130/1130 1000/1000 1127/1127
f 1130/1130 1003/1003 1000/1000
f 1131/1131 1127/1127 1128/1128
f 1004/1004 1129/1129 1002/1002
f 1004/1004 1132/1132 1129/1129
f 1130/1130 1006/1006 1003/1003
f 1133/1133 1006/1006 1130/1130
f 1007/1007 1132/1132 1004/1004
f 1007/1007 1134/1134 1132/1132
f 1136/1136 1135/1135 1009/1009
f 1009/1009 1135/1135 1008/1008
f 1009/1009 1006/1006 1133/1133
f 1009/1009 1133/1133 1136/1136
f 1010/1010 1134/1134 1007/1007
f 1010/1010 1137/1137 1134/1134
f 1138/1138 1011/1011 1012/1012
f 1139/1139 1138/1138 1012/1012
f 1008/1008 1139/1139 1012/1012
f 1135/1135 1139/1139 1008/1008
f 1013/1013 1137/1137 1010/1010
f 1013/1013 1140/1140 1137/1137
f 1142/1142 1141/1141 1138/1138
f 1141/1141 1011/1011 1138/1138
f 1141/1141 1015/1015 1011/1011
f 1142/1142 1138/1138 1139/1139
f 1016/1016 1140/1140 1013/1013
f 1016/1016 1143/1143 1140/1140
f 1144/1144 1017/1017 1018/1018
f 1145/1145 1144/1144 1018/1018
f 1015/1015 1145/1145 1018/1018
f 1141/1141 1145/1145 1015/1015
f 1019/1019 1143/1143 1016/1016
f 1019/1019 1146/1146 1143/1143
f 1147/1147 1020/1020 1021/1021
f 1148/1148 1147/1147 1021/1021
f 1148/1148 1021/1021 1017/1017
f 1149/1149 1148/1148 1017/1017
f 1144/1144 1149/1149 1017/1017
f 1149/1149 1144/1144 1145/1145
f 1022/1022 1146/1146 1019/1019
f 1022/1022 1150/1150 1146/1146
f 1151/1151 1023/1023 1147/1147
f 1147/1147 1023/1023 1020/1020
f 1147/1147 1148/1148 1152/1152
f 1147/1147 1152/1152 1151/1151
f 1024/1024 1150/1150 1022/1022
f 1024/1024 1153/1153 1150/1150
f 1155/1155 1154/1154 1151/1151
f 1154/1154 1023/1023 1151/1151
f 1154/1154 1026/1026 1023/1023
f 1155/1155 1151/1151 1152/1152
f 1027/1027 1153/1153 1024/1024
f 1027/1027 1156/1156 1153/1153
f 1157/1157 1029/1029 1030/1030
f 1158/1158 1157/1157 1030/1030
f 1026/1026 1158/1158 1030/1030
f 1154/1154 1158/1158 1026/1026
f 1031/1031 1156/1156 1027/1027
f 1031/1031 1159/1159 1156/1156
f 1161/1161 1160/1160 1157/1157
f 1160/1160 1029/1029 1157/1157
f 1160/1160 1033/1033 1029/1029
f 1161/1161 1157/1157 1158/1158
f 1034/1034 1159/1159 1031/1031
f 1034/1034 1162/1162 1159/1159
f 1164/1164 1163/1163 1036/1036
f 1036/1036 1163/1163 1035/1035
f 1036/1036 1033/1033 1160/1160
f 1036/1036 1160/1160 1164/1164
f 1037/1037 1162/1162 1034/1034
f 1037/1037 1165/1165 1162/1162
f 1166/1166 1038/1038 1039/1039
f 1167/1167 1166/1166 1039/1039
f 1035/1035 1167/1167 1039/1039
f 1163/1163 1167/1167 1035/1035
f 1040/1040 1165/1165 1037/1037
f 1040/1040 1168/1168 1165/1165
f 1169/1169 1041/1041 1166/1166
f 1166/1166 1041/1041 1038/1038
f 1166/1166 1167/1167 1170/1170
f 1166/1166 1170/1170 1169/1169
f 1042/1042 1168/1168 1040/1040
f 1042/1042 1171/1171 1168/1168
f 1173/1173 1172/1172 1169/1169
f 1172/1172 1041/1041 1169/1169
f 1172/1172 1044/1044 1041/1041
f 1173/1173 1169/1169 1170/1170
f 1045/1045 1171/1171 1042/1042
f 1045/1045 1174/1174 1171/1171
f 1176/1176 1175/1175 1047/1047
f 1047/1047 1175/1175 1046/1046
f 1047/1047 1044/1044 1172/1172
f 1047/1047 1172/1172 1176/1176
f 1048/1048 1174/1174 1045/1045
f 1048/1048 1177/1177 1174/1174
f 1178/1178 1050/1050 1051/1051
f 1179/1179 1178/1178 1051/1051
f 1046/1046 1179/1179 1051/1051
f 1175/1175 1179/1179 1046/1046
f 1052/1052 1177/1177 1048/1048
f 1052/1052 1180/1180 1177/1177
f 1181/1181 1055/1055 1053/1053
f 1182/1182 1181/1181 1053/1053
f 1182/1182 1053/1053 1050/1050
f 1183/1183 1182/1182 1050/1050
f 1178/1178 1183/1183 1050/1050
f 1183/1183 1178/1178 1179/1179
f 1056/1056 1180/1180 1052/1052
f 1056/1056 1184/1184 1180/1180
f 1057/1057 1055/1055 1181/1181
f 1187/1187 1186/1186 1185/1185
f 1182/1182 1185/1185 1186/1186
f 1058/1058 1182/1182 1186/1186
f 1182/1182 1057/1057 1181/1181
f 1182/1182 1058/1058 1057/1057
f 1059/1059 1184/1184 1056/1056
f 1059/1059 1188/1188 1184/1184
f 1187/1187 1189/1189 1186/1186
f 1058/1058 1186/1186 1189/1189
f 1190/1190 1058/1058 1189/1189
f 1060/1060 1058/1058 1190/1190
f 1061/1061 1188/1188 1059/1059
f 1061/1061 1191/1191 1188/1188
f 1190/1190 1062/1062 1060/1060
f 1192/1192 1062/1062 1190/1190
f 1063/1063 1191/1191 1061/1061
f 1063/1063 1193/1193 1191/1191
f 1192/1192 1064/1064 1062/1062
f 1194/1194 1064/1064 1192/1192
f 1065/1065 1193/1193 1063/1063
f 1065/1065 1195/1195 1193/1193
f 1194/1194 1066/1066 1064/1064
f 1196/1196 1066/1066 1194/1194
f 1067/1067 1195/1195 1065/1065
f 1067/1067 1197/1197 1195/1195
f 1196/1196 1068/1068 1066/1066
f 1198/1198 1068/1068 1196/1196
f 1069/1069 1197/1197 1067/1067
f 1069/1069 1199/1199 1197/1197
f 1198/1198 1070/1070 1068/1068
f 1200/1200 1070/1070 1198/1198
f 1201/1201 1199/1199 1069/1069
f 1201/1201 1069/1069 1071/1071
f 1202/1202 1071/1071 1072/1072
f 1202/1202 1201/1201 1071/1071
f 1072/1072 1070/1070 1200/1200
f 1072/1072 1200/1200 1202/1202
f 1204/1204 1203/1203 1073/1073
f 1204/1204 1073/1073 1074/1074
f 1073/1073 1205/1205 1075/1075
f 1203/1203 1205/1205 1073/1073
f 1075/1075 1206/1206 1076/1076
f 1205/1205 1206/1206 1075/1075
f 1076/1076 1207/1207 1077/1077
f 1206/1206 1207/1207 1076/1076
f 1077/1077 1208/1208 1078/1078
f 1207/1207 1208/1208 1077/1077
f 1078/1078 1209/1209 1079/1079
f 1208/1208 1209/1209 1078/1078
f 1079/1079 1210/1210 1080/1080
f 1209/1209 1210/1210 1079/1079
f 1080/1080 1211/1211 1081/1081
f 1210/1210 1211/1211 1080/1080
f 1081/1081 1212/1212 1082/1082
f 1211/1211 1212/1212 1081/1081
f 1082/1082 1213/1213 1083/1083
f 1212/1212 1213/1213 1082/1082
f 1083/1083 1214/1214 1084/1084
f 1213/1213 1214/1214 1083/1083
f 1084/1084 1215/1215 1085/1085
f 1214/1214 1215/1215 1084/1084
f 1085/1085 1216/1216 1086/1086
f 1215/1215 1216/1216 1085/1085
f 1086/1086 1217/1217 1087/1087
f 1216/1216 1217/1217 1086/1086
f 1087/1087 1218/1218 1088/1088
f 1217/1217 1218/1218 1087/1087
f 1088/1088 1219/1219 1089/1089
f 1218/1218 1219/1219 1088/1088
f 1089/1089 1220/1220 1090/1090
f 1219/1219 1220/1220 1089/1089
f 1090/1090 1221/1221 1091/1091
f 1220/1220 1221/1221 1090/1090
f 1092/1092 1091/1091 1221/1221
f 1092/1092 1221/1221 1222/1222
f 1093/1093 1204/1204 1074/1074
f 1093/1093 1223/1223 1204/1204
f 1222/1222 1094/1094 1092/1092
f 1224/1224 1094/1094 1222/1222
f 1095/1095 1223/1223 1093/1093
f 1095/1095 1225/1225 1223/1223
f 1227/1227 1096/1096 1226/1226
f 1096/1096 1224/1224 1226/1226
f 1096/1096 1094/1094 1224/1224
f 1228/1228 1227/1227 1226/1226
f 1097/1097 1225/1225 1095/1095
f 1097/1097 1229/1229 1225/1225
f 1230/1230 1098/1098 1227/1227
f 1227/1227 1098/1098 1096/1096
f 1227/1227 1228/1228 1231/1231
f 1227/1227 1231/1231 1230/1230
f 1099/1099 1229/1229 1097/1097
f 1099/1099 1232/1232 1229/1229
f 1234/1234 1233/1233 1230/1230
f 1233/1233 1098/1098 1230/1230
f 1233/1233 1100/1100 1098/1098
f 1234/1234 1230/1230 1231/1231
f 1101/1101 1232/1232 1099/1099
f 1101/1101 1235/1235 1232/1232
f 1237/1237 1236/1236 1104/1104
f 1104/1104 1236/1236 1103/1103
f 1104/1104 1100/1100 1233/1233
f 1104/1104 1233/1233 1237/1237
f 1105/1105 1235/1235 1101/1101
f 1105/1105 1238/1238 1235/1235
f 1240/1240 1239/1239 1107/1107
f 1107/1107 1239/1239 1106/1106
f 1107/1107 1103/1103 1236/1236
f 1107/1107 1236/1236 1240/1240
f 1108/1108 1238/1238 1105/1105
f 1108/1108 1241/1241 1238/1238
f 1239/1239 1109/1109 1106/1106
f 1242/1242 1109/1109 1239/1239
f 1110/1110 1241/1241 1108/1108
f 1110/1110 1243/1243 1241/1241
f 1245/1245 1244/1244 1112/1112
f 1112/1112 1244/1244 1111/1111
f 1112/1112 1109/1109 1242/1242
f 1112/1112 1242/1242 1245/1245
f 1113/1113 1243/1243 1110/1110
f 1113/1113 1246/1246 1243/1243
f 1244/1244 1114/1114 1111/1111
f 1247/1247 1114/1114 1244/1244
f 1115/1115 1246/1246 1113/1113
f 1115/1115 1248/1248 1246/1246
f 1250/1250 1249/1249 1117/1117
f 1117/1117 1249/1249 1116/1116
f 1117/1117 1114/1114 1247/1247
f 1117/1117 1247/1247 1250/1250
f 1118/1118 1248/1248 1115/1115
f 1118/1118 1251/1251 1248/1248
f 1249/1249 1119/1119 1116/1116
f 1252/1252 1119/1119 1249/1249
f 1120/1120 1251/1251 1118/1118
f 1120/1120 1253/1253 1251/1251
f 1255/1255 1254/1254 1122/1122
f 1122/1122 1254/1254 1121/1121
f 1122/1122 1119/1119 1252/1252
f 1122/1122 1252/1252 1255/1255
f 1123/1123 1253/1253 1120/1120
f 1123/1123 1256/1256 1253/1253
f 1257/1257 1124/1124 1125/1125
f 1258/1258 1257/1257 1125/1125
f 1121/1121 1258/1258 1125/1125
f 1254/1254 1258/1258 1121/1121
f 1126/1126 1256/1256 1123/1123
f 1126/1126 1259/1259 1256/1256
f 1261/1261 1260/1260 1257/1257
f 1260/1260 1124/1124 1257/1257
f 1260/1260 1128/1128 1124/1124
f 1261/1261 1257/1257 1258/1258
f 1129/1129 1259/1259 1126/1126
f 1129/1129 1262/1262 1259/1259
f 1263/1263 1130/1130 1131/1131
f 1264/1264 1263/1263 1131/1131
f 1128/1128 1264/1264 1131/1131
f 1260/1260 1264/1264 1128/1128
f 1132/1132 1262/1262 1129/1129
f 1132/1132 1265/1265 1262/1262
f 1267/1267 1266/1266 1263/1263
f 1266/1266 1130/1130 1263/1263
f 1266/1266 1133/1133 1130/1130
f 1267/1267 1263/1263 1264/1264
f 1134/1134 1265/1265 1132/1132
f 1134/1134 1268/1268 1265/1265
f 1269/1269 1135/1135 1136/1136
f 1270/1270 1269/1269 1136/1136
f 1133/1133 1270/1270 1136/1136
f 1266/1266 1270/1270 1133/1133
f 1137/1137 1268/1268 1134/1134
f 1137/1137 1271/1271 1268/1268
f 1273/1273 1272/1272 1269/1269
f 1272/1272 1135/1135 1269/1269
f 1272/1272 1139/1139 1135/1135
f 1273/1273 1269/1269 1270/1270
f 1140/1140 1271/1271 1137/1137
f 1140/1140 1274/1274 1271/1271
f 1276/1276 1275/1275 1142/1142
f 1142/1142 1275/1275 1141/1141
f 1142/1142 1139/1139 1272/1272
f 1142/1142 1272/1272 1276/1276
f 1143/1143 1274/1274 1140/1140
f 1143/1143 1277/1277 1274/1274
f 1275/1275 1145/1145 1141/1141
f 1278/1278 1145/1145 1275/1275
f 1146/1146 1277/1277 1143/1143
f 1146/1146 1279/1279 1277/1277
f 1281/1281 1280/1280 1149/1149
f 1149/1149 1280/1280 1148/1148
f 1149/1149 1145/1145 1278/1278
f 1149/1149 1278/1278 1281/1281
f 1150/1150 1279/1279 1146/1146
f 1150/1150 1282/1282 1279/1279
f 1280/1280 1152/1152 1148/1148
f 1283/1283 1152/1152 1280/1280
f 1153/1153 1282/1282 1150/1150
f 1153/1153 1284/1284 1282/1282
f 1286/1286 1285/1285 1155/1155
f 1155/1155 1285/1285 1154/1154
f 1155/1155 1152/1152 1283/1283
f 1155/1155 1283/1283 1286/1286
f 1156/1156 1284/1284 1153/1153
f 1156/1156 1287/1287 1284/1284
f 1285/1285 1158/1158 1154/1154
f 1288/1288 1158/1158 1285/1285
f 1159/1159 1287/1287 1156/1156
f 1159/1159 1289/1289 1287/1287
f 1290/1290 1160/1160 1161/1161
f 1291/1291 1290/1290 1161/1161
f 1158/1158 1291/1291 1161/1161
f 1288/1288 1291/1291 1158/1158
f 1162/1162 1289/1289 1159/1159
f 1162/1162 1292/1292 1289/1289
f 1293/1293 1163/1163 1164/1164
f 1294/1294 1293/1293 1164/1164
f 1294/1294 1164/1164 1160/1160
f 1295/1295 1294/1294 1160/1160
f 1290/1290 1295/1295 1160/1160
f 1295/1295 1290/1290 1291/1291
f 1165/1165 1292/1292 1162/1162
f 1165/1165 1296/1296 1292/1292
f 1298/1298 1297/1297 1293/1293
f 1297/1297 1163/1163 1293/1293
f 1297/1297 1167/1167 1163/1163
f 1298/1298 1293/1293 1294/1294
f 1168/1168 1296/1296 1165/1165
f 1168/1168 1299/1299 1296/1296
f 1297/1297 1170/1170 1167/1167
f 1300/1300 1170/1170 1297/1297
f 1171/1171 1299/1299 1168/1168
f 1171/1171 1301/1301 1299/1299
f 1303/1303 1302/1302 1173/1173
f 1173/1173 1302/1302 1172/1172
f 1173/1173 1170/1170 1300/1300
f 1173/1173 1300/1300 1303/1303
f 1174/1174 1301/1301 1171/1171
f 1174/1174 1304/1304 1301/1301
f 1305/1305 1175/1175 1176/1176
f 1306/1306 1305/1305 1176/1176
f 1172/1172 1306/1306 1176/1176
f 1302/1302 1306/1306 1172/1172
f 1177/1177 1304/1304 1174/1174
f 1177/1177 1307/1307 1304/1304
f 1309/1309 1308/1308 1305/1305
f 1308/1308 1175/1175 1305/1305
f 1308/1308 1179/1179 1175/1175
f 1309/1309 1305/1305 1306/1306
f 1180/1180 1307/1307 1177/1177
f 1180/1180 1310/1310 1307/1307
f 1311/1311 1182/1182 1183/1183
f 1312/1312 1311/1311 1183/1183
f 1179/1179 1312/1312 1183/1183
f 1308/1308 1312/1312 1179/1179
f 1184/1184 1310/1310 1180/1180
f 1184/1184 1313/1313 1310/1310
f 1314/1314 1187/1187 1185/1185
f 1315/1315 1314/1314 1185/1185
f 1315/1315 1185/1185 1182/1182
f 1316/1316 1315/1315 1182/1182
f 1311/1311 1316/1316 1182/1182
f 1316/1316 1311/1311 1312/1312
f 1188/1188 1313/1313 1184/1184
f 1188/1188 1317/1317 1313/1313
f 1189/1189 1187/1187 1314/1314
f 1320/1320 1319/1319 1318/1318
f 1315/1315 1318/1318 1319/1319
f 1190/1190 1315/1315 1319/1319
f 1315/1315 1189/1189 1314/1314
f 1315/1315 1190/1190 1189/1189
f 1191/1191 1317/1317 1188/1188
f 1191/1191 1321/1321 1317/1317
f 1320/1320 1322/1322 1319/1319
f 1190/1190 1319/1319 1322/1322
f 1323/1323 1190/1190 1322/1322
f 1192/1192 1190/1190 1323/1323
f 1193/1193 1321/1321 1191/1191
f 1193/1193 1324/1324 1321/1321
f 1323/1323 1194/1194 1192/1192
f 1325/1325 1194/1194 1323/1323
f 1195/1195 1324/1324 1193/1193
f 1195/1195 1326/1326 1324/1324
f 1325/1325 1196/1196 1194/1194
f 1327/1327 1196/1196 1325/1325
f 1197/1197 1326/1326 1195/1195
f 1197/1197 1328/1328 1326/1326
f 1327/1327 1198/1198 1196/1196
f 1329/1329 1198/1198 1327/1327
f 1199/1199 1328/1328 1197/1197
f 1199/1199 1330/1330 1328/1328
f 1329/1329 1200/1200 1198/1198
f 1331/1331 1200/1200 1329/1329
f 1332/1332 1330/1330 1199/1199
f 1332/1332 1199/1199 1201/1201
f 1333/1333 1201/1201 1202/1202
f 1333/1333 1332/1332 1201/1201
f 1202/1202 1200/1200 1331/1331
f 1202/1202 1331/1331 1333/1333
f 1335/1335 1334/1334 1203/1203
f 1335/1335 1203/1203 1204/1204
f 1203/1203 1336/1336 1205/1205
f 1334/1334 1336/1336 1203/1203
f 1205/1205 1337/1337 1206/1206
f 1336/1336 1337/1337 1205/1205
f 1206/1206 1338/1338 1207/1207
f 1337/1337 1338/1338 1206/1206
f 1207/1207 1339/1339 1208/1208
f 1338/1338 1339/1339 1207/1207
f 1208/1208 1340/1340 1209/1209
f 1339/1339 1340/1340 1208/1208
f 1209/1209 1341/1341 1210/1210
f 1340/1340 1341/1341 1209/1209
f 1210/1210 1342/1342 1211/1211
f 1341/1341 1342/1342 1210/1210
f 1211/1211 1343/1343 1212/1212
f 1342/1342 1343/1343 1211/1211
f 1212/1212 1344/1344 1213/1213
f 1343/1343 1344/1344 1212/1212
f 1213/1213 1345/1345 1214/1214
f 1344/1344 1345/1345 1213/1213
f 1214/1214 1346/1346 1215/1215
f 1345/1345 1346/1346 1214/1214
f 1215/1215 1347/1347 1216/1216
f 1346/1346 1347/1347 1215/1215
f 1216/1216 1348/1348 1217/1217
f 1347/1347 1348/1348 1216/1216
f 1217/1217 1349/1349 1218/1218
f 1348/1348 1349/1349 1217/1217
f 1218/1218 1350/1350 1219/1219
f 1349/1349 1350/1350 1218/1218
f 1219/1219 1351/1351 1220/1220
f 1350/1350 1351/1351 1219/1219
f 1220/1220 1352/1352 1221/1221
f 1351/1351 1352/1352 1220/1220
f 1222/1222 1221/1221 1352/1352
f 1222/1222 1352/1352 1353/1353
f 1223/1223 1335/1335 1204/1204
f 1223/1223 1354/1354 1335/1335
f 1353/1353 1224/1224 1222/1222
f 1355/1355 1224/1224 1353/1353
f 1225/1225 1354/1354 1223/1223
f 1225/1225 1356/1356 1354/1354
f 1355/1355 1357/1357 1224/1224
f 1224/1224 1357/1357 1226/1226
f 1228/1228 1226/1226 1357/1357
f 1228/1228 1357/1357 1358/1358
f 1229/1229 1356/1356 1225/1225
f 1229/1229 1359/1359 1356/1356
f 1358/1358 1231/1231 1228/1228
f 1360/1360 1231/1231 1358/1358
f 1232/1232 1359/1359 1229/1229
f 1232/1232 1361/1361 1359/1359
f 1362/1362 1233/1233 1234/1234
f 1363/1363 1362/1362 1234/1234
f 1231/1231 1363/1363 1234/1234
f 1360/1360 1363/1363 1231/1231
f 1235/1235 1361/1361 1232/1232
f 1235/1235 1364/1364 1361/1361
f 1366/1366 1365/1365 1237/1237
f 1237/1237 1365/1365 1236/1236
f 1237/1237 1233/1233 1362/1362
f 1367/1367 1237/1237 1362/1362
f 1366/1366 1237/1237 1367/1367
f 1367/1367 1362/1362 1363/1363
f 1238/1238 1364/1364 1235/1235
f 1238/1238 1368/1368 1364/1364
f 1370/1370 1369/1369 1240/1240
f 1240/1240 1369/1369 1239/1239
f 1240/1240 1236/1236 1365/1365
f 1240/1240 1365/1365 1370/1370
f 1241/1241 1368/1368 1238/1238
f 1241/1241 1371/1371 1368/1368
f 1369/1369 1242/1242 1239/1239
f 1372/1372 1242/1242 1369/1369
f 1243/1243 1371/1371 1241/1241
f 1243/1243 1373/1373 1371/1371
f 1375/1375 1374/1374 1245/1245
f 1245/1245 1374/1374 1244/1244
f 1245/1245 1242/1242 1372/1372
f 1245/1245 1372/1372 1375/1375
f 1246/1246 1373/1373 1243/1243
f 1246/1246 1376/1376 1373/1373
f 1374/1374 1247/1247 1244/1244
f 1377/1377 1247/1247 1374/1374
f 1248/1248 1376/1376 1246/1246
f 1248/1248 1378/1378 1376/1376
f 1380/1380 1379/1379 1250/1250
f 1250/1250 1379/1379 1249/1249
f 1250/1250 1247/1247 1377/1377
f 1250/1250 1377/1377 1380/1380
f 1251/1251 1378/1378 1248/1248
f 1251/1251 1381/1381 1378/1378
f 1379/1379 1252/1252 1249/1249
f 1382/1382 1252/1252 1379/1379
f 1253/1253 1381/1381 1251/1251
f 1253/1253 1383/1383 1381/1381
f 1385/1385 1384/1384 1255/1255
f 1255/1255 1384/1384 1254/1254
f 1255/1255 1252/1252 1382/1382
f 1255/1255 1382/1382 1385/1385
f 1256/1256 1383/1383 1253/1253
f 1256/1256 1386/1386 1383/1383
f 1384/1384 1258/1258 1254/1254
f 1387/1387 1258/1258 1384/1384
f 1259/1259 1386/1386 1256/1256
f 1259/1259 1388/1388 1386/1386
f 1390/1390 1389/1389 1261/1261
f 1261/1261 1389/1389 1260/1260
f 1261/1261 1258/1258 1387/1387
f 1261/1261 1387/1387 1390/1390
f 1262/1262 1388/1388 1259/1259
f 1262/1262 1391/1391 1388/1388
f 1389/1389 1264/1264 1260/1260
f 1392/1392 1264/1264 1389/1389
f 1265/1265 1391/1391 1262/1262
f 1265/1265 1393/1393 1391/1391
f 1394/1394 1266/1266 1267/1267
f 1395/1395 1394/1394 1267/1267
f 1264/1264 1395/1395 1267/1267
f 1392/1392 1395/1395 1264/1264
f 1268/1268 1393/1393 1265/1265
f 1268/1268 1396/1396 1393/1393
f 1398/1398 1397/1397 1394/1394
f 1397/1397 1266/1266 1394/1394
f 1397/1397 1270/1270 1266/1266
f 1398/1398 1394/1394 1395/1395
f 1271/1271 1396/1396 1268/1268
f 1271/1271 1399/1399 1396/1396
f 1401/1401 1400/1400 1273/1273
f 1273/1273 1400/1400 1272/1272
f 1273/1273 1270/1270 1397/1397
f 1273/1273 1397/1397 1401/1401
f 1274/1274 1399/1399 1271/1271
f 1274/1274 1402/1402 1399/1399
f 1403/1403 1275/1275 1276/1276
f 1404/1404 1403/1403 1276/1276
f 1272/1272 1404/1404 1276/1276
f 1400/1400 1404/1404 1272/1272
f 1277/1277 1402/1402 1274/1274
f 1277/1277 1405/1405 1402/1402
f 1407/1407 1406/1406 1403/1403
f 1406/1406 1275/1275 1403/1403
f 1406/1406 1278/1278 1275/1275
f 1407/1407 1403/1403 1404/1404
f 1279/1279 1405/1405 1277/1277
f 1279/1279 1408/1408 1405/1405
f 1409/1409 1280/1280 1281/1281
f 1410/1410 1409/1409 1281/1281
f 1278/1278 1410/1410 1281/1281
f 1406/1406 1410/1410 1278/1278
f 1282/1282 1408/1408 1279/1279
f 1282/1282 1411/1411 1408/1408
f 1413/1413 1412/1412 1409/1409
f 1412/1412 1280/1280 1409/1409
f 1412/1412 1283/1283 1280/1280
f 1413/1413 1409/1409 1410/1410
f 1284/1284 1411/1411 1282/1282
f 1284/1284 1414/1414 1411/1411
f 1415/1415 1285/1285 1286/1286
f 1416/1416 1415/1415 1286/1286
f 1283/1283 1416/1416 1286/1286
f 1412/1412 1416/1416 1283/1283
f 1287/1287 1414/1414 1284/1284
f 1287/1287 1417/1417 1414/1414
f 1419/1419 1418/1418 1415/1415
f 1418/1418 1285/1285 1415/1415
f 1418/1418 1288/1288 1285/1285
f 1419/1419 1415/1415 1416/1416
f 1289/1289 1417/1417 1287/1287
f 1289/1289 1420/1420 1417/1417
f 1418/1418 1291/1291 1288/1288
f 1421/1421 1291/1291 1418/1418
f 1292/1292 1420/1420 1289/1289
f 1292/1292 1422/1422 1420/1420
f 1424/1424 1423/1423 1295/1295
f 1295/1295 1423/1423 1294/1294
f 1295/1295 1291/1291 1421/1421
f 1295/1295 1421/1421 1424/1424
f 1296/1296 1422/1422 1292/1292
f 1296/1296 1425/1425 1422/1422
f 1426/1426 1297/1297 1298/1298
f 1427/1427 1426/1426 1298/1298
f 1294/1294 1427/1427 1298/1298
f 1423/1423 1427/1427 1294/1294
f 1299/1299 1425/1425 1296/1296
f 1299/1299 1428/1428 1425/1425
f 1430/1430 1429/1429 1426/1426
f 1429/1429 1297/1297 1426/1426
f 1429/1429 1300/1300 1297/1297
f 1430/1430 1426/1426 1427/1427
f 1301/1301 1428/1428 1299/1299
f 1301/1301 1431/1431 1428/1428
f 1433/1433 1432/1432 1303/1303
f 1303/1303 1432/1432 1302/1302
f 1303/1303 1300/1300 1429/1429
f 1303/1303 1429/1429 1433/1433
f 1304/1304 1431/1431 1301/1301
f 1304/1304 1434/1434 1431/1431
f 1432/1432 1306/1306 1302/1302
f 1435/1435 1306/1306 1432/1432
f 1307/1307 1434/1434 1304/1304
f 1307/1307 1436/1436 1434/1434
f 1437/1437 1308/1308 1309/1309
f 1438/1438 1437/1437 1309/1309
f 1306/1306 1438/1438 1309/1309
f 1435/1435 1438/1438 1306/1306
f 1310/1310 1436/1436 1307/1307
f 1310/1310 1439/1439 1436/1436
f 1441/1441 1440/1440 1437/1437
f 1440/1440 1308/1308 1437/1437
f 1440/1440 1312/1312 1308/1308
f 1441/1441 1437/1437 1438/1438
f 1313/1313 1439/1439 1310/1310
f 1313/1313 1442/1442 1439/1439
f 1443/1443 1315/1315 1316/1316
f 1444/1444 1443/1443 1316/1316
f 1312/1312 1444/1444 1316/1316
f 1440/1440 1444/1444 1312/1312
f 1317/1317 1442/1442 1313/1313
f 1317/1317 1445/1445 1442/1442
f 1447/1447 1446/1446 1318/1318
f 1318/1318 1446/1446 1320/1320
f 1318/1318 1315/1315 1443/1443
f 1448/1448 1318/1318 1443/1443
f 1447/1447 1318/1318 1448/1448
f 1448/1448 1443/1443 1444/1444
f 1321/1321 1445/1445 1317/1317
f 1321/1321 1449/1449 1445/1445
f 1446/1446 1450/1450 1320/1320
f 1320/1320 1450/1450 1322/1322
f 1323/1323 1322/1322 1450/1450
f 1323/1323 1450/1450 1451/1451
f 1324/1324 1449/1449 1321/1321
f 1324/1324 1452/1452 1449/1449
f 1451/1451 1325/1325 1323/1323
f 1453/1453 1325/1325 1451/1451
f 1326/1326 1452/1452 1324/1324
f 1326/1326 1454/1454 1452/1452
f 1453/1453 1327/1327 1325/1325
f 1455/1455 1327/1327 1453/1453
f 1328/1328 1454/1454 1326/1326
f 1328/1328 1456/1456 1454/1454
f 1455/1455 1329/1329 1327/1327
f 1457/1457 1329/1329 1455/1455
f 1330/1330 1456/1456 1328/1328
f 1330/1330 1458/1458 1456/1456
f 1457/1457 1331/1331 1329/1329
f 1459/1459 1331/1331 1457/1457
f 1460/1460 1458/1458 1330/1330
f 1460/1460 1330/1330 1332/1332
f 1461/1461 1332/1332 1333/1333
f 1461/1461 1460/1460 1332/1332
f 1333/1333 1331/1331 1459/1459
f 1333/1333 1459/1459 1461/1461
f 1463/1463 1462/1462 1334/1334
f 1463/1463 1334/1334 1335/1335
f 1334/1334 1464/1464 1336/1336
f 1462/1462 1464/1464 1334/1334
f 1336/1336 1465/1465 1337/1337
f 1464/1464 1465/1465 1336/1336
f 1337/1337 1466/1466 1338/1338
f 1465/1465 1466/1466 1337/1337
f 1338/1338 1467/1467 1339/1339
f 1466/1466 1467/1467 1338/1338
f 1339/1339 1468/1468 1340/1340
f 1467/1467 1468/1468 1339/1339
f 1340/1340 1469/1469 1341/1341
f 1468/1468 1469/1469 1340/1340
f 1341/1341 1470/1470 1342/1342
f 1469/1469 1470/1470 1341/1341
f 1342/1342 1471/1471 1343/1343
f 1470/1470 1471/1471 1342/1342
f 1343/1343 1472/1472 1344/1344
f 1471/1471 1472/1472 1343/1343
f 1344/1344 1473/1473 1345/1345
f 1472/1472 1473/1473 1344/1344
f 1345/1345 1474/1474 1346/1346
f 1473/1473 1474/1474 1345/1345
f 1346/1346 1475/1475 1347/1347
f 1474/1474 1475/1475 1346/1346
f 1347/1347 1476/1476 1348/1348
f 1475/1475 1476/1476 1347/1347
f 1348/1348 1477/1477 1349/1349
f 1476/1476 1477/1477 1348/1348
f 1349/1349 1478/1478 1350/1350
f 1477/1477 1478/1478 1349/1349
f 1350/1350 1479/1479 1351/1351
f 1478/1478 1479/1479 1350/1350
f 1351/1351 1480/1480 1352/1352
f 1479/1479 1480/1480 1351/1351
f 1353/1353 1352/1352 1480/1480
f 1353/1353 1480/1480 1481/1481
f 1354/1354 1463/1463 1335/1335
f 1354/1354 1482/1482 1463/1463
f 1481/1481 1355/1355 1353/1353
f 1483/1483 1355/1355 1481/1481
f 1356/1356 1482/1482 1354/1354
f 1356/1356 1484/1484 1482/1482
f 1483/1483 1485/1485 1355/1355
f 1355/1355 1485/1485 1357/1357
f 1358/1358 1357/1357 1485/1485
f 1358/1358 1485/1485 1486/1486
f 1359/1359 1484/1484 1356/1356
f 1359/1359 1487/1487 1484/1484
f 1486/1486 1360/1360 1358/1358
f 1488/1488 1360/1360 1486/1486
f 1361/1361 1487/1487 1359/1359
f 1361/1361 1489/1489 1487/1487
f 1488/1488 1363/1363 1360/1360
f 1490/1490 1363/1363 1488/1488
f 1364/1364 1489/1489 1361/1361
f 1364/1364 1491/1491 1489/1489
f 1492/1492 1365/1365 1366/1366
f 1492/1492 1366/1366 1493/1493
f 1366/1366 1494/1494 1493/1493
f 1366/1366 1367/1367 1494/1494
f 1367/1367 1363/1363 1490/1490
f 1367/1367 1490/1490 1494/1494
f 1368/1368 1491/1491 1364/1364
f 1368/1368 1495/1495 1491/1491
f 1496/1496 1369/1369 1370/1370
f 1497/1497 1496/1496 1370/1370
f 1497/1497 1370/1370 1365/1365
f 1498/1498 1497/1497 1365/1365
f 1492/1492 1498/1498 1365/1365
f 1498/1498 1492/1492 1493/1493
f 1371/1371 1495/1495 1368/1368
f 1371/1371 1499/1499 1495/1495
f 1500/1500 1372/1372 1496/1496
f 1496/1496 1372/1372 1369/1369
f 1496/1496 1497/1497 1501/1501
f 1496/1496 1501/1501 1500/1500
f 1373/1373 1499/1499 1371/1371
f 1373/1373 1502/1502 1499/1499
f 1504/1504 1503/1503 1375/1375
f 1375/1375 1503/1503 1374/1374
f 1375/1375 1372/1372 1500/1500
f 1505/1505 1375/1375 1500/1500
f 1504/1504 1375/1375 1505/1505
f 1505/1505 1500/1500 1501/1501
f 1376/1376 1502/1502 1373/1373
f 1376/1376 1506/1506 1502/1502
f 1503/1503 1377/1377 1374/1374
f 1507/1507 1377/1377 1503/1503
f 1378/1378 1506/1506 1376/1376
f 1378/1378 1508/1508 1506/1506
f 1509/1509 1379/1379 1380/1380
f 1510/1510 1509/1509 1380/1380
f 1377/1377 1510/1510 1380/1380
f 1507/1507 1510/1510 1377/1377
f 1381/1381 1508/1508 1378/1378
f 1381/1381 1511/1511 1508/1508
f 1512/1512 1382/1382 1509/1509
f 1509/1509 1382/1382 1379/1379
f 1509/1509 1510/1510 1513/1513
f 1509/1509 1513/1513 1512/1512
f 1383/1383 1511/1511 1381/1381
f 1383/1383 1514/1514 1511/1511
f 1515/1515 1384/1384 1385/1385
f 1516/1516 1515/1515 1385/1385
f 1516/1516 1385/1385 1382/1382
f 1517/1517 1516/1516 1382/1382
f 1512/1512 1517/1517 1382/1382
f 1517/1517 1512/1512 1513/1513
f 1386/1386 1514/1514 1383/1383
f 1386/1386 1518/1518 1514/1514
f 1520/1520 1519/1519 1515/1515
f 1519/1519 1384/1384 1515/1515
f 1519/1519 1387/1387 1384/1384
f 1520/1520 1515/1515 1516/1516
f 1388/1388 1518/1518 1386/1386
f 1388/1388 1521/1521 1518/1518
f 1522/1522 1389/1389 1390/1390
f 1523/1523 1522/1522 1390/1390
f 1387/1387 1523/1523 1390/1390
f 1519/1519 1523/1523 1387/1387
f 1391/1391 1521/1521 1388/1388
f 1391/1391 1524/1524 1521/1521
f 1525/1525 1392/1392 1522/1522
f 1522/1522 1392/1392 1389/1389
f 1522/1522 1523/1523 1526/1526
f 1522/1522 1526/1526 1525/1525
f 1393/1393 1524/1524 1391/1391
f 1393/1393 1527/1527 1524/1524
f 1529/1529 1528/1528 1525/1525
f 1528/1528 1392/1392 1525/1525
f 1528/1528 1395/1395 1392/1392
f 1529/1529 1525/1525 1526/1526
f 1396/1396 1527/1527 1393/1393
f 1396/1396 1530/1530 1527/1527
f 1532/1532 1531/1531 1398/1398
f 1398/1398 1531/1531 1397/1397
f 1398/1398 1395/1395 1528/1528
f 1398/1398 1528/1528 1532/1532
f 1399/1399 1530/1530 1396/1396
f 1399/1399 1533/1533 1530/1530
f 1534/1534 1400/1400 1401/1401
f 1535/1535 1534/1534 1401/1401
f 1397/1397 1535/1535 1401/1401
f 1531/1531 1535/1535 1397/1397
f 1402/1402 1533/1533 1399/1399
f 1402/1402 1536/1536 1533/1533
f 1538/1538 1537/1537 1534/1534
f 1537/1537 1400/1400 1534/1534
f 1537/1537 1404/1404 1400/1400
f 1538/1538 1534/1534 1535/1535
f 1405/1405 1536/1536 1402/1402
f 1405/1405 1539/1539 1536/1536
f 1540/1540 1406/1406 1407/1407
f 1541/1541 1540/1540 1407/1407
f 1404/1404 1541/1541 1407/1407
f 1537/1537 1541/1541 1404/1404
f 1408/1408 1539/1539 1405/1405
f 1408/1408 1542/1542 1539/1539
f 1543/1543 1410/1410 1540/1540
f 1540/1540 1410/1410 1406/1406
f 1540/1540 1541/1541 1544/1544
f 1540/1540 1544/1544 1543/1543
f 1411/1411 1542/1542 1408/1408
f 1411/1411 1545/1545 1542/1542
f 1547/1547 1546/1546 1413/1413
f 1413/1413 1546/1546 1412/1412
f 1413/1413 1410/1410 1543/1543
f 1548/1548 1413/1413 1543/1543
f 1547/1547 1413/1413 1548/1548
f 1548/1548 1543/1543 1544/1544
f 1414/1414 1545/1545 1411/1411
f 1414/1414 1549/1549 1545/1545
f 1546/1546 1416/1416 1412/1412
f 1550/1550 1416/1416 1546/1546
f 1417/1417 1549/1549 1414/1414
f 1417/1417 1551/1551 1549/1549
f 1552/1552 1418/1418 1419/1419
f 1553/1553 1552/1552 1419/1419
f 1416/1416 1553/1553 1419/1419
f 1550/1550 1553/1553 1416/1416
f 1420/1420 1551/1551 1417/1417
f 1420/1420 1554/1554 1551/1551
f 1556/1556 1555/1555 1552/1552
f 1555/1555 1418/1418 1552/1552
f 1555/1555 1421/1421 1418/1418
f 1556/1556 1552/1552 1553/1553
f 1422/1422 1554/1554 1420/1420
f 1422/1422 1557/1557 1554/1554
f 1559/1559 1558/1558 1424/1424
f 1424/1424 1558/1558 1423/1423
f 1424/1424 1421/1421 1555/1555
f 1424/1424 1555/1555 1559/1559
f 1425/1425 1557/1557 1422/1422
f 1425/1425 1560/1560 1557/1557
f 1558/1558 1427/1427 1423/1423
f 1561/1561 1427/1427 1558/1558
f 1428/1428 1560/1560 1425/1425
f 1428/1428 1562/1562 1560/1560
f 1563/1563 1429/1429 1430/1430
f 1564/1564 1563/1563 1430/1430
f 1427/1427 1564/1564 1430/1430
f 1561/1561 1564/1564 1427/1427
f 1431/1431 1562/1562 1428/1428
f 1431/1431 1565/1565 1562/1562
f 1566/1566 1432/1432 1433/1433
f 1567/1567 1566/1566 1433/1433
f 1567/1567 1433/1433 1429/1429
f 1568/1568 1567/1567 1429/1429
f 1563/1563 1568/1568 1429/1429
f 1568/1568 1563/1563 1564/1564
f 1434/1434 1565/1565 1431/1431
f 1434/1434 1569/1569 1565/1565
f 1570/1570 1435/1435 1566/1566
f 1566/1566 1435/1435 1432/1432
f 1566/1566 1567/1567 1571/1571
f 1566/1566 1571/1571 1570/1570
f 1436/1436 1569/1569 1434/1434
f 1436/1436 1572/1572 1569/1569
f 1574/1574 1573/1573 1570/1570
f 1573/1573 1435/1435 1570/1570
f 1573/1573 1438/1438 1435/1435
f 1574/1574 1570/1570 1571/1571
f 1439/1439 1572/1572 1436/1436
f 1439/1439 1575/1575 1572/1572
f 1576/1576 1440/1440 1441/1441
f 1577/1577 1576/1576 1441/1441
f 1438/1438 1577/1577 1441/1441
f 1573/1573 1577/1577 1438/1438
f 1442/1442 1575/1575 1439/1439
f 1442/1442 1578/1578 1575/1575
f 1580/1580 1579/1579 1576/1576
f 1579/1579 1440/1440 1576/1576
f 1579/1579 1444/1444 1440/1440
f 1580/1580 1576/1576 1577/1577
f 1445/1445 1578/1578 1442/1442
f 1445/1445 1581/1581 1578/1578
f 1582/1582 1446/1446 1447/1447
f 1448/1448 1583/1583 1447/1447
f 1447/1447 1583/1583 1582/1582
f 1584/1584 1583/1583 1448/1448
f 1444/1444 1584/1584 1448/1448
f 1579/1579 1584/1584 1444/1444
f 1449/1449 1581/1581 1445/1445
f 1449/1449 1585/1585 1581/1581
f 1450/1450 1446/1446 1582/1582
f 1588/1588 1587/1587 1586/1586
f 1451/1451 1589/1589 1586/1586
f 1587/1587 1451/1451 1586/1586
f 1451/1451 1583/1583 1589/1589
f 1582/1582 1451/1451 1450/1450
f 1451/1451 1582/1582 1583/1583
f 1589/1589 1583/1583 1584/1584
f 1452/1452 1585/1585 1449/1449
f 1452/1452 1590/1590 1585/1585
f 1587/1587 1588/1588 1591/1591
f 1591/1591 1588/1588 1592/1592
f 1591/1591 1453/1453 1451/1451
f 1591/1591 1451/1451 1587/1587
f 1454/1454 1590/1590 1452/1452
f 1454/1454 1593/1593 1590/1590
f 1592/1592 1594/1594 1591/1591
f 1453/1453 1591/1591 1594/1594
f 1595/1595 1453/1453 1594/1594
f 1455/1455 1453/1453 1595/1595
f 1456/1456 1593/1593 1454/1454
f 1456/1456 1596/1596 1593/1593
f 1595/1595 1457/1457 1455/1455
f 1597/1597 1457/1457 1595/1595
f 1458/1458 1596/1596 1456/1456
f 1458/1458 1598/1598 1596/1596
f 1597/1597 1459/1459 1457/1457
f 1599/1599 1459/1459 1597/1597
f 1600/1600 1598/1598 1458/1458
f 1600/1600 1458/1458 1460/1460
f 1601/1601 1460/1460 1461/1461
f 1601/1601 1600/1600 1460/1460
f 1461/1461 1459/1459 1599/1599
f 1461/1461 1599/1599 1601/1601
f 1603/1603 1602/1602 1462/1462
f 1603/1603 1462/1462 1463/1463
f 1462/1462 1604/1604 1464/1464
f 1602/1602 1604/1604 1462/1462
f 1464/1464 1605/1605 1465/1465
f 1604/1604 1605/1605 1464/1464
f 1465/1465 1606/1606 1466/1466
f 1605/1605 1606/1606 1465/1465
f 1466/1466 1607/1607 1467/1467
f 1606/1606 1607/1607 1466/1466
f 1467/1467 1608/1608 1468/1468
f 1607/1607 1608/1608 1467/1467
f 1468/1468 1609/1609 1469/1469
f 1608/1608 1609/1609 1468/1468
f 1469/1469 1610/1610 1470/1470
f 1609/1609 1610/1610 1469/1469
f 1470/1470 1611/1611 1471/1471
f 1610/1610 1611/1611 1470/1470
f 1471/1471 1612/1612 1472/1472
f 1611/1611 1612/1612 1471/1471
f 1472/1472 1613/1613 1473/1473
f 1612/1612 1613/1613 1472/1472
f 1473/1473 1614/1614 1474/1474
f 1613/1613 1614/1614 1473/1473
f 1474/1474 1615/1615 1475/1475
f 1614/1614 1615/1615 1474/1474
f 1475/1475 1616/1616 1476/1476
f 1615/1615 1616/1616 1475/1475
f 1476/1476 1617/1617 1477/1477
f 1616/1616 1617/1617 1476/1476
f 1477/1477 1618/1618 1478/1478
f 1617/1617 1618/1618 1477/1477
f 1478/1478 1619/1619 1479/1479
f 1618/1618 1619/1619 1478/1478
f 1479/1479 1620/1620 1480/1480
f 1619/1619 1620/1620 1479/1479
f 1481/1481 1480/1480 1620/1620
f 1481/1481 1620/1620 1621/1621
f 1482/1482 1603/1603 1463/1463
f 1482/1482 1622/1622 1603/1603
f 1621/1621 1483/1483 1481/1481
f 1623/1623 1483/1483 1621/1621
f 1484/1484 1622/1622 1482/1482
f 1484/1484 1624/1624 1622/1622
f 1485/1485 1483/1483 1625/1625
f 1483/1483 1626/1626 1625/1625
f 1483/1483 1623/1623 1626/1626
f 1625/1625 1486/1486 1485/1485
f 1487/1487 1624/1624 1484/1484
f 1487/1487 1627/1627 1624/1624
f 1626/1626 1628/1628 1625/1625
f 1486/1486 1625/1625 1628/1628
f 1629/1629 1486/1486 1628/1628
f 1488/1488 1486/1486 1629/1629
f 1489/1489 1627/1627 1487/1487
f 1489/1489 1630/1630 1627/1627
f 1629/1629 1490/1490 1488/1488
f 1631/1631 1490/1490 1629/1629
f 1491/1491 1630/1630 1489/1489
f 1491/1491 1632/1632 1630/1630
f 1634/1634 1633/1633 1494/1494
f 1494/1494 1633/1633 1493/1493
f 1494/1494 1490/1490 1631/1631
f 1494/1494 1631/1631 1634/1634
f 1495/1495 1632/1632 1491/1491
f 1495/1495 1635/1635 1632/1632
f 1636/1636 1497/1497 1498/1498
f 1637/1637 1636/1636 1498/1498
f 1493/1493 1637/1637 1498/1498
f 1633/1633 1637/1637 1493/1493
f 1499/1499 1635/1635 1495/1495
f 1499/1499 1638/1638 1635/1635
f 1641/1641 1640/1640 1639/1639
f 1642/1642 1641/1641 1636/1636
f 1641/1641 1501/1501 1636/1636
f 1501/1501 1497/1497 1636/1636
f 1641/1641 1639/1639 1501/1501
f 1642/1642 1636/1636 1637/1637
f 1502/1502 1638/1638 1499/1499
f 1502/1502 1643/1643 1638/1638
f 1644/1644 1503/1503 1504/1504
f 1640/1640 1645/1645 1639/1639
f 1645/1645 1504/1504 1639/1639
f 1504/1504 1505/1505 1639/1639
f 1504/1504 1645/1645 1644/1644
f 1639/1639 1505/1505 1501/1501
f 1506/1506 1643/1643 1502/1502
f 1506/1506 1646/1646 1643/1643
f 1647/1647 1507/1507 1644/1644
f 1644/1644 1507/1507 1503/1503
f 1644/1644 1645/1645 1648/1648
f 1644/1644 1648/1648 1647/1647
f 1508/1508 1646/1646 1506/1506
f 1508/1508 1649/1649 1646/1646
f 1650/1650 1510/1510 1647/1647
f 1647/1647 1510/1510 1507/1507
f 1647/1647 1648/1648 1651/1651
f 1647/1647 1651/1651 1650/1650
f 1511/1511 1649/1649 1508/1508
f 1511/1511 1652/1652 1649/1649
f 1654/1654 1653/1653 1650/1650
f 1653/1653 1510/1510 1650/1650
f 1653/1653 1513/1513 1510/1510
f 1654/1654 1650/1650 1651/1651
f 1514/1514 1652/1652 1511/1511
f 1514/1514 1655/1655 1652/1652
f 1657/1657 1656/1656 1517/1517
f 1517/1517 1656/1656 1516/1516
f 1517/1517 1513/1513 1653/1653
f 1517/1517 1653/1653 1657/1657
f 1518/1518 1655/1655 1514/1514
f 1518/1518 1658/1658 1655/1655
f 1659/1659 1519/1519 1520/1520
f 1660/1660 1659/1659 1520/1520
f 1516/1516 1660/1660 1520/1520
f 1656/1656 1660/1660 1516/1516
f 1521/1521 1658/1658 1518/1518
f 1521/1521 1661/1661 1658/1658
f 1662/1662 1523/1523 1659/1659
f 1659/1659 1523/1523 1519/1519
f 1659/1659 1660/1660 1663/1663
f 1659/1659 1663/1663 1662/1662
f 1524/1524 1661/1661 1521/1521
f 1524/1524 1664/1664 1661/1661
f 1666/1666 1665/1665 1662/1662
f 1665/1665 1523/1523 1662/1662
f 1665/1665 1526/1526 1523/1523
f 1666/1666 1662/1662 1663/1663
f 1527/1527 1664/1664 1524/1524
f 1527/1527 1667/1667 1664/1664
f 1669/1669 1668/1668 1529/1529
f 1529/1529 1668/1668 1528/1528
f 1529/1529 1526/1526 1665/1665
f 1529/1529 1665/1665 1669/1669
f 1530/1530 1667/1667 1527/1527
f 1530/1530 1670/1670 1667/1667
f 1672/1672 1671/1671 1532/1532
f 1532/1532 1671/1671 1531/1531
f 1532/1532 1528/1528 1668/1668
f 1532/1532 1668/1668 1672/1672
f 1533/1533 1670/1670 1530/1530
f 1533/1533 1673/1673 1670/1670
f 1671/1671 1535/1535 1531/1531
f 1674/1674 1535/1535 1671/1671
f 1536/1536 1673/1673 1533/1533
f 1536/1536 1675/1675 1673/1673
f 1676/1676 1537/1537 1538/1538
f 1677/1677 1676/1676 1538/1538
f 1535/1535 1677/1677 1538/1538
f 1674/1674 1677/1677 1535/1535
f 1539/1539 1675/1675 1536/1536
f 1539/1539 1678/1678 1675/1675
f 1680/1680 1679/1679 1676/1676
f 1679/1679 1537/1537 1676/1676
f 1679/1679 1541/1541 1537/1537
f 1680/1680 1676/1676 1677/1677
f 1542/1542 1678/1678 1539/1539
f 1542/1542 1681/1681 1678/1678
f 1679/1679 1544/1544 1541/1541
f 1682/1682 1544/1544 1679/1679
f 1545/1545 1681/1681 1542/1542
f 1545/1545 1683/1683 1681/1681
f 1684/1684 1546/1546 1547/1547
f 1684/1684 1547/1547 1685/1685
f 1547/1547 1686/1686 1685/1685
f 1547/1547 1548/1548 1686/1686
f 1548/1548 1544/1544 1682/1682
f 1548/1548 1682/1682 1686/1686
f 1549/1549 1683/1683 1545/1545
f 1549/1549 1687/1687 1683/1683
f 1689/1689 1688/1688 1684/1684
f 1688/1688 1546/1546 1684/1684
f 1688/1688 1550/1550 1546/1546
f 1689/1689 1684/1684 1685/1685
f 1551/1551 1687/1687 1549/1549
f 1551/1551 1690/1690 1687/1687
f 1693/1693 1692/1692 1691/1691
f 1688/1688 1693/1693 1691/1691
f 1553/1553 1688/1688 1691/1691
f 1550/1550 1688/1688 1553/1553
f 1554/1554 1690/1690 1551/1551
f 1554/1554 1694/1694 1690/1690
f 1691/1691 1692/1692 1556/1556
f 1692/1692 1555/1555 1556/1556
f 1692/1692 1695/1695 1555/1555
f 1691/1691 1556/1556 1553/1553
f 1557/1557 1694/1694 1554/1554
f 1557/1557 1696/1696 1694/1694
f 1697/1697 1558/1558 1559/1559
f 1698/1698 1697/1697 1559/1559
f 1555/1555 1698/1698 1559/1559
f 1695/1695 1698/1698 1555/1555
f 1560/1560 1696/1696 1557/1557
f 1560/1560 1699/1699 1696/1696
f 1700/1700 1561/1561 1697/1697
f 1697/1697 1561/1561 1558/1558
f 1697/1697 1698/1698 1701/1701
f 1697/1697 1701/1701 1700/1700
f 1562/1562 1699/1699 1560/1560
f 1562/1562 1702/1702 1699/1699
f 1705/1705 1704/1704 1703/1703
f 1706/1706 1705/1705 1700/1700
f 1705/1705 1564/1564 1700/1700
f 1564/1564 1561/1561 1700/1700
f 1705/1705 1703/1703 1564/1564
f 1706/1706 1700/1700 1701/1701
f 1565/1565 1702/1702 1562/1562
f 1565/1565 1707/1707 1702/1702
f 1708/1708 1567/1567 1568/1568
f 1704/1704 1709/1709 1703/1703
f 1564/1564 1703/1703 1709/1709
f 1710/1710 1564/1564 1709/1709
f 1564/1564 1708/1708 1568/1568
f 1564/1564 1710/1710 1708/1708
f 1569/1569 1707/1707 1565/1565
f 1569/1569 1711/1711 1707/1707
f 1713/1713 1712/1712 1708/1708
f 1712/1712 1567/1567 1708/1708
f 1712/1712 1571/1571 1567/1567
f 1713/1713 1708/1708 1710/1710
f 1572/1572 1711/1711 1569/1569
f 1572/1572 1714/1714 1711/1711
f 1716/1716 1715/1715 1574/1574
f 1574/1574 1715/1715 1573/1573
f 1574/1574 1571/1571 1712/1712
f 1574/1574 1712/1712 1716/1716
f 1575/1575 1714/1714 1572/1572
f 1575/1575 1717/1717 1714/1714
f 1715/1715 1577/1577 1573/1573
f 1718/1718 1577/1577 1715/1715
f 1578/1578 1717/1717 1575/1575
f 1578/1578 1719/1719 1717/1717
f 1721/1721 1720/1720 1580/1580
f 1580/1580 1720/1720 1579/1579
f 1580/1580 1577/1577 1718/1718
f 1580/1580 1718/1718 1721/1721
f 1581/1581 1719/1719 1578/1578
f 1581/1581 1722/1722 1719/1719
f 1720/1720 1584/1584 1579/1579
f 1723/1723 1584/1584 1720/1720
f 1585/1585 1722/1722 1581/1581
f 1585/1585 1724/1724 1722/1722
f 1725/1725 1588/1588 1586/1586
f 1589/1589 1726/1726 1586/1586
f 1586/1586 1726/1726 1725/1725
f 1727/1727 1726/1726 1589/1589
f 1584/1584 1727/1727 1589/1589
f 1723/1723 1727/1727 1584/1584
f 1590/1590 1724/1724 1585/1585
f 1590/1590 1728/1728 1724/1724
f 1730/1730 1729/1729 1725/1725
f 1729/1729 1588/1588 1725/1725
f 1729/1729 1592/1592 1588/1588
f 1730/1730 1725/1725 1726/1726
f 1730/1730 1726/1726 1731/1731
f 1731/1731 1726/1726 1727/1727
f 1593/1593 1728/1728 1590/1590
f 1593/1593 1732/1732 1728/1728
f 1729/1729 1733/1733 1592/1592
f 1592/1592 1733/1733 1594/1594
f 1595/1595 1594/1594 1733/1733
f 1595/1595 1733/1733 1734/1734
f 1596/1596 1732/1732 1593/1593
f 1596/1596 1735/1735 1732/1732
f 1734/1734 1597/1597 1595/1595
f 1736/1736 1597/1597 1734/1734
f 1598/1598 1735/1735 1596/1596
f 1598/1598 1737/1737 1735/1735
f 1736/1736 1599/1599 1597/1597
f 1738/1738 1599/1599 1736/1736
f 1739/1739 1737/1737 1598/1598
f 1739/1739 1598/1598 1600/1600
f 1740/1740 1600/1600 1601/1601
f 1740/1740 1739/1739 1600/1600
f 1601/1601 1599/1599 1738/1738
f 1601/1601 1738/1738 1740/1740
f 1742/1742 1741/1741 1602/1602
f 1742/1742 1602/1602 1603/1603
f 1602/1602 1743/1743 1604/1604
f 1741/1741 1743/1743 1602/1602
f 1604/1604 1744/1744 1605/1605
f 1743/1743 1744/1744 1604/1604
f 1605/1605 1745/1745 1606/1606
f 1744/1744 1745/1745 1605/1605
f 1606/1606 1746/1746 1607/1607
f 1745/1745 1746/1746 1606/1606
f 1607/1607 1747/1747 1608/1608
f 1746/1746 1747/1747 1607/1607
f 1608/1608 1748/1748 1609/1609
f 1747/1747 1748/1748 1608/1608
f 1609/1609 1749/1749 1610/1610
f 1748/1748 1749/1749 1609/1609
f 1610/1610 1750/1750 1611/1611
f 1749/1749 1750/1750 1610/1610
f 1611/1611 1751/1751 1612/1612
f 1750/1750 1751/1751 1611/1611
f 1612/1612 1752/1752 1613/1613
f 1751/1751 1752/1752 1612/1612
f 1613/1613 1753/1753 1614/1614
f 1752/1752 1753/1753 1613/1613
f 1614/1614 1754/1754 1615/1615
f 1753/1753 1754/1754 1614/1614
f 1615/1615 1755/1755 1616/1616
f 1754/1754 1755/1755 1615/1615
f 1616/1616 1756/1756 1617/1617
f 1755/1755 1756/1756 1616/1616
f 1617/1617 1757/1757 1618/1618
f 1756/1756 1757/1757 1617/1617
f 1618/1618 1758/1758 1619/1619
f 1757/1757 1758/1758 1618/1618
f 1619/1619 1759/1759 1620/1620
f 1758/1758 1759/1759 1619/1619
f 1621/1621 1620/1620 1759/1759
f 1621/1621 1759/1759 1760/1760
f 1622/1622 1742/1742 1603/1603
f 1622/1622 1761/1761 1742/1742
f 1760/1760 1623/1623 1621/1621
f 1762/1762 1623/1623 1760/1760
f 1624/1624 1761/1761 1622/1622
f 1624/1624 1763/1763 1761/1761
f 1762/1762 1626/1626 1623/1623
f 1764/1764 1626/1626 1762/1762
f 1627/1627 1763/1763 1624/1624
f 1627/1627 1765/1765 1763/1763
f 1764/1764 1766/1766 1626/1626
f 1626/1626 1766/1766 1628/1628
f 1629/1629 1628/1628 1766/1766
f 1629/1629 1766/1766 1767/1767
f 1630/1630 1765/1765 1627/1627
f 1630/1630 1768/1768 1765/1765
f 1767/1767 1631/1631 1629/1629
f 1769/1769 1631/1631 1767/1767
f 1632/1632 1768/1768 1630/1630
f 1632/1632 1770/1770 1768/1768
f 1771/1771 1633/1633 1634/1634
f 1772/1772 1771/1771 1634/1634
f 1631/1631 1772/1772 1634/1634
f 1769/1769 1772/1772 1631/1631
f 1635/1635 1770/1770 1632/1632
f 1635/1635 1773/1773 1770/1770
f 1775/1775 1774/1774 1771/1771
f 1774/1774 1633/1633 1771/1771
f 1774/1774 1637/1637 1633/1633
f 1775/1775 1771/1771 1772/1772
f 1638/1638 1773/1773 1635/1635
f 1638/1638 1776/1776 1773/1773
f 1777/1777 1640/1640 1641/1641
f 1777/1777 1641/1641 1778/1778
f 1641/1641 1779/1779 1778/1778
f 1641/1641 1642/1642 1779/1779
f 1642/1642 1637/1637 1774/1774
f 1642/1642 1774/1774 1779/1779
f 1643/1643 1776/1776 1638/1638
f 1643/1643 1780/1780 1776/1776
f 1782/1782 1781/1781 1777/1777
f 1781/1781 1640/1640 1777/1777
f 1781/1781 1645/1645 1640/1640
f 1782/1782 1777/1777 1778/1778
f 1646/1646 1780/1780 1643/1643
f 1646/1646 1783/1783 1780/1780
f 1781/1781 1648/1648 1645/1645
f 1784/1784 1648/1648 1781/1781
f 1649/1649 1783/1783 1646/1646
f 1649/1649 1785/1785 1783/1783
f 1784/1784 1651/1651 1648/1648
f 1786/1786 1651/1651 1784/1784
f 1652/1652 1785/1785 1649/1649
f 1652/1652 1787/1787 1785/1785
f 1789/1789 1788/1788 1654/1654
f 1654/1654 1788/1788 1653/1653
f 1654/1654 1651/1651 1786/1786
f 1654/1654 1786/1786 1789/1789
f 1655/1655 1787/1787 1652/1652
f 1655/1655 1790/1790 1787/1787
f 1792/1792 1791/1791 1657/1657
f 1657/1657 1791/1791 1656/1656
f 1657/1657 1653/1653 1788/1788
f 1657/1657 1788/1788 1792/1792
f 1658/1658 1790/1790 1655/1655
f 1658/1658 1793/1793 1790/1790
f 1791/1791 1660/1660 1656/1656
f 1794/1794 1660/1660 1791/1791
f 1661/1661 1793/1793 1658/1658
f 1661/1661 1795/1795 1793/1793
f 1794/1794 1663/1663 1660/1660
f 1796/1796 1663/1663 1794/1794
f 1664/1664 1795/1795 1661/1661
f 1664/1664 1797/1797 1795/1795
f 1799/1799 1798/1798 1666/1666
f 1666/1666 1798/1798 1665/1665
f 1666/1666 1663/1663 1796/1796
f 1666/1666 1796/1796 1799/1799
f 1667/1667 1797/1797 1664/1664
f 1667/1667 1800/1800 1797/1797
f 1801/1801 1668/1668 1669/1669
f 1802/1802 1801/1801 1669/1669
f 1665/1665 1802/1802 1669/1669
f 1798/1798 1802/1802 1665/1665
f 1670/1670 1800/1800 1667/1667
f 1670/1670 1803/1803 1800/1800
f 1804/1804 1671/1671 1672/1672
f 1805/1805 1804/1804 1672/1672
f 1805/1805 1672/1672 1668/1668
f 1806/1806 1805/1805 1668/1668
f 1801/1801 1806/1806 1668/1668
f 1806/1806 1801/1801 1802/1802
f 1673/1673 1803/1803 1670/1670
f 1673/1673 1807/1807 1803/1803
f 1809/1809 1808/1808 1804/1804
f 1808/1808 1671/1671 1804/1804
f 1808/1808 1674/1674 1671/1671
f 1809/1809 1804/1804 1805/1805
f 1675/1675 1807/1807 1673/1673
f 1675/1675 1810/1810 1807/1807
f 1808/1808 1677/1677 1674/1674
f 1811/1811 1677/1677 1808/1808
f 1678/1678 1810/1810 1675/1675
f 1678/1678 1812/1812 1810/1810
f 1814/1814 1813/1813 1680/1680
f 1680/1680 1813/1813 1679/1679
f 1680/1680 1677/1677 1811/1811
f 1680/1680 1811/1811 1814/1814
f 1681/1681 1812/1812 1678/1678
f 1681/1681 1815/1815 1812/1812
f 1818/1818 1817/1817 1816/1816
f 1813/1813 1818/1818 1816/1816
f 1682/1682 1813/1813 1816/1816
f 1679/1679 1813/1813 1682/1682
f 1683/1683 1815/1815 1681/1681
f 1683/1683 1819/1819 1815/1815
f 1822/1822 1821/1821 1820/1820
f 1822/1822 1820/1820 1817/1817
f 1817/1817 1820/1820 1816/1816
f 1820/1820 1685/1685 1816/1816
f 1685/1685 1686/1686 1816/1816
f 1816/1816 1686/1686 1682/1682
f 1687/1687 1819/1819 1683/1683
f 1687/1687 1823/1823 1819/1819
f 1820/1820 1821/1821 1689/1689
f 1821/1821 1688/1688 1689/1689
f 1821/1821 1824/1824 1688/1688
f 1820/1820 1689/1689 1685/1685
f 1690/1690 1823/1823 1687/1687
f 1690/1690 1825/1825 1823/1823
f 1826/1826 1692/1692 1693/1693
f 1827/1827 1826/1826 1693/1693
f 1688/1688 1827/1827 1693/1693
f 1824/1824 1827/1827 1688/1688
f 1694/1694 1825/1825 1690/1690
f 1694/1694 1828/1828 1825/1825
f 1829/1829 1695/1695 1826/1826
f 1826/1826 1695/1695 1692/1692
f 1826/1826 1827/1827 1830/1830
f 1826/1826 1830/1830 1829/1829
f 1696/1696 1828/1828 1694/1694
f 1696/1696 1831/1831 1828/1828
f 1833/1833 1832/1832 1829/1829
f 1832/1832 1695/1695 1829/1829
f 1832/1832 1698/1698 1695/1695
f 1833/1833 1829/1829 1830/1830
f 1699/1699 1831/1831 1696/1696
f 1699/1699 1834/1834 1831/1831
f 1832/1832 1701/1701 1698/1698
f 1835/1835 1701/1701 1832/1832
f 1702/1702 1834/1834 1699/1699
f 1702/1702 1836/1836 1834/1834
f 1837/1837 1704/1704 1705/1705
f 1837/1837 1705/1705 1838/1838
f 1705/1705 1839/1839 1838/1838
f 1705/1705 1706/1706 1839/1839
f 1706/1706 1701/1701 1835/1835
f 1706/1706 1835/1835 1839/1839
f 1707/1707 1836/1836 1702/1702
f 1707/1707 1840/1840 1836/1836
f 1837/1837 1709/1709 1704/1704
f 1710/1710 1709/1709 1837/1837
f 1838/1838 1710/1710 1837/1837
f 1841/1841 1710/1710 1838/1838
f 1711/1711 1840/1840 1707/1707
f 1711/1711 1842/1842 1840/1840
f 1844/1844 1843/1843 1713/1713
f 1713/1713 1843/1843 1712/1712
f 1713/1713 1710/1710 1841/1841
f 1713/1713 1841/1841 1844/1844
f 1714/1714 1842/1842 1711/1711
f 1714/1714 1845/1845 1842/1842
f 1846/1846 1715/1715 1716/1716
f 1847/1847 1846/1846 1716/1716
f 1712/1712 1847/1847 1716/1716
f 1843/1843 1847/1847 1712/1712
f 1717/1717 1845/1845 1714/1714
f 1717/1717 1848/1848 1845/1845
f 1849/1849 1718/1718 1846/1846
f 1846/1846 1718/1718 1715/1715
f 1846/1846 1847/1847 1850/1850
f 1846/1846 1850/1850 1849/1849
f 1719/1719 1848/1848 1717/1717
f 1719/1719 1851/1851 1848/1848
f 1852/1852 1720/1720 1721/1721
f 1853/1853 1852/1852 1721/1721
f 1853/1853 1721/1721 1718/1718
f 1854/1854 1853/1853 1718/1718
f 1849/1849 1854/1854 1718/1718
f 1854/1854 1849/1849 1850/1850
f 1722/1722 1851/1851 1719/1719
f 1722/1722 1855/1855 1851/1851
f 1857/1857 1856/1856 1852/1852
f 1856/1856 1720/1720 1852/1852
f 1856/1856 1723/1723 1720/1720
f 1857/1857 1852/1852 1853/1853
f 1724/1724 1855/1855 1722/1722
f 1724/1724 1858/1858 1855/1855
f 1856/1856 1727/1727 1723/1723
f 1859/1859 1727/1727 1856/1856
f 1728/1728 1858/1858 1724/1724
f 1728/1728 1860/1860 1858/1858
f 1861/1861 1729/1729 1730/1730
f 1731/1731 1862/1862 1730/1730
f 1730/1730 1862/1862 1861/1861
f 1863/1863 1862/1862 1731/1731
f 1727/1727 1863/1863 1731/1731
f 1859/1859 1863/1863 1727/1727
f 1732/1732 1860/1860 1728/1728
f 1732/1732 1864/1864 1860/1860
f 1733/1733 1729/1729 1861/1861
f 1867/1867 1866/1866 1865/1865
f 1734/1734 1868/1868 1865/1865
f 1866/1866 1734/1734 1865/1865
f 1734/1734 1862/1862 1868/1868
f 1861/1861 1734/1734 1733/1733
f 1734/1734 1861/1861 1862/1862
f 1868/1868 1862/1862 1863/1863
f 1735/1735 1864/1864 1732/1732
f 1735/1735 1869/1869 1864/1864
f 1867/1867 1870/1870 1866/1866
f 1734/1734 1866/1866 1870/1870
f 1871/1871 1734/1734 1870/1870
f 1736/1736 1734/1734 1871/1871
f 1737/1737 1869/1869 1735/1735
f 1737/1737 1872/1872 1869/1869
f 1871/1871 1738/1738 1736/1736
f 1873/1873 1738/1738 1871/1871
f 1874/1874 1872/1872 1737/1737
f 1874/1874 1737/1737 1739/1739
f 1875/1875 1739/1739 1740/1740
f 1875/1875 1874/1874 1739/1739
f 1740/1740 1738/1738 1873/1873
f 1740/1740 1873/1873 1875/1875
f 1877/1877 1876/1876 1741/1741
f 1877/1877 1741/1741 1742/1742
f 1741/1741 1878/1878 1743/1743
f 1876/1876 1878/1878 1741/1741
f 1743/1743 1879/1879 1744/1744
f 1878/1878 1879/1879 1743/1743
f 1744/1744 1880/1880 1745/1745
f 1879/1879 1880/1880 1744/1744
f 1745/1745 1881/1881 1746/1746
f 1880/1880 1881/1881 1745/1745
f 1746/1746 1882/1882 1747/1747
f 1881/1881 1882/1882 1746/1746
f 1747/1747 1883/1883 1748/1748
f 1882/1882 1883/1883 1747/1747
f 1748/1748 1884/1884 1749/1749
f 1883/1883 1884/1884 1748/1748
f 1749/1749 1885/1885 1750/1750
f 1884/1884 1885/1885 1749/1749
f 1750/1750 1886/1886 1751/1751
f 1885/1885 1886/1886 1750/1750
f 1751/1751 1887/1887 1752/1752
f 1886/1886 1887/1887 1751/1751
f 1752/1752 1888/1888 1753/1753
f 1887/1887 1888/1888 1752/1752
f 1753/1753 1889/1889 1754/1754
f 1888/1888 1889/1889 1753/1753
f 1754/1754 1890/1890 1755/1755
f 1889/1889 1890/1890 1754/1754
f 1755/1755 1891/1891 1756/1756
f 1890/1890 1891/1891 1755/1755
f 1756/1756 1892/1892 1757/1757
f 1891/1891 1892/1892 1756/1756
f 1757/1757 1893/1893 1758/1758
f 1892/1892 1893/1893 1757/1757
f 1758/1758 1894/1894 1759/1759
f 1893/1893 1894/1894 1758/1758
f 1760/1760 1759/1759 1894/1894
f 1760/1760 1894/1894 1895/1895
f 1761/1761 1877/1877 1742/1742
f 1761/1761 1896/1896 1877/1877
f 1895/1895 1762/1762 1760/1760
f 1897/1897 1762/1762 1895/1895
f 1763/1763 1896/1896 1761/1761
f 1763/1763 1898/1898 1896/1896
f 1897/1897 1764/1764 1762/1762
f 1899/1899 1764/1764 1897/1897
f 1765/1765 1898/1898 1763/1763
f 1765/1765 1900/1900 1898/1898
f 1766/1766 1764/1764 1901/1901
f 1764/1764 1902/1902 1901/1901
f 1764/1764 1899/1899 1902/1902
f 1901/1901 1767/1767 1766/1766
f 1768/1768 1900/1900 1765/1765
f 1768/1768 1903/1903 1900/1900
f 1902/1902 1904/1904 1901/1901
f 1767/1767 1901/1901 1904/1904
f 1905/1905 1767/1767 1904/1904
f 1769/1769 1767/1767 1905/1905
f 1770/1770 1903/1903 1768/1768
f 1770/1770 1906/1906 1903/1903
f 1905/1905 1772/1772 1769/1769
f 1907/1907 1772/1772 1905/1905
f 1773/1773 1906/1906 1770/1770
f 1773/1773 1908/1908 1906/1906
f 1910/1910 1909/1909 1775/1775
f 1775/1775 1909/1909 1774/1774
f 1775/1775 1772/1772 1907/1907
f 1775/1775 1907/1907 1910/1910
f 1776/1776 1908/1908 1773/1773
f 1776/1776 1911/1911 1908/1908
f 1912/1912 1778/1778 1779/1779
f 1913/1913 1912/1912 1779/1779
f 1774/1774 1913/1913 1779/1779
f 1909/1909 1913/1913 1774/1774
f 1780/1780 1911/1911 1776/1776
f 1780/1780 1914/1914 1911/1911
f 1915/1915 1781/1781 1782/1782
f 1778/1778 1912/1912 1782/1782
f 1912/1912 1915/1915 1782/1782
f 1912/1912 1916/1916 1915/1915
f 1912/1912 1913/1913 1917/1917
f 1912/1912 1917/1917 1916/1916
f 1783/1783 1914/1914 1780/1780
f 1783/1783 1918/1918 1914/1914
f 1920/1920 1919/1919 1915/1915
f 1919/1919 1781/1781 1915/1915
f 1919/1919 1784/1784 1781/1781
f 1920/1920 1915/1915 1916/1916
f 1920/1920 1916/1916 1921/1921
f 1921/1921 1916/1916 1917/1917
f 1785/1785 1918/1918 1783/1783
f 1785/1785 1922/1922 1918/1918
f 1925/1925 1924/1924 1923/1923
f 1919/1919 1925/1925 1923/1923
f 1786/1786 1919/1919 1923/1923
f 1784/1784 1919/1919 1786/1786
f 1787/1787 1922/1922 1785/1785
f 1787/1787 1926/1926 1922/1922
f 1923/1923 1924/1924 1789/1789
f 1924/1924 1788/1788 1789/1789
f 1924/1924 1927/1927 1788/1788
f 1923/1923 1789/1789 1786/1786
f 1790/1790 1926/1926 1787/1787
f 1790/1790 1928/1928 1926/1926
f 1929/1929 1791/1791 1792/1792
f 1930/1930 1929/1929 1792/1792
f 1788/1788 1930/1930 1792/1792
f 1927/1927 1930/1930 1788/1788
f 1793/1793 1928/1928 1790/1790
f 1793/1793 1931/1931 1928/1928
f 1933/1933 1932/1932 1929/1929
f 1932/1932 1791/1791 1929/1929
f 1932/1932 1794/1794 1791/1791
f 1933/1933 1929/1929 1930/1930
f 1795/1795 1931/1931 1793/1793
f 1795/1795 1934/1934 1931/1931
f 1937/1937 1936/1936 1935/1935
f 1932/1932 1937/1937 1935/1935
f 1796/1796 1932/1932 1935/1935
f 1794/1794 1932/1932 1796/1796
f 1797/1797 1934/1934 1795/1795
f 1797/1797 1938/1938 1934/1934
f 1935/1935 1936/1936 1799/1799
f 1936/1936 1798/1798 1799/1799
f 1936/1936 1939/1939 1798/1798
f 1935/1935 1799/1799 1796/1796
f 1800/1800 1938/1938 1797/1797
f 1800/1800 1940/1940 1938/1938
f 1939/1939 1802/1802 1798/1798
f 1941/1941 1802/1802 1939/1939
f 1803/1803 1940/1940 1800/1800
f 1803/1803 1942/1942 1940/1940
f 1944/1944 1943/1943 1806/1806
f 1806/1806 1943/1943 1805/1805
f 1806/1806 1802/1802 1941/1941
f 1806/1806 1941/1941 1944/1944
f 1807/1807 1942/1942 1803/1803
f 1807/1807 1945/1945 1942/1942
f 1947/1947 1946/1946 1809/1809
f 1809/1809 1946/1946 1808/1808
f 1809/1809 1805/1805 1943/1943
f 1809/1809 1943/1943 1947/1947
f 1810/1810 1945/1945 1807/1807
f 1810/1810 1948/1948 1945/1945
f 1946/1946 1811/1811 1808/1808
f 1949/1949 1811/1811 1946/1946
f 1812/1812 1948/1948 1810/1810
f 1812/1812 1950/1950 1948/1948
f 1951/1951 1813/1813 1814/1814
f 1952/1952 1951/1951 1814/1814
f 1811/1811 1952/1952 1814/1814
f 1949/1949 1952/1952 1811/1811
f 1815/1815 1950/1950 1812/1812
f 1815/1815 1953/1953 1950/1950
f 1954/1954 1817/1817 1818/1818
f 1955/1955 1954/1954 1818/1818
f 1955/1955 1818/1818 1813/1813
f 1956/1956 1955/1955 1813/1813
f 1951/1951 1956/1956 1813/1813
f 1956/1956 1951/1951 1952/1952
f 1819/1819 1953/1953 1815/1815
f 1819/1819 1957/1957 1953/1953
f 1958/1958 1821/1821 1822/1822
f 1959/1959 1958/1958 1822/1822
f 1959/1959 1822/1822 1817/1817
f 1960/1960 1959/1959 1817/1817
f 1954/1954 1960/1960 1817/1817
f 1960/1960 1954/1954 1955/1955
f 1823/1823 1957/1957 1819/1819
f 1823/1823 1961/1961 1957/1957
f 1962/1962 1824/1824 1958/1958
f 1958/1958 1824/1824 1821/1821
f 1958/1958 1959/1959 1963/1963
f 1958/1958 1963/1963 1962/1962
f 1825/1825 1961/1961 1823/1823
f 1825/1825 1964/1964 1961/1961
f 1965/1965 1827/1827 1962/1962
f 1962/1962 1827/1827 1824/1824
f 1962/1962 1963/1963 1966/1966
f 1962/1962 1966/1966 1965/1965
f 1828/1828 1964/1964 1825/1825
f 1828/1828 1967/1967 1964/1964
f 1969/1969 1968/1968 1965/1965
f 1968/1968 1827/1827 1965/1965
f 1968/1968 1830/1830 1827/1827
f 1969/1969 1965/1965 1966/1966
f 1831/1831 1967/1967 1828/1828
f 1831/1831 1970/1970 1967/1967
f 1972/1972 1971/1971 1833/1833
f 1833/1833 1971/1971 1832/1832
f 1833/1833 1830/1830 1968/1968
f 1833/1833 1968/1968 1972/1972
f 1834/1834 1970/1970 1831/1831
f 1834/1834 1973/1973 1970/1970
f 1971/1971 1835/1835 1832/1832
f 1974/1974 1835/1835 1971/1971
f 1836/1836 1973/1973 1834/1834
f 1836/1836 1975/1975 1973/1973
f 1977/1977 1976/1976 1839/1839
f 1839/1839 1976/1976 1838/1838
f 1839/1839 1835/1835 1974/1974
f 1839/1839 1974/1974 1977/1977
f 1840/1840 1975/1975 1836/1836
f 1840/1840 1978/1978 1975/1975
f 1981/1981 1980/1980 1979/1979
f 1976/1976 1981/1981 1979/1979
f 1841/1841 1976/1976 1979/1979
f 1838/1838 1976/1976 1841/1841
f 1842/1842 1978/1978 1840/1840
f 1842/1842 1982/1982 1978/1978
f 1983/1983 1843/1843 1844/1844
f 1980/1980 1984/1984 1979/1979
f 1841/1841 1979/1979 1984/1984
f 1985/1985 1841/1841 1984/1984
f 1841/1841 1983/1983 1844/1844
f 1841/1841 1985/1985 1983/1983
f 1845/1845 1982/1982 1842/1842
f 1845/1845 1986/1986 1982/1982
f 1987/1987 1847/1847 1983/1983
f 1983/1983 1847/1847 1843/1843
f 1983/1983 1985/1985 1988/1988
f 1983/1983 1988/1988 1987/1987
f 1848/1848 1986/1986 1845/1845
f 1848/1848 1989/1989 1986/1986
f 1991/1991 1990/1990 1987/1987
f 1990/1990 1847/1847 1987/1987
f 1990/1990 1850/1850 1847/1847
f 1991/1991 1987/1987 1988/1988
f 1851/1851 1989/1989 1848/1848
f 1851/1851 1992/1992 1989/1989
f 1993/1993 1853/1853 1854/1854
f 1994/1994 1993/1993 1854/1854
f 1850/1850 1994/1994 1854/1854
f 1990/1990 1994/1994 1850/1850
f 1855/1855 1992/1992 1851/1851
f 1855/1855 1995/1995 1992/1992
f 1996/1996 1856/1856 1857/1857
f 1997/1997 1996/1996 1857/1857
f 1997/1997 1857/1857 1853/1853
f 1998/1998 1997/1997 1853/1853
f 1993/1993 1998/1998 1853/1853
f 1998/1998 1993/1993 1994/1994
f 1858/1858 1995/1995 1855/1855
f 1858/1858 1999/1999 1995/1995
f 2001/2001 2000/2000 1996/1996
f 2000/2000 1856/1856 1996/1996
f 2000/2000 1859/1859 1856/1856
f 2001/2001 1996/1996 1997/1997
f 1860/1860 1999/1999 1858/1858
f 1860/1860 2002/2002 1999/1999
f 2000/2000 1863/1863 1859/1859
f 2003/2003 1863/1863 2000/2000
f 1864/1864 2002/2002 1860/1860
f 1864/1864 2004/2004 2002/2002
f 2005/2005 1867/1867 1865/1865
f 2005/2005 1865/1865 2006/2006
f 1865/1865 2007/2007 2006/2006
f 1865/1865 1868/1868 2007/2007
f 1868/1868 1863/1863 2003/2003
f 1868/1868 2003/2003 2007/2007
f 1869/1869 2004/2004 1864/1864
f 1869/1869 2008/2008 2004/2004
f 1870/1870 1867/1867 2005/2005
f 2011/2011 2010/2010 2009/2009
f 2006/2006 2009/2009 2010/2010
f 1871/1871 2006/2006 2010/2010
f 2006/2006 1870/1870 2005/2005
f 2006/2006 1871/1871 1870/1870
f 1872/1872 2008/2008 1869/1869
f 1872/1872 2012/2012 2008/2008
f 2011/2011 2013/2013 2010/2010
f 1871/1871 2010/2010 2013/2013
f 2014/2014 1871/1871 2013/2013
f 1873/1873 1871/1871 2014/2014
f 2015/2015 2012/2012 1872/1872
f 2015/2015 1872/1872 1874/1874
f 2016/2016 1874/1874 1875/1875
f 2016/2016 2015/2015 1874/1874
f 1875/1875 1873/1873 2014/2014
f 1875/1875 2014/2014 2016/2016
f 2018/2018 2017/2017 1876/1876
f 2018/2018 1876/1876 1877/1877
f 1876/1876 2019/2019 1878/1878
f 2017/2017 2019/2019 1876/1876
f 1878/1878 2020/2020 1879/1879
f 2019/2019 2020/2020 1878/1878
f 1879/1879 2021/2021 1880/1880
f 2020/2020 2021/2021 1879/1879
f 1880/1880 2022/2022 1881/1881
f 2021/2021 2022/2022 1880/1880
f 1881/1881 2023/2023 1882/1882
f 2022/2022 2023/2023 1881/1881
f 1882/1882 2024/2024 1883/1883
f 2023/2023 2024/2024 1882/1882
f 1883/1883 2025/2025 1884/1884
f 2024/2024 2025/2025 1883/1883
f 1884/1884 2026/2026 1885/1885
f 2025/2025 2026/2026 1884/1884
f 1885/1885 2027/2027 1886/1886
f 2026/2026 2027/2027 1885/1885
f 1886/1886 2028/2028 1887/1887
f 2027/2027 2028/2028 1886/1886
f 1887/1887 2029/2029 1888/1888
f 2028/2028 2029/2029 1887/1887
f 1888/1888 2030/2030 1889/1889
f 2029/2029 2030/2030 1888/1888
f 1889/1889 2031/2031 1890/1890
f 2030/2030 2031/2031 1889/1889
f 1890/1890 2032/2032 1891/1891
f 2031/2031 2032/2032 1890/1890
f 1891/1891 2033/2033 1892/1892
f 2032/2032 2033/2033 1891/1891
f 1892/1892 2034/2034 1893/1893
f 2033/2033 2034/2034 1892/1892
f 1893/1893 2035/2035 1894/1894
f 2034/2034 2035/2035 1893/1893
f 1895/1895 1894/1894 2035/2035
f 1895/1895 2035/2035 2036/2036
f 1896/1896 2018/2018 1877/1877
f 1896/1896 2037/2037 2018/2018
f 2036/2036 1897/1897 1895/1895
f 2038/2038 1897/1897 2036/2036
f 1898/1898 2037/2037 1896/1896
f 1898/1898 2039/2039 2037/2037
f 2038/2038 1899/1899 1897/1897
f 2040/2040 1899/1899 2038/2038
f 1900/1900 2039/2039 1898/1898
f 1900/1900 2041/2041 2039/2039
f 2040/2040 1902/1902 1899/1899
f 2042/2042 1902/1902 2040/2040
f 1903/1903 2041/2041 1900/1900
f 1903/1903 2043/2043 2041/2041
f 1904/1904 1902/1902 2044/2044
f 1902/1902 2045/2045 2044/2044
f 1902/1902 2042/2042 2045/2045
f 2044/2044 1905/1905 1904/1904
f 1906/1906 2043/2043 1903/1903
f 1906/1906 2046/2046 2043/2043
f 2045/2045 2047/2047 2044/2044
f 1905/1905 2044/2044 2047/2047
f 2048/2048 1905/1905 2047/2047
f 1907/1907 1905/1905 2048/2048
f 1908/1908 2046/2046 1906/1906
f 1908/1908 2049/2049 2046/2046
f 2050/2050 1909/1909 1910/1910
f 2051/2051 2050/2050 1910/1910
f 1907/1907 2051/2051 1910/1910
f 2048/2048 2051/2051 1907/1907
f 1911/1911 2049/2049 1908/1908
f 1911/1911 2052/2052 2049/2049
f 2054/2054 2053/2053 2050/2050
f 2053/2053 1909/1909 2050/2050
f 2053/2053 1913/1913 1909/1909
f 2054/2054 2050/2050 2051/2051
f 1914/1914 2052/2052 1911/1911
f 1914/1914 2055/2055 2052/2052
f 2053/2053 1917/1917 1913/1913
f 2056/2056 1917/1917 2053/2053
f 1918/1918 2055/2055 1914/1914
f 1918/1918 2057/2057 2055/2055
f 2058/2058 1919/1919 1920/1920
f 1921/1921 2059/2059 1920/1920
f 1920/1920 2059/2059 2058/2058
f 2060/2060 2059/2059 1921/1921
f 1917/1917 2060/2060 1921/1921
f 2056/2056 2060/2060 1917/1917
f 1922/1922 2057/2057 1918/1918
f 1922/1922 2061/2061 2057/2057
f 2062/2062 1924/1924 1925/1925
f 2063/2063 2062/2062 1925/1925
f 2063/2063 1925/1925 1919/1919
f 2064/2064 2063/2063 1919/1919
f 2058/2058 2064/2064 1919/1919
f 2064/2064 2058/2058 2059/2059
f 2064/2064 2059/2059 2065/2065
f 2065/2065 2059/2059 2060/2060
f 1926/1926 2061/2061 1922/1922
f 1926/1926 2066/2066 2061/2061
f 2068/2068 2067/2067 2062/2062
f 2067/2067 1924/1924 2062/2062
f 2067/2067 1927/1927 1924/1924
f 2068/2068 2062/2062 2063/2063
f 1928/1928 2066/2066 1926/1926
f 1928/1928 2069/2069 2066/2066
f 2067/2067 1930/1930 1927/1927
f 2070/2070 1930/1930 2067/2067
f 1931/1931 2069/2069 1928/1928
f 1931/1931 2071/2071 2069/2069
f 2073/2073 2072/2072 1933/1933
f 1933/1933 2072/2072 1932/1932
f 1933/1933 1930/1930 2070/2070
f 1933/1933 2070/2070 2073/2073
f 1934/1934 2071/2071 1931/1931
f 1934/1934 2074/2074 2071/2071
f 2076/2076 2075/2075 1937/1937
f 1937/1937 2075/2075 1936/1936
f 1937/1937 1932/1932 2072/2072
f 1937/1937 2072/2072 2076/2076
f 1938/1938 2074/2074 1934/1934
f 1938/1938 2077/2077 2074/2074
f 2075/2075 1939/1939 1936/1936
f 2078/2078 1939/1939 2075/2075
f 1940/1940 2077/2077 1938/1938
f 1940/1940 2079/2079 2077/2077
f 2082/2082 2081/2081 2080/2080
f 2078/2078 2082/2082 2080/2080
f 1941/1941 2078/2078 2080/2080
f 1939/1939 2078/2078 1941/1941
f 1942/1942 2079/2079 1940/1940
f 1942/1942 2083/2083 2079/2079
f 2080/2080 2081/2081 1944/1944
f 2081/2081 1943/1943 1944/1944
f 2081/2081 2084/2084 1943/1943
f 2080/2080 1944/1944 1941/1941
f 1945/1945 2083/2083 1942/1942
f 1945/1945 2085/2085 2083/2083
f 2087/2087 2086/2086 1947/1947
f 1947/1947 2086/2086 1946/1946
f 1947/1947 1943/1943 2084/2084
f 1947/1947 2084/2084 2087/2087
f 1948/1948 2085/2085 1945/1945
f 1948/1948 2088/2088 2085/2085
f 2086/2086 1949/1949 1946/1946
f 2089/2089 1949/1949 2086/2086
f 1950/1950 2088/2088 1948/1948
f 1950/1950 2090/2090 2088/2088
f 2089/2089 1952/1952 1949/1949
f 2091/2091 1952/1952 2089/2089
f 1953/1953 2090/2090 1950/1950
f 1953/1953 2092/2092 2090/2090
f 2093/2093 1955/1955 1956/1956
f 2094/2094 2093/2093 1956/1956
f 1952/1952 2094/2094 1956/1956
f 2091/2091 2094/2094 1952/1952
f 1957/1957 2092/2092 1953/1953
f 1957/1957 2095/2095 2092/2092
f 2096/2096 1959/1959 1960/1960
f 2097/2097 2096/2096 1960/1960
f 2097/2097 1960/1960 1955/1955
f 2098/2098 2097/2097 1955/1955
f 2093/2093 2098/2098 1955/1955
f 2098/2098 2093/2093 2094/2094
f 1961/1961 2095/2095 1957/1957
f 1961/1961 2099/2099 2095/2095
f 2101/2101 2100/2100 2096/2096
f 2100/2100 1959/1959 2096/2096
f 2100/2100 1963/1963 1959/1959
f 2101/2101 2096/2096 2097/2097
f 1964/1964 2099/2099 1961/1961
f 1964/1964 2102/2102 2099/2099
f 2100/2100 1966/1966 1963/1963
f 2103/2103 1966/1966 2100/2100
f 1967/1967 2102/2102 1964/1964
f 1967/1967 2104/2104 2102/2102
f 2106/2106 2105/2105 1969/1969
f 1969/1969 2105/2105 1968/1968
f 1969/1969 1966/1966 2103/2103
f 1969/1969 2103/2103 2106/2106
f 1970/1970 2104/2104 1967/1967
f 1970/1970 2107/2107 2104/2104
f 2108/2108 1971/1971 1972/1972
f 2109/2109 2108/2108 1972/1972
f 1968/1968 2109/2109 1972/1972
f 2105/2105 2109/2109 1968/1968
f 1973/1973 2107/2107 1970/1970
f 1973/1973 2110/2110 2107/2107
f 2111/2111 1974/1974 2108/2108
f 2108/2108 1974/1974 1971/1971
f 2108/2108 2109/2109 2112/2112
f 2108/2108 2112/2112 2111/2111
f 1975/1975 2110/2110 1973/1973
f 1975/1975 2113/2113 2110/2110
f 2114/2114 1976/1976 1977/1977
f 2115/2115 2114/2114 1977/1977
f 2115/2115 1977/1977 1974/1974
f 2116/2116 2115/2115 1974/1974
f 2111/2111 2116/2116 1974/1974
f 2116/2116 2111/2111 2112/2112
f 1978/1978 2113/2113 1975/1975
f 1978/1978 2117/2117 2113/2113
f 2118/2118 1980/1980 1981/1981
f 1976/1976 2114/2114 1981/1981
f 2114/2114 2118/2118 1981/1981
f 2114/2114 2119/2119 2118/2118
f 2114/2114 2115/2115 2120/2120
f 2114/2114 2120/2120 2119/2119
f 1982/1982 2117/2117 1978/1978
f 1982/1982 2121/2121 2117/2117
f 2118/2118 1984/1984 1980/1980
f 2118/2118 2119/2119 2122/2122
f 1985/1985 2118/2118 2122/2122
f 2123/2123 1985/1985 2122/2122
f 2118/2118 1985/1985 1984/1984
f 2122/2122 2119/2119 2120/2120
f 1986/1986 2121/2121 1982/1982
f 1986/1986 2124/2124 2121/2121
f 2123/2123 1988/1988 1985/1985
f 2125/2125 1988/1988 2123/2123
f 1989/1989 2124/2124 1986/1986
f 1989/1989 2126/2126 2124/2124
f 2128/2128 2127/2127 1991/1991
f 1991/1991 2127/2127 1990/1990
f 1991/1991 1988/1988 2125/2125
f 1991/1991 2125/2125 2128/2128
f 1992/1992 2126/2126 1989/1989
f 1992/1992 2129/2129 2126/2126
f 2127/2127 1994/1994 1990/1990
f 2130/2130 1994/1994 2127/2127
f 1995/1995 2129/2129 1992/1992
f 1995/1995 2131/2131 2129/2129
f 2133/2133 2132/2132 1998/1998
f 1998/1998 2132/2132 1997/1997
f 1998/1998 1994/1994 2130/2130
f 1998/1998 2130/2130 2133/2133
f 1999/1999 2131/2131 1995/1995
f 1999/1999 2134/2134 2131/2131
f 2135/2135 2000/2000 2001/2001
f 2136/2136 2135/2135 2001/2001
f 1997/1997 2136/2136 2001/2001
f 2132/2132 2136/2136 1997/1997
f 2002/2002 2134/2134 1999/1999
f 2002/2002 2137/2137 2134/2134
f 2139/2139 2138/2138 2135/2135
f 2138/2138 2000/2000 2135/2135
f 2138/2138 2003/2003 2000/2000
f 2139/2139 2135/2135 2136/2136
f 2004/2004 2137/2137 2002/2002
f 2004/2004 2140/2140 2137/2137
f 2141/2141 2006/2006 2007/2007
f 2142/2142 2141/2141 2007/2007
f 2003/2003 2142/2142 2007/2007
f 2138/2138 2142/2142 2003/2003
f 2008/2008 2140/2140 2004/2004
f 2008/2008 2143/2143 2140/2140
f 2145/2145 2144/2144 2009/2009
f 2009/2009 2144/2144 2011/2011
f 2009/2009 2006/2006 2141/2141
f 2146/2146 2009/2009 2141/2141
f 2145/2145 2009/2009 2146/2146
f 2146/2146 2141/2141 2142/2142
f 2012/2012 2143/2143 2008/2008
f 2012/2012 2147/2147 2143/2143
f 2144/2144 2148/2148 2011/2011
f 2011/2011 2148/2148 2013/2013
f 2014/2014 2013/2013 2148/2148
f 2014/2014 2148/2148 2149/2149
f 2150/2150 2147/2147 2012/2012
f 2150/2150 2012/2012 2015/2015
f 2151/2151 2015/2015 2016/2016
f 2151/2151 2150/2150 2015/2015
f 2016/2016 2014/2014 2149/2149
f 2016/2016 2149/2149 2151/2151
f 2153/2153 2152/2152 2017/2017
f 2153/2153 2017/2017 2018/2018
f 2017/2017 2154/2154 2019/2019
f 2152/2152 2154/2154 2017/2017
f 2019/2019 2155/2155 2020/2020
f 2154/2154 2155/2155 2019/2019
f 2020/2020 2156/2156 2021/2021
f 2155/2155 2156/2156 2020/2020
f 2021/2021 2157/2157 2022/2022
f 2156/2156 2157/2157 2021/2021
f 2022/2022 2158/2158 2023/2023
f 2157/2157 2158/2158 2022/2022
f 2023/2023 2159/2159 2024/2024
f 2158/2158 2159/2159 2023/2023
f 2024/2024 2160/2160 2025/2025
f 2159/2159 2160/2160 2024/2024
f 2025/2025 2161/2161 2026/2026
f 2160/2160 2161/2161 2025/2025
f 2026/2026 2162/2162 2027/2027
f 2161/2161 2162/2162 2026/2026
f 2027/2027 2163/2163 2028/2028
f 2162/2162 2163/2163 2027/2027
f 2028/2028 2164/2164 2029/2029
f 2163/2163 2164/2164 2028/2028
f 2029/2029 2165/2165 2030/2030
f 2164/2164 2165/2165 2029/2029
f 2030/2030 2166/2166 2031/2031
f 2165/2165 2166/2166 2030/2030
f 2031/2031 2167/2167 2032/2032
f 2166/2166 2167/2167 2031/2031
f 2032/2032 2168/2168 2033/2033
f 2167/2167 2168/2168 2032/2032
f 2033/2033 2169/2169 2034/2034
f 2168/2168 2169/2169 2033/2033
f 2034/2034 2170/2170 2035/2035
f 2169/2169 2170/2170 2034/2034
f 2036/2036 2035/2035 2170/2170
f 2036/2036 2170/2170 2171/2171
f 2037/2037 2153/2153 2018/2018
f 2037/2037 2172/2172 2153/2153
f 2171/2171 2038/2038 2036/2036
f 2173/2173 2038/2038 2171/2171
f 2039/2039 2172/2172 2037/2037
f 2039/2039 2174/2174 2172/2172
f 2173/2173 2040/2040 2038/2038
f 2175/2175 2040/2040 2173/2173
f 2041/2041 2174/2174 2039/2039
f 2041/2041 2176/2176 2174/2174
f 2175/2175 2042/2042 2040/2040
f 2177/2177 2042/2042 2175/2175
f 2043/2043 2176/2176 2041/2041
f 2043/2043 2178/2178 2176/2176
f 2177/2177 2045/2045 2042/2042
f 2179/2179 2045/2045 2177/2177
f 2046/2046 2178/2178 2043/2043
f 2046/2046 2180/2180 2178/2178
f 2047/2047 2045/2045 2181/2181
f 2045/2045 2182/2182 2181/2181
f 2045/2045 2179/2179 2182/2182
f 2181/2181 2048/2048 2047/2047
f 2049/2049 2180/2180 2046/2046
f 2049/2049 2183/2183 2180/2180
f 2182/2182 2184/2184 2181/2181
f 2048/2048 2181/2181 2184/2184
f 2185/2185 2048/2048 2184/2184
f 2051/2051 2048/2048 2185/2185
f 2052/2052 2183/2183 2049/2049
f 2052/2052 2186/2186 2183/2183
f 2187/2187 2053/2053 2054/2054
f 2188/2188 2187/2187 2054/2054
f 2051/2051 2188/2188 2054/2054
f 2185/2185 2188/2188 2051/2051
f 2055/2055 2186/2186 2052/2052
f 2055/2055 2189/2189 2186/2186
f 2191/2191 2190/2190 2187/2187
f 2190/2190 2053/2053 2187/2187
f 2190/2190 2056/2056 2053/2053
f 2191/2191 2187/2187 2188/2188
f 2057/2057 2189/2189 2055/2055
f 2057/2057 2192/2192 2189/2189
f 2190/2190 2060/2060 2056/2056
f 2193/2193 2060/2060 2190/2190
f 2061/2061 2192/2192 2057/2057
f 2061/2061 2194/2194 2192/2192
f 2195/2195 2063/2063 2064/2064
f 2195/2195 2064/2064 2196/2196
f 2064/2064 2197/2197 2196/2196
f 2064/2064 2065/2065 2197/2197
f 2065/2065 2060/2060 2193/2193
f 2065/2065 2193/2193 2197/2197
f 2066/2066 2194/2194 2061/2061
f 2066/2066 2198/2198 2194/2194
f 2200/2200 2199/2199 2068/2068
f 2068/2068 2199/2199 2067/2067
f 2068/2068 2063/2063 2195/2195
f 2201/2201 2068/2068 2195/2195
f 2200/2200 2068/2068 2201/2201
f 2201/2201 2195/2195 2196/2196
f 2069/2069 2198/2198 2066/2066
f 2069/2069 2202/2202 2198/2198
f 2199/2199 2070/2070 2067/2067
f 2203/2203 2070/2070 2199/2199
f 2071/2071 2202/2202 2069/2069
f 2071/2071 2204/2204 2202/2202
f 2206/2206 2205/2205 2073/2073
f 2073/2073 2205/2205 2072/2072
f 2073/2073 2070/2070 2203/2203
f 2073/2073 2203/2203 2206/2206
f 2074/2074 2204/2204 2071/2071
f 2074/2074 2207/2207 2204/2204
f 2209/2209 2208/2208 2076/2076
f 2076/2076 2208/2208 2075/2075
f 2076/2076 2072/2072 2205/2205
f 2076/2076 2205/2205 2209/2209
f 2077/2077 2207/2207 2074/2074
f 2077/2077 2210/2210 2207/2207
f 2208/2208 2078/2078 2075/2075
f 2211/2211 2078/2078 2208/2208
f 2079/2079 2210/2210 2077/2077
f 2079/2079 2212/2212 2210/2210
f 2213/2213 2081/2081 2082/2082
f 2214/2214 2213/2213 2082/2082
f 2078/2078 2214/2214 2082/2082
f 2211/2211 2214/2214 2078/2078
f 2083/2083 2212/2212 2079/2079
f 2083/2083 2215/2215 2212/2212
f 2217/2217 2216/2216 2213/2213
f 2216/2216 2081/2081 2213/2213
f 2216/2216 2084/2084 2081/2081
f 2217/2217 2213/2213 2214/2214
f 2085/2085 2215/2215 2083/2083
f 2085/2085 2218/2218 2215/2215
f 2219/2219 2086/2086 2087/2087
f 2220/2220 2219/2219 2087/2087
f 2084/2084 2220/2220 2087/2087
f 2216/2216 2220/2220 2084/2084
f 2088/2088 2218/2218 2085/2085
f 2088/2088 2221/2221 2218/2218
f 2223/2223 2222/2222 2219/2219
f 2222/2222 2086/2086 2219/2219
f 2222/2222 2089/2089 2086/2086
f 2223/2223 2219/2219 2220/2220
f 2090/2090 2221/2221 2088/2088
f 2090/2090 2224/2224 2221/2221
f 2222/2222 2091/2091 2089/2089
f 2225/2225 2091/2091 2222/2222
f 2092/2092 2224/2224 2090/2090
f 2092/2092 2226/2226 2224/2224
f 2229/2229 2228/2228 2227/2227
f 2225/2225 2229/2229 2227/2227
f 2094/2094 2225/2225 2227/2227
f 2091/2091 2225/2225 2094/2094
f 2095/2095 2226/2226 2092/2092
f 2095/2095 2230/2230 2226/2226
f 2227/2227 2228/2228 2098/2098
f 2228/2228 2097/2097 2098/2098
f 2228/2228 2231/2231 2097/2097
f 2227/2227 2098/2098 2094/2094
f 2099/2099 2230/2230 2095/2095
f 2099/2099 2232/2232 2230/2230
f 2234/2234 2233/2233 2101/2101
f 2101/2101 2233/2233 2100/2100
f 2101/2101 2097/2097 2231/2231
f 2101/2101 2231/2231 2234/2234
f 2102/2102 2232/2232 2099/2099
f 2102/2102 2235/2235 2232/2232
f 2233/2233 2103/2103 2100/2100
f 2236/2236 2103/2103 2233/2233
f 2104/2104 2235/2235 2102/2102
f 2104/2104 2237/2237 2235/2235
f 2238/2238 2105/2105 2106/2106
f 2239/2239 2238/2238 2106/2106
f 2103/2103 2239/2239 2106/2106
f 2236/2236 2239/2239 2103/2103
f 2107/2107 2237/2237 2104/2104
f 2107/2107 2240/2240 2237/2237
f 2241/2241 2109/2109 2238/2238
f 2238/2238 2109/2109 2105/2105
f 2238/2238 2239/2239 2242/2242
f 2238/2238 2242/2242 2241/2241
f 2110/2110 2240/2240 2107/2107
f 2110/2110 2243/2243 2240/2240
f 2245/2245 2244/2244 2241/2241
f 2244/2244 2109/2109 2241/2241
f 2244/2244 2112/2112 2109/2109
f 2245/2245 2241/2241 2242/2242
f 2113/2113 2243/2243 2110/2110
f 2113/2113 2246/2246 2243/2243
f 2248/2248 2247/2247 2116/2116
f 2116/2116 2247/2247 2115/2115
f 2116/2116 2112/2112 2244/2244
f 2116/2116 2244/2244 2248/2248
f 2117/2117 2246/2246 2113/2113
f 2117/2117 2249/2249 2246/2246
f 2247/2247 2120/2120 2115/2115
f 2250/2250 2120/2120 2247/2247
f 2121/2121 2249/2249 2117/2117
f 2121/2121 2251/2251 2249/2249
f 2253/2253 2252/2252 2122/2122
f 2122/2122 2252/2252 2123/2123
f 2122/2122 2120/2120 2250/2250
f 2122/2122 2250/2250 2253/2253
f 2124/2124 2251/2251 2121/2121
f 2124/2124 2254/2254 2251/2251
f 2252/2252 2125/2125 2123/2123
f 2255/2255 2125/2125 2252/2252
f 2126/2126 2254/2254 2124/2124
f 2126/2126 2256/2256 2254/2254
f 2257/2257 2127/2127 2128/2128
f 2258/2258 2257/2257 2128/2128
f 2125/2125 2258/2258 2128/2128
f 2255/2255 2258/2258 2125/2125
f 2129/2129 2256/2256 2126/2126
f 2129/2129 2259/2259 2256/2256
f 2261/2261 2260/2260 2257/2257
f 2260/2260 2127/2127 2257/2257
f 2260/2260 2130/2130 2127/2127
f 2261/2261 2257/2257 2258/2258
f 2131/2131 2259/2259 2129/2129
f 2131/2131 2262/2262 2259/2259
f 2264/2264 2263/2263 2133/2133
f 2133/2133 2263/2263 2132/2132
f 2133/2133 2130/2130 2260/2260
f 2133/2133 2260/2260 2264/2264
f 2134/2134 2262/2262 2131/2131
f 2134/2134 2265/2265 2262/2262
f 2263/2263 2136/2136 2132/2132
f 2266/2266 2136/2136 2263/2263
f 2137/2137 2265/2265 2134/2134
f 2137/2137 2267/2267 2265/2265
f 2268/2268 2138/2138 2139/2139
f 2269/2269 2268/2268 2139/2139
f 2136/2136 2269/2269 2139/2139
f 2266/2266 2269/2269 2136/2136
f 2140/2140 2267/2267 2137/2137
f 2140/2140 2270/2270 2267/2267
f 2272/2272 2271/2271 2268/2268
f 2271/2271 2138/2138 2268/2268
f 2271/2271 2142/2142 2138/2138
f 2272/2272 2268/2268 2269/2269
f 2143/2143 2270/2270 2140/2140
f 2143/2143 2273/2273 2270/2270
f 2274/2274 2144/2144 2145/2145
f 2146/2146 2275/2275 2145/2145
f 2145/2145 2275/2275 2274/2274
f 2276/2276 2275/2275 2146/2146
f 2142/2142 2276/2276 2146/2146
f 2271/2271 2276/2276 2142/2142
f 2147/2147 2273/2273 2143/2143
f 2147/2147 2277/2277 2273/2273
f 2274/2274 2148/2148 2144/2144
f 2274/2274 2275/2275 2278/2278
f 2149/2149 2274/2274 2278/2278
f 2279/2279 2149/2149 2278/2278
f 2274/2274 2149/2149 2148/2148
f 2278/2278 2275/2275 2276/2276
f 2280/2280 2277/2277 2147/2147
f 2280/2280 2147/2147 2150/2150
f 2281/2281 2150/2150 2151/2151
f 2281/2281 2280/2280 2150/2150
f 2151/2151 2149/2149 2279/2279
f 2151/2151 2279/2279 2281/2281
f 2283/2283 2282/2282 2152/2152
f 2283/2283 2152/2152 2153/2153
f 2152/2152 2284/2284 2154/2154
f 2282/2282 2284/2284 2152/2152
f 2154/2154 2285/2285 2155/2155
f 2284/2284 2285/2285 2154/2154
f 2155/2155 2286/2286 2156/2156
f 2285/2285 2286/2286 2155/2155
f 2156/2156 2287/2287 2157/2157
f 2286/2286 2287/2287 2156/2156
f 2157/2157 2288/2288 2158/2158
f 2287/2287 2288/2288 2157/2157
f 2158/2158 2289/2289 2159/2159
f 2288/2288 2289/2289 2158/2158
f 2159/2159 2290/2290 2160/2160
f 2289/2289 2290/2290 2159/2159
f 2160/2160 2291/2291 2161/2161
f 2290/2290 2291/2291 2160/2160
f 2161/2161 2292/2292 2162/2162
f 2291/2291 2292/2292 2161/2161
f 2162/2162 2293/2293 2163/2163
f 2292/2292 2293/2293 2162/2162
f 2163/2163 2294/2294 2164/2164
f 2293/2293 2294/2294 2163/2163
f 2164/2164 2295/2295 2165/2165
f 2294/2294 2295/2295 2164/2164
f 2165/2165 2296/2296 2166/2166
f 2295/2295 2296/2296 2165/2165
f 2166/2166 2297/2297 2167/2167
f 2296/2296 2297/2297 2166/2166
f 2167/2167 2298/2298 2168/2168
f 2297/2297 2298/2298 2167/2167
f 2168/2168 2299/2299 2169/2169
f 2298/2298 2299/2299 2168/2168
f 2169/2169 2300/2300 2170/2170
f 2299/2299 2300/2300 2169/2169
f 2171/2171 2170/2170 2300/2300
f 2171/2171 2300/2300 2301/2301
f 2172/2172 2283/2283 2153/2153
f 2172/2172 2302/2302 2283/2283
f 2301/2301 2173/2173 2171/2171
f 2303/2303 2173/2173 2301/2301
f 2174/2174 2302/2302 2172/2172
f 2174/2174 2304/2304 2302/2302
f 2303/2303 2175/2175 2173/2173
f 2305/2305 2175/2175 2303/2303
f 2176/2176 2304/2304 2174/2174
f 2176/2176 2306/2306 2304/2304
f 2305/2305 2177/2177 2175/2175
f 2307/2307 2177/2177 2305/2305
f 2178/2178 2306/2306 2176/2176
f 2178/2178 2308/2308 2306/2306
f 2307/2307 2179/2179 2177/2177
f 2309/2309 2179/2179 2307/2307
f 2180/2180 2308/2308 2178/2178
f 2180/2180 2310/2310 2308/2308
f 2309/2309 2182/2182 2179/2179
f 2311/2311 2182/2182 2309/2309
f 2183/2183 2310/2310 2180/2180
f 2183/2183 2312/2312 2310/2310
f 2184/2184 2182/2182 2313/2313
f 2182/2182 2314/2314 2313/2313
f 2182/2182 2311/2311 2314/2314
f 2313/2313 2185/2185 2184/2184
f 2186/2186 2312/2312 2183/2183
f 2186/2186 2315/2315 2312/2312
f 2314/2314 2316/2316 2313/2313
f 2185/2185 2313/2313 2316/2316
f 2317/2317 2185/2185 2316/2316
f 2188/2188 2185/2185 2317/2317
f 2189/2189 2315/2315 2186/2186
f 2189/2189 2318/2318 2315/2315
f 2319/2319 2190/2190 2191/2191
f 2320/2320 2319/2319 2191/2191
f 2188/2188 2320/2320 2191/2191
f 2317/2317 2320/2320 2188/2188
f 2192/2192 2318/2318 2189/2189
f 2192/2192 2321/2321 2318/2318
f 2323/2323 2322/2322 2319/2319
f 2322/2322 2190/2190 2319/2319
f 2322/2322 2193/2193 2190/2190
f 2323/2323 2319/2319 2320/2320
f 2194/2194 2321/2321 2192/2192
f 2194/2194 2324/2324 2321/2321
f 2325/2325 2196/2196 2197/2197
f 2326/2326 2325/2325 2197/2197
f 2193/2193 2326/2326 2197/2197
f 2322/2322 2326/2326 2193/2193
f 2198/2198 2324/2324 2194/2194
f 2198/2198 2327/2327 2324/2324
f 2329/2329 2328/2328 2200/2200
f 2200/2200 2328/2328 2199/2199
f 2330/2330 2200/2200 2201/2201
f 2330/2330 2329/2329 2200/2200
f 2201/2201 2196/2196 2325/2325
f 2331/2331 2201/2201 2325/2325
f 2330/2330 2201/2201 2331/2331
f 2331/2331 2325/2325 2326/2326
f 2202/2202 2327/2327 2198/2198
f 2202/2202 2332/2332 2327/2327
f 2328/2328 2203/2203 2199/2199
f 2333/2333 2203/2203 2328/2328
f 2204/2204 2332/2332 2202/2202
f 2204/2204 2334/2334 2332/2332
f 2335/2335 2205/2205 2206/2206
f 2336/2336 2335/2335 2206/2206
f 2203/2203 2336/2336 2206/2206
f 2333/2333 2336/2336 2203/2203
f 2207/2207 2334/2334 2204/2204
f 2207/2207 2337/2337 2334/2334
f 2338/2338 2208/2208 2209/2209
f 2339/2339 2338/2338 2209/2209
f 2339/2339 2209/2209 2205/2205
f 2340/2340 2339/2339 2205/2205
f 2335/2335 2340/2340 2205/2205
f 2340/2340 2335/2335 2336/2336
f 2210/2210 2337/2337 2207/2207
f 2210/2210 2341/2341 2337/2337
f 2342/2342 2211/2211 2338/2338
f 2338/2338 2211/2211 2208/2208
f 2338/2338 2339/2339 2343/2343
f 2338/2338 2343/2343 2342/2342
f 2212/2212 2341/2341 2210/2210
f 2212/2212 2344/2344 2341/2341
f 2346/2346 2345/2345 2342/2342
f 2345/2345 2211/2211 2342/2342
f 2345/2345 2214/2214 2211/2211
f 2346/2346 2342/2342 2343/2343
f 2215/2215 2344/2344 2212/2212
f 2215/2215 2347/2347 2344/2344
f 2349/2349 2348/2348 2217/2217
f 2217/2217 2348/2348 2216/2216
f 2217/2217 2214/2214 2345/2345
f 2217/2217 2345/2345 2349/2349
f 2218/2218 2347/2347 2215/2215
f 2218/2218 2350/2350 2347/2347
f 2348/2348 2220/2220 2216/2216
f 2351/2351 2220/2220 2348/2348
f 2221/2221 2350/2350 2218/2218
f 2221/2221 2352/2352 2350/2350
f 2354/2354 2353/2353 2223/2223
f 2223/2223 2353/2353 2222/2222
f 2223/2223 2220/2220 2351/2351
f 2223/2223 2351/2351 2354/2354
f 2224/2224 2352/2352 2221/2221
f 2224/2224 2355/2355 2352/2352
f 2353/2353 2225/2225 2222/2222
f 2356/2356 2225/2225 2353/2353
f 2226/2226 2355/2355 2224/2224
f 2226/2226 2357/2357 2355/2355
f 2358/2358 2228/2228 2229/2229
f 2359/2359 2358/2358 2229/2229
f 2225/2225 2359/2359 2229/2229
f 2356/2356 2359/2359 2225/2225
f 2230/2230 2357/2357 2226/2226
f 2230/2230 2360/2360 2357/2357
f 2361/2361 2231/2231 2358/2358
f 2358/2358 2231/2231 2228/2228
f 2358/2358 2359/2359 2362/2362
f 2358/2358 2362/2362 2361/2361
f 2232/2232 2360/2360 2230/2230
f 2232/2232 2363/2363 2360/2360
f 2364/2364 2233/2233 2234/2234
f 2365/2365 2364/2364 2234/2234
f 2365/2365 2234/2234 2231/2231
f 2366/2366 2365/2365 2231/2231
f 2361/2361 2366/2366 2231/2231
f 2366/2366 2361/2361 2362/2362
f 2235/2235 2363/2363 2232/2232
f 2235/2235 2367/2367 2363/2363
f 2368/2368 2236/2236 2364/2364
f 2364/2364 2236/2236 2233/2233
f 2364/2364 2365/2365 2369/2369
f 2364/2364 2369/2369 2368/2368
f 2237/2237 2367/2367 2235/2235
f 2237/2237 2370/2370 2367/2367
f 2372/2372 2371/2371 2368/2368
f 2371/2371 2236/2236 2368/2368
f 2371/2371 2239/2239 2236/2236
f 2372/2372 2368/2368 2369/2369
f 2240/2240 2370/2370 2237/2237
f 2240/2240 2373/2373 2370/2370
f 2376/2376 2375/2375 2374/2374
f 2371/2371 2376/2376 2374/2374
f 2242/2242 2371/2371 2374/2374
f 2239/2239 2371/2371 2242/2242
f 2243/2243 2373/2373 2240/2240
f 2243/2243 2377/2377 2373/2373
f 2374/2374 2375/2375 2245/2245
f 2375/2375 2244/2244 2245/2245
f 2375/2375 2378/2378 2244/2244
f 2374/2374 2245/2245 2242/2242
f 2246/2246 2377/2377 2243/2243
f 2246/2246 2379/2379 2377/2377
f 2380/2380 2247/2247 2248/2248
f 2381/2381 2380/2380 2248/2248
f 2244/2244 2381/2381 2248/2248
f 2378/2378 2381/2381 2244/2244
f 2249/2249 2379/2379 2246/2246
f 2249/2249 2382/2382 2379/2379
f 2384/2384 2383/2383 2380/2380
f 2383/2383 2247/2247 2380/2380
f 2383/2383 2250/2250 2247/2247
f 2384/2384 2380/2380 2381/2381
f 2251/2251 2382/2382 2249/2249
f 2251/2251 2385/2385 2382/2382
f 2386/2386 2252/2252 2253/2253
f 2387/2387 2386/2386 2253/2253
f 2250/2250 2387/2387 2253/2253
f 2383/2383 2387/2387 2250/2250
f 2254/2254 2385/2385 2251/2251
f 2254/2254 2388/2388 2385/2385
f 2390/2390 2389/2389 2386/2386
f 2389/2389 2252/2252 2386/2386
f 2389/2389 2255/2255 2252/2252
f 2390/2390 2386/2386 2387/2387
f 2256/2256 2388/2388 2254/2254
f 2256/2256 2391/2391 2388/2388
f 2389/2389 2258/2258 2255/2255
f 2392/2392 2258/2258 2389/2389
f 2259/2259 2391/2391 2256/2256
f 2259/2259 2393/2393 2391/2391
f 2394/2394 2260/2260 2261/2261
f 2395/2395 2394/2394 2261/2261
f 2258/2258 2395/2395 2261/2261
f 2392/2392 2395/2395 2258/2258
f 2262/2262 2393/2393 2259/2259
f 2262/2262 2396/2396 2393/2393
f 2397/2397 2263/2263 2264/2264
f 2398/2398 2397/2397 2264/2264
f 2398/2398 2264/2264 2260/2260
f 2399/2399 2398/2398 2260/2260
f 2394/2394 2399/2399 2260/2260
f 2399/2399 2394/2394 2395/2395
f 2265/2265 2396/2396 2262/2262
f 2265/2265 2400/2400 2396/2396
f 2402/2402 2401/2401 2397/2397
f 2401/2401 2263/2263 2397/2397
f 2401/2401 2266/2266 2263/2263
f 2402/2402 2397/2397 2398/2398
f 2267/2267 2400/2400 2265/2265
f 2267/2267 2403/2403 2400/2400
f 2401/2401 2269/2269 2266/2266
f 2404/2404 2269/2269 2401/2401
f 2270/2270 2403/2403 2267/2267
f 2270/2270 2405/2405 2403/2403
f 2407/2407 2406/2406 2272/2272
f 2272/2272 2406/2406 2271/2271
f 2272/2272 2269/2269 2404/2404
f 2272/2272 2404/2404 2407/2407
f 2273/2273 2405/2405 2270/2270
f 2273/2273 2408/2408 2405/2405
f 2406/2406 2276/2276 2271/2271
f 2409/2409 2276/2276 2406/2406
f 2277/2277 2408/2408 2273/2273
f 2277/2277 2410/2410 2408/2408
f 2411/2411 2279/2279 2278/2278
f 2412/2412 2411/2411 2278/2278
f 2276/2276 2412/2412 2278/2278
f 2409/2409 2412/2412 2276/2276
f 2413/2413 2410/2410 2277/2277
f 2413/2413 2277/2277 2280/2280
f 2414/2414 2280/2280 2281/2281
f 2414/2414 2413/2413 2280/2280
f 2281/2281 2279/2279 2411/2411
f 2415/2415 2281/2281 2411/2411
f 2414/2414 2281/2281 2415/2415
f 2415/2415 2411/2411 2412/2412
f 2417/2417 2416/2416 2282/2282
f 2417/2417 2282/2282 2283/2283
f 2282/2282 2418/2418 2284/2284
f 2416/2416 2418/2418 2282/2282
f 2284/2284 2419/2419 2285/2285
f 2418/2418 2419/2419 2284/2284
f 2285/2285 2420/2420 2286/2286
f 2419/2419 2420/2420 2285/2285
f 2286/2286 2421/2421 2287/2287
f 2420/2420 2421/2421 2286/2286
f 2287/2287 2422/2422 2288/2288
f 2421/2421 2422/2422 2287/2287
f 2288/2288 2423/2423 2289/2289
f 2422/2422 2423/2423 2288/2288
f 2289/2289 2424/2424 2290/2290
f 2423/2423 2424/2424 2289/2289
f 2290/2290 2425/2425 2291/2291
f 2424/2424 2425/2425 2290/2290
f 2291/2291 2426/2426 2292/2292
f 2425/2425 2426/2426 2291/2291
f 2292/2292 2427/2427 2293/2293
f 2426/2426 2427/2427 2292/2292
f 2293/2293 2428/2428 2294/2294
f 2427/2427 2428/2428 2293/2293
f 2294/2294 2429/2429 2295/2295
f 2428/2428 2429/2429 2294/2294
f 2295/2295 2430/2430 2296/2296
f 2429/2429 2430/2430 2295/2295
f 2296/2296 2431/2431 2297/2297
f 2430/2430 2431/2431 2296/2296
f 2297/2297 2432/2432 2298/2298
f 2431/2431 2432/2432 2297/2297
f 2298/2298 2433/2433 2299/2299
f 2432/2432 2433/2433 2298/2298
f 2299/2299 2434/2434 2300/2300
f 2433/2433 2434/2434 2299/2299
f 2301/2301 2300/2300 2434/2434
f 2301/2301 2434/2434 2435/2435
f 2302/2302 2417/2417 2283/2283
f 2302/2302 2436/2436 2417/2417
f 2435/2435 2303/2303 2301/2301
f 2437/2437 2303/2303 2435/2435
f 2304/2304 2436/2436 2302/2302
f 2304/2304 2438/2438 2436/2436
f 2437/2437 2305/2305 2303/2303
f 2439/2439 2305/2305 2437/2437
f 2306/2306 2438/2438 2304/2304
f 2306/2306 2440/2440 2438/2438
f 2439/2439 2307/2307 2305/2305
f 2441/2441 2307/2307 2439/2439
f 2308/2308 2440/2440 2306/2306
f 2308/2308 2442/2442 2440/2440
f 2441/2441 2309/2309 2307/2307
f 2443/2443 2309/2309 2441/2441
f 2310/2310 2442/2442 2308/2308
f 2310/2310 2444/2444 2442/2442
f 2443/2443 2311/2311 2309/2309
f 2445/2445 2311/2311 2443/2443
f 2312/2312 2444/2444 2310/2310
f 2312/2312 2446/2446 2444/2444
f 2445/2445 2314/2314 2311/2311
f 2447/2447 2314/2314 2445/2445
f 2315/2315 2446/2446 2312/2312
f 2315/2315 2448/2448 2446/2446
f 2447/2447 2449/2449 2314/2314
f 2314/2314 2449/2449 2316/2316
f 2317/2317 2316/2316 2449/2449
f 2317/2317 2449/2449 2450/2450
f 2318/2318 2448/2448 2315/2315
f 2318/2318 2451/2451 2448/2448
f 2450/2450 2320/2320 2317/2317
f 2452/2452 2320/2320 2450/2450
f 2321/2321 2451/2451 2318/2318
f 2321/2321 2453/2453 2451/2451
f 2456/2456 2455/2455 2454/2454
f 2322/2322 2323/2323 2454/2454
f 2323/2323 2456/2456 2454/2454
f 2323/2323 2457/2457 2456/2456
f 2323/2323 2320/2320 2452/2452
f 2323/2323 2452/2452 2457/2457
f 2324/2324 2453/2453 2321/2321
f 2324/2324 2458/2458 2453/2453
f 2455/2455 2459/2459 2454/2454
f 2322/2322 2454/2454 2459/2459
f 2460/2460 2322/2322 2459/2459
f 2326/2326 2322/2322 2460/2460
f 2327/2327 2458/2458 2324/2324
f 2327/2327 2461/2461 2458/2458
f 2462/2462 2328/2328 2329/2329
f 2462/2462 2329/2329 2463/2463
f 2329/2329 2464/2464 2463/2463
f 2329/2329 2330/2330 2464/2464
f 2465/2465 2330/2330 2331/2331
f 2465/2465 2464/2464 2330/2330
f 2331/2331 2326/2326 2460/2460
f 2331/2331 2460/2460 2465/2465
f 2332/2332 2461/2461 2327/2327
f 2332/2332 2466/2466 2461/2461
f 2468/2468 2467/2467 2462/2462
f 2467/2467 2328/2328 2462/2462
f 2467/2467 2333/2333 2328/2328
f 2468/2468 2462/2462 2463/2463
f 2334/2334 2466/2466 2332/2332
f 2334/2334 2469/2469 2466/2466
f 2467/2467 2336/2336 2333/2333
f 2470/2470 2336/2336 2467/2467
f 2337/2337 2469/2469 2334/2334
f 2337/2337 2471/2471 2469/2469
f 2473/2473 2472/2472 2340/2340
f 2340/2340 2472/2472 2339/2339
f 2340/2340 2336/2336 2470/2470
f 2340/2340 2470/2470 2473/2473
f 2341/2341 2471/2471 2337/2337
f 2341/2341 2474/2474 2471/2471
f 2472/2472 2343/2343 2339/2339
f 2475/2475 2343/2343 2472/2472
f 2344/2344 2474/2474 2341/2341
f 2344/2344 2476/2476 2474/2474
f 2478/2478 2477/2477 2346/2346
f 2346/2346 2477/2477 2345/2345
f 2346/2346 2343/2343 2475/2475
f 2346/2346 2475/2475 2478/2478
f 2347/2347 2476/2476 2344/2344
f 2347/2347 2479/2479 2476/2476
f 2481/2481 2480/2480 2349/2349
f 2349/2349 2480/2480 2348/2348
f 2349/2349 2345/2345 2477/2477
f 2349/2349 2477/2477 2481/2481
f 2350/2350 2479/2479 2347/2347
f 2350/2350 2482/2482 2479/2479
f 2480/2480 2351/2351 2348/2348
f 2483/2483 2351/2351 2480/2480
f 2352/2352 2482/2482 2350/2350
f 2352/2352 2484/2484 2482/2482
f 2485/2485 2353/2353 2354/2354
f 2486/2486 2485/2485 2354/2354
f 2351/2351 2486/2486 2354/2354
f 2483/2483 2486/2486 2351/2351
f 2355/2355 2484/2484 2352/2352
f 2355/2355 2487/2487 2484/2484
f 2489/2489 2488/2488 2485/2485
f 2488/2488 2353/2353 2485/2485
f 2488/2488 2356/2356 2353/2353
f 2489/2489 2485/2485 2486/2486
f 2357/2357 2487/2487 2355/2355
f 2357/2357 2490/2490 2487/2487
f 2488/2488 2359/2359 2356/2356
f 2491/2491 2359/2359 2488/2488
f 2360/2360 2490/2490 2357/2357
f 2360/2360 2492/2492 2490/2490
f 2491/2491 2362/2362 2359/2359
f 2493/2493 2362/2362 2491/2491
f 2363/2363 2492/2492 2360/2360
f 2363/2363 2494/2494 2492/2492
f 2496/2496 2495/2495 2366/2366
f 2366/2366 2495/2495 2365/2365
f 2366/2366 2362/2362 2493/2493
f 2366/2366 2493/2493 2496/2496
f 2367/2367 2494/2494 2363/2363
f 2367/2367 2497/2497 2494/2494
f 2495/2495 2369/2369 2365/2365
f 2498/2498 2369/2369 2495/2495
f 2370/2370 2497/2497 2367/2367
f 2370/2370 2499/2499 2497/2497
f 2500/2500 2371/2371 2372/2372
f 2501/2501 2500/2500 2372/2372
f 2369/2369 2501/2501 2372/2372
f 2498/2498 2501/2501 2369/2369
f 2373/2373 2499/2499 2370/2370
f 2373/2373 2502/2502 2499/2499
f 2503/2503 2375/2375 2376/2376
f 2504/2504 2503/2503 2376/2376
f 2504/2504 2376/2376 2371/2371
f 2505/2505 2504/2504 2371/2371
f 2500/2500 2505/2505 2371/2371
f 2505/2505 2500/2500 2501/2501
f 2377/2377 2502/2502 2373/2373
f 2377/2377 2506/2506 2502/2502
f 2507/2507 2378/2378 2503/2503
f 2503/2503 2378/2378 2375/2375
f 2503/2503 2504/2504 2508/2508
f 2503/2503 2508/2508 2507/2507
f 2379/2379 2506/2506 2377/2377
f 2379/2379 2509/2509 2506/2506
f 2511/2511 2510/2510 2507/2507
f 2510/2510 2378/2378 2507/2507
f 2510/2510 2381/2381 2378/2378
f 2511/2511 2507/2507 2508/2508
f 2382/2382 2509/2509 2379/2379
f 2382/2382 2512/2512 2509/2509
f 2513/2513 2383/2383 2384/2384
f 2514/2514 2513/2513 2384/2384
f 2381/2381 2514/2514 2384/2384
f 2510/2510 2514/2514 2381/2381
f 2385/2385 2512/2512 2382/2382
f 2385/2385 2515/2515 2512/2512
f 2517/2517 2516/2516 2513/2513
f 2516/2516 2383/2383 2513/2513
f 2516/2516 2387/2387 2383/2383
f 2517/2517 2513/2513 2514/2514
f 2388/2388 2515/2515 2385/2385
f 2388/2388 2518/2518 2515/2515
f 2519/2519 2389/2389 2390/2390
f 2520/2520 2519/2519 2390/2390
f 2387/2387 2520/2520 2390/2390
f 2516/2516 2520/2520 2387/2387
f 2391/2391 2518/2518 2388/2388
f 2391/2391 2521/2521 2518/2518
f 2523/2523 2522/2522 2519/2519
f 2522/2522 2389/2389 2519/2519
f 2522/2522 2392/2392 2389/2389
f 2523/2523 2519/2519 2520/2520
f 2393/2393 2521/2521 2391/2391
f 2393/2393 2524/2524 2521/2521
f 2522/2522 2395/2395 2392/2392
f 2525/2525 2395/2395 2522/2522
f 2396/2396 2524/2524 2393/2393
f 2396/2396 2526/2526 2524/2524
f 2528/2528 2527/2527 2399/2399
f 2399/2399 2527/2527 2398/2398
f 2399/2399 2395/2395 2525/2525
f 2399/2399 2525/2525 2528/2528
f 2400/2400 2526/2526 2396/2396
f 2400/2400 2529/2529 2526/2526
f 2530/2530 2401/2401 2402/2402
f 2531/2531 2530/2530 2402/2402
f 2398/2398 2531/2531 2402/2402
f 2527/2527 2531/2531 2398/2398
f 2403/2403 2529/2529 2400/2400
f 2403/2403 2532/2532 2529/2529
f 2534/2534 2533/2533 2530/2530
f 2533/2533 2401/2401 2530/2530
f 2533/2533 2404/2404 2401/2401
f 2534/2534 2530/2530 2531/2531
f 2405/2405 2532/2532 2403/2403
f 2405/2405 2535/2535 2532/2532
f 2536/2536 2406/2406 2407/2407
f 2537/2537 2536/2536 2407/2407
f 2404/2404 2537/2537 2407/2407
f 2533/2533 2537/2537 2404/2404
f 2408/2408 2535/2535 2405/2405
f 2408/2408 2538/2538 2535/2535
f 2539/2539 2409/2409 2536/2536
f 2536/2536 2409/2409 2406/2406
f 2536/2536 2537/2537 2540/2540
f 2536/2536 2540/2540 2539/2539
f 2410/2410 2538/2538 2408/2408
f 2410/2410 2541/2541 2538/2538
f 2543/2543 2542/2542 2539/2539
f 2542/2542 2409/2409 2539/2539
f 2542/2542 2412/2412 2409/2409
f 2543/2543 2539/2539 2540/2540
f 2544/2544 2541/2541 2410/2410
f 2544/2544 2410/2410 2413/2413
f 2545/2545 2413/2413 2414/2414
f 2545/2545 2544/2544 2413/2413
f 2546/2546 2414/2414 2415/2415
f 2546/2546 2545/2545 2414/2414
f 2415/2415 2412/2412 2542/2542
f 2415/2415 2542/2542 2546/2546
f 2548/2548 2547/2547 2416/2416
f 2548/2548 2416/2416 2417/2417
f 2416/2416 2549/2549 2418/2418
f 2547/2547 2549/2549 2416/2416
f 2418/2418 2550/2550 2419/2419
f 2549/2549 2550/2550 2418/2418
f 2419/2419 2551/2551 2420/2420
f 2550/2550 2551/2551 2419/2419
f 2420/2420 2552/2552 2421/2421
f 2551/2551 2552/2552 2420/2420
f 2421/2421 2553/2553 2422/2422
f 2552/2552 2553/2553 2421/2421
f 2422/2422 2554/2554 2423/2423
f 2553/2553 2554/2554 2422/2422
f 2423/2423 2555/2555 2424/2424
f 2554/2554 2555/2555 2423/2423
f 2424/2424 2556/2556 2425/2425
f 2555/2555 2556/2556 2424/2424
f 2425/2425 2557/2557 2426/2426
f 2556/2556 2557/2557 2425/2425
f 2426/2426 2558/2558 2427/2427
f 2557/2557 2558/2558 2426/2426
f 2427/2427 2559/2559 2428/2428
f 2558/2558 2559/2559 2427/2427
f 2428/2428 2560/2560 2429/2429
f 2559/2559 2560/2560 2428/2428
f 2429/2429 2561/2561 2430/2430
f 2560/2560 2561/2561 2429/2429
f 2430/2430 2562/2562 2431/2431
f 2561/2561 2562/2562 2430/2430
f 2431/2431 2563/2563 2432/2432
f 2562/2562 2563/2563 2431/2431
f 2432/2432 2564/2564 2433/2433
f 2563/2563 2564/2564 2432/2432
f 2433/2433 2565/2565 2434/2434
f 2564/2564 2565/2565 2433/2433
f 2435/2435 2434/2434 2565/2565
f 2435/2435 2565/2565 2566/2566
f 2436/2436 2548/2548 2417/2417
f 2436/2436 2567/2567 2548/2548
f 2566/2566 2437/2437 2435/2435
f 2568/2568 2437/2437 2566/2566
f 2438/2438 2567/2567 2436/2436
f 2438/2438 2569/2569 2567/2567
f 2568/2568 2439/2439 2437/2437
f 2570/2570 2439/2439 2568/2568
f 2440/2440 2569/2569 2438/2438
f 2440/2440 2571/2571 2569/2569
f 2570/2570 2441/2441 2439/2439
f 2572/2572 2441/2441 2570/2570
f 2442/2442 2571/2571 2440/2440
f 2442/2442 2573/2573 2571/2571
f 2572/2572 2443/2443 2441/2441
f 2574/2574 2443/2443 2572/2572
f 2444/2444 2573/2573 2442/2442
f 2444/2444 2575/2575 2573/2573
f 2574/2574 2445/2445 2443/2443
f 2576/2576 2445/2445 2574/2574
f 2446/2446 2575/2575 2444/2444
f 2446/2446 2577/2577 2575/2575
f 2576/2576 2447/2447 2445/2445
f 2578/2578 2447/2447 2576/2576
f 2448/2448 2577/2577 2446/2446
f 2448/2448 2579/2579 2577/2577
f 2449/2449 2447/2447 2580/2580
f 2447/2447 2581/2581 2580/2580
f 2447/2447 2578/2578 2581/2581
f 2580/2580 2450/2450 2449/2449
f 2451/2451 2579/2579 2448/2448
f 2451/2451 2582/2582 2579/2579
f 2581/2581 2583/2583 2580/2580
f 2450/2450 2580/2580 2583/2583
f 2584/2584 2450/2450 2583/2583
f 2452/2452 2450/2450 2584/2584
f 2453/2453 2582/2582 2451/2451
f 2453/2453 2585/2585 2582/2582
f 2586/2586 2455/2455 2456/2456
f 2457/2457 2587/2587 2456/2456
f 2456/2456 2587/2587 2586/2586
f 2588/2588 2587/2587 2457/2457
f 2452/2452 2588/2588 2457/2457
f 2584/2584 2588/2588 2452/2452
f 2458/2458 2585/2585 2453/2453
f 2458/2458 2589/2589 2585/2585
f 2586/2586 2459/2459 2455/2455
f 2459/2459 2586/2586 2460/2460
f 2586/2586 2590/2590 2460/2460
f 2586/2586 2587/2587 2590/2590
f 2587/2587 2588/2588 2591/2591
f 2587/2587 2591/2591 2590/2590
f 2461/2461 2589/2589 2458/2458
f 2461/2461 2592/2592 2589/2589
f 2593/2593 2463/2463 2464/2464
f 2465/2465 2594/2594 2464/2464
f 2464/2464 2594/2594 2593/2593
f 2595/2595 2594/2594 2465/2465
f 2595/2595 2465/2465 2460/2460
f 2596/2596 2595/2595 2460/2460
f 2590/2590 2596/2596 2460/2460
f 2596/2596 2590/2590 2591/2591
f 2466/2466 2592/2592 2461/2461
f 2466/2466 2597/2597 2592/2592
f 2598/2598 2467/2467 2468/2468
f 2599/2599 2598/2598 2468/2468
f 2599/2599 2468/2468 2463/2463
f 2600/2600 2599/2599 2463/2463
f 2593/2593 2600/2600 2463/2463
f 2600/2600 2593/2593 2594/2594
f 2600/2600 2594/2594 2601/2601
f 2601/2601 2594/2594 2595/2595
f 2469/2469 2597/2597 2466/2466
f 2469/2469 2602/2602 2597/2597
f 2604/2604 2603/2603 2598/2598
f 2603/2603 2467/2467 2598/2598
f 2603/2603 2470/2470 2467/2467
f 2604/2604 2598/2598 2599/2599
f 2471/2471 2602/2602 2469/2469
f 2471/2471 2605/2605 2602/2602
f 2606/2606 2472/2472 2473/2473
f 2607/2607 2606/2606 2473/2473
f 2470/2470 2607/2607 2473/2473
f 2603/2603 2607/2607 2470/2470
f 2474/2474 2605/2605 2471/2471
f 2474/2474 2608/2608 2605/2605
f 2610/2610 2609/2609 2606/2606
f 2609/2609 2472/2472 2606/2606
f 2609/2609 2475/2475 2472/2472
f 2610/2610 2606/2606 2607/2607
f 2476/2476 2608/2608 2474/2474
f 2476/2476 2611/2611 2608/2608
f 2613/2613 2612/2612 2478/2478
f 2478/2478 2612/2612 2477/2477
f 2478/2478 2475/2475 2609/2609
f 2478/2478 2609/2609 2613/2613
f 2479/2479 2611/2611 2476/2476
f 2479/2479 2614/2614 2611/2611
f 2615/2615 2480/2480 2481/2481
f 2616/2616 2615/2615 2481/2481
f 2477/2477 2616/2616 2481/2481
f 2612/2612 2616/2616 2477/2477
f 2482/2482 2614/2614 2479/2479
f 2482/2482 2617/2617 2614/2614
f 2619/2619 2618/2618 2615/2615
f 2618/2618 2480/2480 2615/2615
f 2618/2618 2483/2483 2480/2480
f 2619/2619 2615/2615 2616/2616
f 2484/2484 2617/2617 2482/2482
f 2484/2484 2620/2620 2617/2617
f 2618/2618 2486/2486 2483/2483
f 2621/2621 2486/2486 2618/2618
f 2487/2487 2620/2620 2484/2484
f 2487/2487 2622/2622 2620/2620
f 2623/2623 2488/2488 2489/2489
f 2486/2486 2621/2621 2624/2624
f 2623/2623 2486/2486 2624/2624
f 2625/2625 2623/2623 2624/2624
f 2489/2489 2486/2486 2623/2623
f 2626/2626 2625/2625 2624/2624
f 2490/2490 2622/2622 2487/2487
f 2490/2490 2627/2627 2622/2622
f 2628/2628 2491/2491 2623/2623
f 2623/2623 2491/2491 2488/2488
f 2625/2625 2630/2630 2629/2629
f 2628/2628 2625/2625 2629/2629
f 2623/2623 2625/2625 2628/2628
f 2630/2630 2625/2625 2626/2626
f 2492/2492 2627/2627 2490/2490
f 2492/2492 2631/2631 2627/2627
f 2633/2633 2632/2632 2628/2628
f 2632/2632 2491/2491 2628/2628
f 2632/2632 2493/2493 2491/2491
f 2633/2633 2628/2628 2629/2629
f 2494/2494 2631/2631 2492/2492
f 2494/2494 2634/2634 2631/2631
f 2635/2635 2495/2495 2496/2496
f 2636/2636 2635/2635 2496/2496
f 2493/2493 2636/2636 2496/2496
f 2632/2632 2636/2636 2493/2493
f 2497/2497 2634/2634 2494/2494
f 2497/2497 2637/2637 2634/2634
f 2639/2639 2638/2638 2635/2635
f 2638/2638 2495/2495 2635/2635
f 2638/2638 2498/2498 2495/2495
f 2639/2639 2635/2635 2636/2636
f 2499/2499 2637/2637 2497/2497
f 2499/2499 2640/2640 2637/2637
f 2638/2638 2501/2501 2498/2498
f 2641/2641 2501/2501 2638/2638
f 2502/2502 2640/2640 2499/2499
f 2502/2502 2642/2642 2640/2640
f 2644/2644 2643/2643 2505/2505
f 2505/2505 2643/2643 2504/2504
f 2505/2505 2501/2501 2641/2641
f 2505/2505 2641/2641 2644/2644
f 2506/2506 2642/2642 2502/2502
f 2506/2506 2645/2645 2642/2642
f 2643/2643 2508/2508 2504/2504
f 2646/2646 2508/2508 2643/2643
f 2509/2509 2645/2645 2506/2506
f 2509/2509 2647/2647 2645/2645
f 2648/2648 2510/2510 2511/2511
f 2649/2649 2648/2648 2511/2511
f 2508/2508 2649/2649 2511/2511
f 2646/2646 2649/2649 2508/2508
f 2512/2512 2647/2647 2509/2509
f 2512/2512 2650/2650 2647/2647
f 2651/2651 2514/2514 2648/2648
f 2648/2648 2514/2514 2510/2510
f 2648/2648 2649/2649 2652/2652
f 2648/2648 2652/2652 2651/2651
f 2515/2515 2650/2650 2512/2512
f 2515/2515 2653/2653 2650/2650
f 2654/2654 2516/2516 2517/2517
f 2655/2655 2654/2654 2517/2517
f 2655/2655 2517/2517 2514/2514
f 2656/2656 2655/2655 2514/2514
f 2651/2651 2656/2656 2514/2514
f 2656/2656 2651/2651 2652/2652
f 2518/2518 2653/2653 2515/2515
f 2518/2518 2657/2657 2653/2653
f 2659/2659 2658/2658 2654/2654
f 2658/2658 2516/2516 2654/2654
f 2658/2658 2520/2520 2516/2516
f 2659/2659 2654/2654 2655/2655
f 2521/2521 2657/2657 2518/2518
f 2521/2521 2660/2660 2657/2657
f 2662/2662 2661/2661 2523/2523
f 2523/2523 2661/2661 2522/2522
f 2523/2523 2520/2520 2658/2658
f 2523/2523 2658/2658 2662/2662
f 2524/2524 2660/2660 2521/2521
f 2524/2524 2663/2663 2660/2660
f 2661/2661 2525/2525 2522/2522
f 2664/2664 2525/2525 2661/2661
f 2526/2526 2663/2663 2524/2524
f 2526/2526 2665/2665 2663/2663
f 2666/2666 2527/2527 2528/2528
f 2667/2667 2666/2666 2528/2528
f 2525/2525 2667/2667 2528/2528
f 2664/2664 2667/2667 2525/2525
f 2529/2529 2665/2665 2526/2526
f 2529/2529 2668/2668 2665/2665
f 2670/2670 2669/2669 2666/2666
f 2669/2669 2527/2527 2666/2666
f 2669/2669 2531/2531 2527/2527
f 2670/2670 2666/2666 2667/2667
f 2532/2532 2668/2668 2529/2529
f 2532/2532 2671/2671 2668/2668
f 2672/2672 2533/2533 2534/2534
f 2673/2673 2672/2672 2534/2534
f 2531/2531 2673/2673 2534/2534
f 2669/2669 2673/2673 2531/2531
f 2535/2535 2671/2671 2532/2532
f 2535/2535 2674/2674 2671/2671
f 2676/2676 2675/2675 2672/2672
f 2675/2675 2533/2533 2672/2672
f 2675/2675 2537/2537 2533/2533
f 2676/2676 2672/2672 2673/2673
f 2538/2538 2674/2674 2535/2535
f 2538/2538 2677/2677 2674/2674
f 2675/2675 2540/2540 2537/2537
f 2678/2678 2540/2540 2675/2675
f 2541/2541 2677/2677 2538/2538
f 2541/2541 2679/2679 2677/2677
f 2680/2680 2542/2542 2543/2543
f 2681/2681 2680/2680 2543/2543
f 2540/2540 2681/2681 2543/2543
f 2678/2678 2681/2681 2540/2540
f 2682/2682 2679/2679 2541/2541
f 2682/2682 2541/2541 2544/2544
f 2683/2683 2544/2544 2545/2545
f 2683/2683 2682/2682 2544/2544
f 2684/2684 2545/2545 2546/2546
f 2684/2684 2683/2683 2545/2545
f 2546/2546 2542/2542 2680/2680
f 2685/2685 2546/2546 2680/2680
f 2684/2684 2546/2546 2685/2685
f 2685/2685 2680/2680 2681/2681
f 2687/2687 2686/2686 2547/2547
f 2687/2687 2547/2547 2548/2548
f 2547/2547 2688/2688 2549/2549
f 2686/2686 2688/2688 2547/2547
f 2549/2549 2689/2689 2550/2550
f 2688/2688 2689/2689 2549/2549
f 2550/2550 2690/2690 2551/2551
f 2689/2689 2690/2690 2550/2550
f 2551/2551 2691/2691 2552/2552
f 2690/2690 2691/2691 2551/2551
f 2552/2552 2692/2692 2553/2553
f 2691/2691 2692/2692 2552/2552
f 2553/2553 2693/2693 2554/2554
f 2692/2692 2693/2693 2553/2553
f 2554/2554 2694/2694 2555/2555
f 2693/2693 2694/2694 2554/2554
f 2555/2555 2695/2695 2556/2556
f 2694/2694 2695/2695 2555/2555
f 2556/2556 2696/2696 2557/2557
f 2695/2695 2696/2696 2556/2556
f 2557/2557 2697/2697 2558/2558
f 2696/2696 2697/2697 2557/2557
f 2558/2558 2698/2698 2559/2559
f 2697/2697 2698/2698 2558/2558
f 2559/2559 2699/2699 2560/2560
f 2698/2698 2699/2699 2559/2559
f 2560/2560 2700/2700 2561/2561
f 2699/2699 2700/2700 2560/2560
f 2561/2561 2701/2701 2562/2562
f 2700/2700 2701/2701 2561/2561
f 2562/2562 2702/2702 2563/2563
f 2701/2701 2702/2702 2562/2562
f 2563/2563 2703/2703 2564/2564
f 2702/2702 2703/2703 2563/2563
f 2564/2564 2704/2704 2565/2565
f 2703/2703 2704/2704 2564/2564
f 2566/2566 2565/2565 2704/2704
f 2566/2566 2704/2704 2705/2705
f 2567/2567 2687/2687 2548/2548
f 2567/2567 2706/2706 2687/2687
f 2705/2705 2568/2568 2566/2566
f 2707/2707 2568/2568 2705/2705
f 2569/2569 2706/2706 2567/2567
f 2569/2569 2708/2708 2706/2706
f 2707/2707 2570/2570 2568/2568
f 2709/2709 2570/2570 2707/2707
f 2571/2571 2708/2708 2569/2569
f 2571/2571 2710/2710 2708/2708
f 2709/2709 2572/2572 2570/2570
f 2711/2711 2572/2572 2709/2709
f 2573/2573 2710/2710 2571/2571
f 2573/2573 2712/2712 2710/2710
f 2711/2711 2574/2574 2572/2572
f 2713/2713 2574/2574 2711/2711
f 2575/2575 2712/2712 2573/2573
f 2575/2575 2714/2714 2712/2712
f 2713/2713 2576/2576 2574/2574
f 2715/2715 2576/2576 2713/2713
f 2577/2577 2714/2714 2575/2575
f 2577/2577 2716/2716 2714/2714
f 2715/2715 2578/2578 2576/2576
f 2717/2717 2578/2578 2715/2715
f 2579/2579 2716/2716 2577/2577
f 2579/2579 2718/2718 2716/2716
f 2717/2717 2581/2581 2578/2578
f 2719/2719 2581/2581 2717/2717
f 2582/2582 2718/2718 2579/2579
f 2582/2582 2720/2720 2718/2718
f 2583/2583 2581/2581 2721/2721
f 2581/2581 2722/2722 2721/2721
f 2581/2581 2719/2719 2722/2722
f 2721/2721 2584/2584 2583/2583
f 2585/2585 2720/2720 2582/2582
f 2585/2585 2723/2723 2720/2720
f 2722/2722 2724/2724 2721/2721
f 2584/2584 2721/2721 2724/2724
f 2725/2725 2584/2584 2724/2724
f 2588/2588 2584/2584 2725/2725
f 2589/2589 2723/2723 2585/2585
f 2589/2589 2726/2726 2723/2723
f 2725/2725 2591/2591 2588/2588
f 2727/2727 2591/2591 2725/2725
f 2592/2592 2726/2726 2589/2589
f 2592/2592 2728/2728 2726/2726
f 2729/2729 2595/2595 2596/2596
f 2730/2730 2729/2729 2596/2596
f 2591/2591 2730/2730 2596/2596
f 2727/2727 2730/2730 2591/2591
f 2597/2597 2728/2728 2592/2592
f 2597/2597 2731/2731 2728/2728
f 2732/2732 2599/2599 2600/2600
f 2601/2601 2733/2733 2600/2600
f 2600/2600 2733/2733 2732/2732
f 2734/2734 2733/2733 2601/2601
f 2734/2734 2601/2601 2595/2595
f 2735/2735 2734/2734 2595/2595
f 2729/2729 2735/2735 2595/2595
f 2735/2735 2729/2729 2730/2730
f 2602/2602 2731/2731 2597/2597
f 2602/2602 2736/2736 2731/2731
f 2737/2737 2603/2603 2604/2604
f 2738/2738 2737/2737 2604/2604
f 2738/2738 2604/2604 2599/2599
f 2739/2739 2738/2738 2599/2599
f 2732/2732 2739/2739 2599/2599
f 2739/2739 2732/2732 2733/2733
f 2739/2739 2733/2733 2740/2740
f 2740/2740 2733/2733 2734/2734
f 2605/2605 2736/2736 2602/2602
f 2605/2605 2741/2741 2736/2736
f 2743/2743 2742/2742 2737/2737
f 2742/2742 2603/2603 2737/2737
f 2742/2742 2607/2607 2603/2603
f 2743/2743 2737/2737 2738/2738
f 2608/2608 2741/2741 2605/2605
f 2608/2608 2744/2744 2741/2741
f 2746/2746 2745/2745 2610/2610
f 2610/2610 2745/2745 2609/2609
f 2610/2610 2607/2607 2742/2742
f 2610/2610 2742/2742 2746/2746
f 2611/2611 2744/2744 2608/2608
f 2611/2611 2747/2747 2744/2744
f 2749/2749 2748/2748 2613/2613
f 2613/2613 2748/2748 2612/2612
f 2613/2613 2609/2609 2745/2745
f 2613/2613 2745/2745 2749/2749
f 2614/2614 2747/2747 2611/2611
f 2614/2614 2750/2750 2747/2747
f 2748/2748 2616/2616 2612/2612
f 2751/2751 2616/2616 2748/2748
f 2617/2617 2750/2750 2614/2614
f 2617/2617 2752/2752 2750/2750
f 2753/2753 2618/2618 2619/2619
f 2754/2754 2753/2753 2619/2619
f 2616/2616 2754/2754 2619/2619
f 2751/2751 2754/2754 2616/2616
f 2620/2620 2752/2752 2617/2617
f 2620/2620 2755/2755 2752/2752
f 2756/2756 2621/2621 2753/2753
f 2753/2753 2621/2621 2618/2618
f 2753/2753 2754/2754 2757/2757
f 2753/2753 2757/2757 2756/2756
f 2622/2622 2755/2755 2620/2620
f 2622/2622 2758/2758 2755/2755
f 2756/2756 2624/2624 2621/2621
f 2626/2626 2624/2624 2756/2756
f 2757/2757 2626/2626 2756/2756
f 2759/2759 2626/2626 2757/2757
f 2627/2627 2758/2758 2622/2622
f 2627/2627 2760/2760 2758/2758
f 2762/2762 2761/2761 2630/2630
f 2630/2630 2761/2761 2629/2629
f 2630/2630 2626/2626 2759/2759
f 2630/2630 2759/2759 2762/2762
f 2631/2631 2760/2760 2627/2627
f 2631/2631 2763/2763 2760/2760
f 2764/2764 2632/2632 2633/2633
f 2765/2765 2764/2764 2633/2633
f 2629/2629 2765/2765 2633/2633
f 2761/2761 2765/2765 2629/2629
f 2634/2634 2763/2763 2631/2631
f 2634/2634 2766/2766 2763/2763
f 2768/2768 2767/2767 2764/2764
f 2767/2767 2632/2632 2764/2764
f 2767/2767 2636/2636 2632/2632
f 2768/2768 2764/2764 2765/2765
f 2637/2637 2766/2766 2634/2634
f 2637/2637 2769/2769 2766/2766
f 2770/2770 2638/2638 2639/2639
f 2771/2771 2770/2770 2639/2639
f 2636/2636 2771/2771 2639/2639
f 2767/2767 2771/2771 2636/2636
f 2640/2640 2769/2769 2637/2637
f 2640/2640 2772/2772 2769/2769
f 2774/2774 2773/2773 2770/2770
f 2773/2773 2638/2638 2770/2770
f 2773/2773 2641/2641 2638/2638
f 2774/2774 2770/2770 2771/2771
f 2642/2642 2772/2772 2640/2640
f 2642/2642 2775/2775 2772/2772
f 2776/2776 2643/2643 2644/2644
f 2777/2777 2776/2776 2644/2644
f 2641/2641 2777/2777 2644/2644
f 2773/2773 2777/2777 2641/2641
f 2645/2645 2775/2775 2642/2642
f 2645/2645 2778/2778 2775/2775
f 2779/2779 2646/2646 2776/2776
f 2776/2776 2646/2646 2643/2643
f 2776/2776 2777/2777 2780/2780
f 2776/2776 2780/2780 2779/2779
f 2647/2647 2778/2778 2645/2645
f 2647/2647 2781/2781 2778/2778
f 2783/2783 2782/2782 2779/2779
f 2782/2782 2646/2646 2779/2779
f 2782/2782 2649/2649 2646/2646
f 2783/2783 2779/2779 2780/2780
f 2650/2650 2781/2781 2647/2647
f 2650/2650 2784/2784 2781/2781
f 2787/2787 2786/2786 2785/2785
f 2782/2782 2787/2787 2785/2785
f 2652/2652 2782/2782 2785/2785
f 2649/2649 2782/2782 2652/2652
f 2653/2653 2784/2784 2650/2650
f 2653/2653 2788/2788 2784/2784
f 2791/2791 2790/2790 2789/2789
f 2791/2791 2789/2789 2786/2786
f 2786/2786 2789/2789 2785/2785
f 2789/2789 2655/2655 2785/2785
f 2655/2655 2656/2656 2785/2785
f 2785/2785 2656/2656 2652/2652
f 2657/2657 2788/2788 2653/2653
f 2657/2657 2792/2792 2788/2788
f 2789/2789 2790/2790 2659/2659
f 2790/2790 2658/2658 2659/2659
f 2790/2790 2793/2793 2658/2658
f 2789/2789 2659/2659 2655/2655
f 2660/2660 2792/2792 2657/2657
f 2660/2660 2794/2794 2792/2792
f 2795/2795 2661/2661 2662/2662
f 2796/2796 2795/2795 2662/2662
f 2658/2658 2796/2796 2662/2662
f 2793/2793 2796/2796 2658/2658
f 2663/2663 2794/2794 2660/2660
f 2663/2663 2797/2797 2794/2794
f 2799/2799 2798/2798 2795/2795
f 2798/2798 2661/2661 2795/2795
f 2798/2798 2664/2664 2661/2661
f 2799/2799 2795/2795 2796/2796
f 2665/2665 2797/2797 2663/2663
f 2665/2665 2800/2800 2797/2797
f 2798/2798 2667/2667 2664/2664
f 2801/2801 2667/2667 2798/2798
f 2668/2668 2800/2800 2665/2665
f 2668/2668 2802/2802 2800/2800
f 2803/2803 2669/2669 2670/2670
f 2804/2804 2803/2803 2670/2670
f 2667/2667 2804/2804 2670/2670
f 2801/2801 2804/2804 2667/2667
f 2671/2671 2802/2802 2668/2668
f 2671/2671 2805/2805 2802/2802
f 2807/2807 2806/2806 2803/2803
f 2806/2806 2669/2669 2803/2803
f 2806/2806 2673/2673 2669/2669
f 2807/2807 2803/2803 2804/2804
f 2674/2674 2805/2805 2671/2671
f 2674/2674 2808/2808 2805/2805
f 2809/2809 2675/2675 2676/2676
f 2810/2810 2809/2809 2676/2676
f 2673/2673 2810/2810 2676/2676
f 2806/2806 2810/2810 2673/2673
f 2677/2677 2808/2808 2674/2674
f 2677/2677 2811/2811 2808/2808
f 2812/2812 2678/2678 2809/2809
f 2809/2809 2678/2678 2675/2675
f 2809/2809 2810/2810 2813/2813
f 2809/2809 2813/2813 2812/2812
f 2679/2679 2811/2811 2677/2677
f 2679/2679 2814/2814 2811/2811
f 2816/2816 2815/2815 2812/2812
f 2815/2815 2678/2678 2812/2812
f 2815/2815 2681/2681 2678/2678
f 2816/2816 2812/2812 2813/2813
f 2817/2817 2814/2814 2679/2679
f 2817/2817 2679/2679 2682/2682
f 2818/2818 2682/2682 2683/2683
f 2818/2818 2817/2817 2682/2682
f 2819/2819 2683/2683 2684/2684
f 2819/2819 2818/2818 2683/2683
f 2820/2820 2684/2684 2685/2685
f 2820/2820 2819/2819 2684/2684
f 2685/2685 2681/2681 2815/2815
f 2685/2685 2815/2815 2820/2820
f 2822/2822 2821/2821 2686/2686
f 2822/2822 2686/2686 2687/2687
f 2686/2686 2823/2823 2688/2688
f 2821/2821 2823/2823 2686/2686
f 2688/2688 2824/2824 2689/2689
f 2823/2823 2824/2824 2688/2688
f 2689/2689 2825/2825 2690/2690
f 2824/2824 2825/2825 2689/2689
f 2690/2690 2826/2826 2691/2691
f 2825/2825 2826/2826 2690/2690
f 2691/2691 2827/2827 2692/2692
f 2826/2826 2827/2827 2691/2691
f 2692/2692 2828/2828 2693/2693
f 2827/2827 2828/2828 2692/2692
f 2693/2693 2829/2829 2694/2694
f 2828/2828 2829/2829 2693/2693
f 2694/2694 2830/2830 2695/2695
f 2829/2829 2830/2830 2694/2694
f 2695/2695 2831/2831 2696/2696
f 2830/2830 2831/2831 2695/2695
f 2696/2696 2832/2832 2697/2697
f 2831/2831 2832/2832 2696/2696
f 2697/2697 2833/2833 2698/2698
f 2832/2832 2833/2833 2697/2697
f 2698/2698 2834/2834 2699/2699
f 2833/2833 2834/2834 2698/2698
f 2699/2699 2835/2835 2700/2700
f 2834/2834 2835/2835 2699/2699
f 2700/2700 2836/2836 2701/2701
f 2835/2835 2836/2836 2700/2700
f 2701/2701 2837/2837 2702/2702
f 2836/2836 2837/2837 2701/2701
f 2702/2702 2838/2838 2703/2703
f 2837/2837 2838/2838 2702/2702
f 2703/2703 2839/2839 2704/2704
f 2838/2838 2839/2839 2703/2703
f 2705/2705 2704/2704 2839/2839
f 2705/2705 2839/2839 2840/2840
f 2706/2706 2822/2822 2687/2687
f 2706/2706 2841/2841 2822/2822
f 2840/2840 2707/2707 2705/2705
f 2842/2842 2707/2707 2840/2840
f 2708/2708 2841/2841 2706/2706
f 2708/2708 2843/2843 2841/2841
f 2842/2842 2709/2709 2707/2707
f 2844/2844 2709/2709 2842/2842
f 2710/2710 2843/2843 2708/2708
f 2710/2710 2845/2845 2843/2843
f 2844/2844 2711/2711 2709/2709
f 2846/2846 2711/2711 2844/2844
f 2712/2712 2845/2845 2710/2710
f 2712/2712 2847/2847 2845/2845
f 2846/2846 2713/2713 2711/2711
f 2848/2848 2713/2713 2846/2846
f 2714/2714 2847/2847 2712/2712
f 2714/2714 2849/2849 2847/2847
f 2848/2848 2715/2715 2713/2713
f 2850/2850 2715/2715 2848/2848
f 2716/2716 2849/2849 2714/2714
f 2716/2716 2851/2851 2849/2849
f 2850/2850 2717/2717 2715/2715
f 2852/2852 2717/2717 2850/2850
f 2718/2718 2851/2851 2716/2716
f 2718/2718 2853/2853 2851/2851
f 2852/2852 2719/2719 2717/2717
f 2854/2854 2719/2719 2852/2852
f 2720/2720 2853/2853 2718/2718
f 2720/2720 2855/2855 2853/2853
f 2854/2854 2722/2722 2719/2719
f 2856/2856 2722/2722 2854/2854
f 2723/2723 2855/2855 2720/2720
f 2723/2723 2857/2857 2855/2855
f 2724/2724 2722/2722 2858/2858
f 2722/2722 2859/2859 2858/2858
f 2722/2722 2856/2856 2859/2859
f 2858/2858 2725/2725 2724/2724
f 2726/2726 2857/2857 2723/2723
f 2726/2726 2860/2860 2857/2857
f 2859/2859 2861/2861 2858/2858
f 2725/2725 2858/2858 2861/2861
f 2862/2862 2725/2725 2861/2861
f 2727/2727 2725/2725 2862/2862
f 2728/2728 2860/2860 2726/2726
f 2728/2728 2863/2863 2860/2860
f 2862/2862 2730/2730 2727/2727
f 2864/2864 2730/2730 2862/2862
f 2731/2731 2863/2863 2728/2728
f 2731/2731 2865/2865 2863/2863
f 2867/2867 2866/2866 2735/2735
f 2735/2735 2866/2866 2734/2734
f 2735/2735 2730/2730 2864/2864
f 2735/2735 2864/2864 2867/2867
f 2736/2736 2865/2865 2731/2731
f 2736/2736 2868/2868 2865/2865
f 2869/2869 2738/2738 2739/2739
f 2740/2740 2870/2870 2739/2739
f 2739/2739 2870/2870 2869/2869
f 2871/2871 2870/2870 2740/2740
f 2734/2734 2871/2871 2740/2740
f 2866/2866 2871/2871 2734/2734
f 2741/2741 2868/2868 2736/2736
f 2741/2741 2872/2872 2868/2868
f 2873/2873 2742/2742 2743/2743
f 2874/2874 2873/2873 2743/2743
f 2874/2874 2743/2743 2738/2738
f 2875/2875 2874/2874 2738/2738
f 2869/2869 2875/2875 2738/2738
f 2875/2875 2869/2869 2870/2870
f 2875/2875 2870/2870 2876/2876
f 2876/2876 2870/2870 2871/2871
f 2744/2744 2872/2872 2741/2741
f 2744/2744 2877/2877 2872/2872
f 2878/2878 2745/2745 2746/2746
f 2879/2879 2878/2878 2746/2746
f 2879/2879 2746/2746 2742/2742
f 2880/2880 2879/2879 2742/2742
f 2873/2873 2880/2880 2742/2742
f 2880/2880 2873/2873 2874/2874
f 2747/2747 2877/2877 2744/2744
f 2747/2747 2881/2881 2877/2877
f 2882/2882 2748/2748 2749/2749
f 2883/2883 2882/2882 2749/2749
f 2883/2883 2749/2749 2745/2745
f 2884/2884 2883/2883 2745/2745
f 2878/2878 2884/2884 2745/2745
f 2884/2884 2878/2878 2879/2879
f 2750/2750 2881/2881 2747/2747
f 2750/2750 2885/2885 2881/2881
f 2886/2886 2751/2751 2882/2882
f 2882/2882 2751/2751 2748/2748
f 2882/2882 2883/2883 2887/2887
f 2882/2882 2887/2887 2886/2886
f 2752/2752 2885/2885 2750/2750
f 2752/2752 2888/2888 2885/2885
f 2889/2889 2754/2754 2886/2886
f 2886/2886 2754/2754 2751/2751
f 2886/2886 2887/2887 2890/2890
f 2886/2886 2890/2890 2889/2889
f 2755/2755 2888/2888 2752/2752
f 2755/2755 2891/2891 2888/2888
f 2892/2892 2757/2757 2889/2889
f 2889/2889 2757/2757 2754/2754
f 2889/2889 2890/2890 2893/2893
f 2889/2889 2893/2893 2892/2892
f 2758/2758 2891/2891 2755/2755
f 2758/2758 2894/2894 2891/2891
f 2896/2896 2895/2895 2892/2892
f 2895/2895 2757/2757 2892/2892
f 2895/2895 2759/2759 2757/2757
f 2896/2896 2892/2892 2893/2893
f 2760/2760 2894/2894 2758/2758
f 2760/2760 2897/2897 2894/2894
f 2899/2899 2898/2898 2762/2762
f 2762/2762 2898/2898 2761/2761
f 2762/2762 2759/2759 2895/2895
f 2762/2762 2895/2895 2899/2899
f 2763/2763 2897/2897 2760/2760
f 2763/2763 2900/2900 2897/2897
f 2898/2898 2765/2765 2761/2761
f 2901/2901 2765/2765 2898/2898
f 2766/2766 2900/2900 2763/2763
f 2766/2766 2902/2902 2900/2900
f 2903/2903 2767/2767 2768/2768
f 2904/2904 2903/2903 2768/2768
f 2765/2765 2904/2904 2768/2768
f 2901/2901 2904/2904 2765/2765
f 2769/2769 2902/2902 2766/2766
f 2769/2769 2905/2905 2902/2902
f 2907/2907 2906/2906 2903/2903
f 2906/2906 2767/2767 2903/2903
f 2906/2906 2771/2771 2767/2767
f 2907/2907 2903/2903 2904/2904
f 2772/2772 2905/2905 2769/2769
f 2772/2772 2908/2908 2905/2905
f 2909/2909 2773/2773 2774/2774
f 2910/2910 2909/2909 2774/2774
f 2771/2771 2910/2910 2774/2774
f 2906/2906 2910/2910 2771/2771
f 2775/2775 2908/2908 2772/2772
f 2775/2775 2911/2911 2908/2908
f 2913/2913 2912/2912 2909/2909
f 2912/2912 2773/2773 2909/2909
f 2912/2912 2777/2777 2773/2773
f 2913/2913 2909/2909 2910/2910
f 2778/2778 2911/2911 2775/2775
f 2778/2778 2914/2914 2911/2911
f 2917/2917 2916/2916 2915/2915
f 2912/2912 2917/2917 2915/2915
f 2780/2780 2912/2912 2915/2915
f 2777/2777 2912/2912 2780/2780
f 2781/2781 2914/2914 2778/2778
f 2781/2781 2918/2918 2914/2914
f 2915/2915 2916/2916 2783/2783
f 2916/2916 2782/2782 2783/2783
f 2916/2916 2919/2919 2782/2782
f 2915/2915 2783/2783 2780/2780
f 2784/2784 2918/2918 2781/2781
f 2784/2784 2920/2920 2918/2918
f 2922/2922 2921/2921 2787/2787
f 2787/2787 2921/2921 2786/2786
f 2787/2787 2782/2782 2919/2919
f 2787/2787 2919/2919 2922/2922
f 2788/2788 2920/2920 2784/2784
f 2788/2788 2923/2923 2920/2920
f 2924/2924 2790/2790 2791/2791
f 2925/2925 2924/2924 2791/2791
f 2786/2786 2925/2925 2791/2791
f 2921/2921 2925/2925 2786/2786
f 2792/2792 2923/2923 2788/2788
f 2792/2792 2926/2926 2923/2923
f 2927/2927 2793/2793 2924/2924
f 2924/2924 2793/2793 2790/2790
f 2924/2924 2925/2925 2928/2928
f 2924/2924 2928/2928 2927/2927
f 2794/2794 2926/2926 2792/2792
f 2794/2794 2929/2929 2926/2926
f 2931/2931 2930/2930 2927/2927
f 2930/2930 2793/2793 2927/2927
f 2930/2930 2796/2796 2793/2793
f 2931/2931 2927/2927 2928/2928
f 2797/2797 2929/2929 2794/2794
f 2797/2797 2932/2932 2929/2929
f 2933/2933 2798/2798 2799/2799
f 2934/2934 2933/2933 2799/2799
f 2796/2796 2934/2934 2799/2799
f 2930/2930 2934/2934 2796/2796
f 2800/2800 2932/2932 2797/2797
f 2800/2800 2935/2935 2932/2932
f 2937/2937 2936/2936 2933/2933
f 2936/2936 2798/2798 2933/2933
f 2936/2936 2801/2801 2798/2798
f 2937/2937 2933/2933 2934/2934
f 2802/2802 2935/2935 2800/2800
f 2802/2802 2938/2938 2935/2935
f 2936/2936 2804/2804 2801/2801
f 2939/2939 2804/2804 2936/2936
f 2805/2805 2938/2938 2802/2802
f 2805/2805 2940/2940 2938/2938
f 2941/2941 2806/2806 2807/2807
f 2942/2942 2941/2941 2807/2807
f 2804/2804 2942/2942 2807/2807
f 2939/2939 2942/2942 2804/2804
f 2808/2808 2940/2940 2805/2805
f 2808/2808 2943/2943 2940/2940
f 2944/2944 2810/2810 2941/2941
f 2941/2941 2810/2810 2806/2806
f 2941/2941 2942/2942 2945/2945
f 2941/2941 2945/2945 2944/2944
f 2811/2811 2943/2943 2808/2808
f 2811/2811 2946/2946 2943/2943
f 2948/2948 2947/2947 2944/2944
f 2947/2947 2810/2810 2944/2944
f 2947/2947 2813/2813 2810/2810
f 2948/2948 2944/2944 2945/2945
f 2814/2814 2946/2946 2811/2811
f 2814/2814 2949/2949 2946/2946
f 2950/2950 2815/2815 2816/2816
f 2951/2951 2950/2950 2816/2816
f 2813/2813 2951/2951 2816/2816
f 2947/2947 2951/2951 2813/2813
f 2952/2952 2949/2949 2814/2814
f 2952/2952 2814/2814 2817/2817
f 2953/2953 2817/2817 2818/2818
f 2953/2953 2952/2952 2817/2817
f 2954/2954 2818/2818 2819/2819
f 2954/2954 2953/2953 2818/2818
f 2955/2955 2819/2819 2820/2820
f 2955/2955 2954/2954 2819/2819
f 2820/2820 2815/2815 2950/2950
f 2956/2956 2820/2820 2950/2950
f 2955/2955 2820/2820 2956/2956
f 2956/2956 2950/2950 2951/2951
f 2958/2958 2957/2957 2821/2821
f 2958/2958 2821/2821 2822/2822
f 2821/2821 2959/2959 2823/2823
f 2957/2957 2959/2959 2821/2821
f 2823/2823 2960/2960 2824/2824
f 2959/2959 2960/2960 2823/2823
f 2824/2824 2961/2961 2825/2825
f 2960/2960 2961/2961 2824/2824
f 2825/2825 2962/2962 2826/2826
f 2961/2961 2962/2962 2825/2825
f 2826/2826 2963/2963 2827/2827
f 2962/2962 2963/2963 2826/2826
f 2827/2827 2964/2964 2828/2828
f 2963/2963 2964/2964 2827/2827
f 2828/2828 2965/2965 2829/2829
f 2964/2964 2965/2965 2828/2828
f 2829/2829 2966/2966 2830/2830
f 2965/2965 2966/2966 2829/2829
f 2830/2830 2967/2967 2831/2831
f 2966/2966 2967/2967 2830/2830
f 2831/2831 2968/2968 2832/2832
f 2967/2967 2968/2968 2831/2831
f 2832/2832 2969/2969 2833/2833
f 2968/2968 2969/2969 2832/2832
f 2833/2833 2970/2970 2834/2834
f 2969/2969 2970/2970 2833/2833
f 2834/2834 2971/2971 2835/2835
f 2970/2970 2971/2971 2834/2834
f 2835/2835 2972/2972 2836/2836
f 2971/2971 2972/2972 2835/2835
f 2836/2836 2973/2973 2837/2837
f 2972/2972 2973/2973 2836/2836
f 2837/2837 2974/2974 2838/2838
f 2973/2973 2974/2974 2837/2837
f 2838/2838 2975/2975 2839/2839
f 2974/2974 2975/2975 2838/2838
f 2840/2840 2839/2839 2975/2975
f 2840/2840 2975/2975 2976/2976
f 2841/2841 2958/2958 2822/2822
f 2841/2841 2977/2977 2958/2958
f 2976/2976 2842/2842 2840/2840
f 2978/2978 2842/2842 2976/2976
f 2843/2843 2977/2977 2841/2841
f 2843/2843 2979/2979 2977/2977
f 2978/2978 2844/2844 2842/2842
f 2980/2980 2844/2844 2978/2978
f 2845/2845 2979/2979 2843/2843
f 2845/2845 2981/2981 2979/2979
f 2980/2980 2846/2846 2844/2844
f 2982/2982 2846/2846 2980/2980
f 2847/2847 2981/2981 2845/2845
f 2847/2847 2983/2983 2981/2981
f 2982/2982 2848/2848 2846/2846
f 2984/2984 2848/2848 2982/2982
f 2849/2849 2983/2983 2847/2847
f 2849/2849 2985/2985 2983/2983
f 2984/2984 2850/2850 2848/2848
f 2986/2986 2850/2850 2984/2984
f 2851/2851 2985/2985 2849/2849
f 2851/2851 2987/2987 2985/2985
f 2986/2986 2852/2852 2850/2850
f 2988/2988 2852/2852 2986/2986
f 2853/2853 2987/2987 2851/2851
f 2853/2853 2989/2989 2987/2987
f 2988/2988 2854/2854 2852/2852
f 2990/2990 2854/2854 2988/2988
f 2855/2855 2989/2989 2853/2853
f 2855/2855 2991/2991 2989/2989
f 2990/2990 2856/2856 2854/2854
f 2992/2992 2856/2856 2990/2990
f 2857/2857 2991/2991 2855/2855
f 2857/2857 2993/2993 2991/2991
f 2992/2992 2859/2859 2856/2856
f 2994/2994 2859/2859 2992/2992
f 2860/2860 2993/2993 2857/2857
f 2860/2860 2995/2995 2993/2993
f 2994/2994 2996/2996 2859/2859
f 2859/2859 2996/2996 2861/2861
f 2862/2862 2861/2861 2996/2996
f 2862/2862 2996/2996 2997/2997
f 2863/2863 2995/2995 2860/2860
f 2863/2863 2998/2998 2995/2995
f 2997/2997 2864/2864 2862/2862
f 2999/2999 2864/2864 2997/2997
f 2865/2865 2998/2998 2863/2863
f 2865/2865 3000/3000 2998/2998
f 3002/3002 3001/3001 2867/2867
f 2867/2867 3001/3001 2866/2866
f 2867/2867 2864/2864 2999/2999
f 2867/2867 2999/2999 3002/3002
f 2868/2868 3000/3000 2865/2865
f 2868/2868 3003/3003 3000/3000
f 3006/3006 3005/3005 3004/3004
f 3001/3001 3006/3006 3004/3004
f 2871/2871 3001/3001 3004/3004
f 2866/2866 3001/3001 2871/2871
f 2872/2872 3003/3003 2868/2868
f 2872/2872 3007/3007 3003/3003
f 3008/3008 2874/2874 2875/2875
f 3005/3005 3009/3009 3004/3004
f 3009/3009 2875/2875 3004/3004
f 2875/2875 2876/2876 3004/3004
f 2875/2875 3009/3009 3008/3008
f 3004/3004 2876/2876 2871/2871
f 2877/2877 3007/3007 2872/2872
f 2877/2877 3010/3010 3007/3007
f 3012/3012 3011/3011 2880/2880
f 2880/2880 3011/3011 2879/2879
f 2880/2880 2874/2874 3008/3008
f 3013/3013 2880/2880 3008/3008
f 3012/3012 2880/2880 3013/3013
f 3013/3013 3008/3008 3009/3009
f 2881/2881 3010/3010 2877/2877
f 2881/2881 3014/3014 3010/3010
f 3016/3016 3015/3015 2884/2884
f 2884/2884 3015/3015 2883/2883
f 2884/2884 2879/2879 3011/3011
f 2884/2884 3011/3011 3016/3016
f 2885/2885 3014/3014 2881/2881
f 2885/2885 3017/3017 3014/3014
f 3015/3015 2887/2887 2883/2883
f 3018/3018 2887/2887 3015/3015
f 2888/2888 3017/3017 2885/2885
f 2888/2888 3019/3019 3017/3017
f 3018/3018 2890/2890 2887/2887
f 3020/3020 2890/2890 3018/3018
f 2891/2891 3019/3019 2888/2888
f 2891/2891 3021/3021 3019/3019
f 3020/3020 2893/2893 2890/2890
f 3022/3022 2893/2893 3020/3020
f 2894/2894 3021/3021 2891/2891
f 2894/2894 3023/3023 3021/3021
f 3024/3024 2895/2895 2896/2896
f 3025/3025 3024/3024 2896/2896
f 2893/2893 3025/3025 2896/2896
f 3022/3022 3025/3025 2893/2893
f 2897/2897 3023/3023 2894/2894
f 2897/2897 3026/3026 3023/3023
f 3027/3027 2898/2898 2899/2899
f 3028/3028 3027/3027 2899/2899
f 3028/3028 2899/2899 2895/2895
f 3029/3029 3028/3028 2895/2895
f 3024/3024 3029/3029 2895/2895
f 3029/3029 3024/3024 3025/3025
f 2900/2900 3026/3026 2897/2897
f 2900/2900 3030/3030 3026/3026
f 3032/3032 3031/3031 3027/3027
f 3031/3031 2898/2898 3027/3027
f 3031/3031 2901/2901 2898/2898
f 3032/3032 3027/3027 3028/3028
f 2902/2902 3030/3030 2900/2900
f 2902/2902 3033/3033 3030/3030
f 3036/3036 3035/3035 3034/3034
f 3031/3031 3036/3036 3034/3034
f 2904/2904 3031/3031 3034/3034
f 2901/2901 3031/3031 2904/2904
f 2905/2905 3033/3033 2902/2902
f 2905/2905 3037/3037 3033/3033
f 3040/3040 3039/3039 3038/3038
f 3040/3040 3038/3038 3035/3035
f 3035/3035 3038/3038 3034/3034
f 3038/3038 2906/2906 3034/3034
f 2906/2906 2907/2907 3034/3034
f 3034/3034 2907/2907 2904/2904
f 2908/2908 3037/3037 2905/2905
f 2908/2908 3041/3041 3037/3037
f 3039/3039 3042/3042 3038/3038
f 2906/2906 3038/3038 3042/3042
f 3043/3043 2906/2906 3042/3042
f 2910/2910 2906/2906 3043/3043
f 2911/2911 3041/3041 2908/2908
f 2911/2911 3044/3044 3041/3041
f 3046/3046 3045/3045 2913/2913
f 2913/2913 3045/3045 2912/2912
f 2913/2913 2910/2910 3043/3043
f 2913/2913 3043/3043 3046/3046
f 2914/2914 3044/3044 2911/2911
f 2914/2914 3047/3047 3044/3044
f 3048/3048 2916/2916 2917/2917
f 3049/3049 3048/3048 2917/2917
f 2912/2912 3049/3049 2917/2917
f 3045/3045 3049/3049 2912/2912
f 2918/2918 3047/3047 2914/2914
f 2918/2918 3050/3050 3047/3047
f 3051/3051 2919/2919 3048/3048
f 3048/3048 2919/2919 2916/2916
f 3048/3048 3049/3049 3052/3052
f 3048/3048 3052/3052 3051/3051
f 2920/2920 3050/3050 2918/2918
f 2920/2920 3053/3053 3050/3050
f 3055/3055 3054/3054 2922/2922
f 2922/2922 3054/3054 2921/2921
f 2922/2922 2919/2919 3051/3051
f 3056/3056 2922/2922 3051/3051
f 3055/3055 2922/2922 3056/3056
f 3056/3056 3051/3051 3052/3052
f 2923/2923 3053/3053 2920/2920
f 2923/2923 3057/3057 3053/3053
f 3054/3054 2925/2925 2921/2921
f 3058/3058 2925/2925 3054/3054
f 2926/2926 3057/3057 2923/2923
f 2926/2926 3059/3059 3057/3057
f 3058/3058 2928/2928 2925/2925
f 3060/3060 2928/2928 3058/3058
f 2929/2929 3059/3059 2926/2926
f 2929/2929 3061/3061 3059/3059
f 3063/3063 3062/3062 2931/2931
f 2931/2931 3062/3062 2930/2930
f 2931/2931 2928/2928 3060/3060
f 2931/2931 3060/3060 3063/3063
f 2932/2932 3061/3061 2929/2929
f 2932/2932 3064/3064 3061/3061
f 3062/3062 2934/2934 2930/2930
f 3065/3065 2934/2934 3062/3062
f 2935/2935 3064/3064 2932/2932
f 2935/2935 3066/3066 3064/3064
f 3067/3067 2936/2936 2937/2937
f 3068/3068 3067/3067 2937/2937
f 2934/2934 3068/3068 2937/2937
f 3065/3065 3068/3068 2934/2934
f 2938/2938 3066/3066 2935/2935
f 2938/2938 3069/3069 3066/3066
f 3070/3070 2939/2939 3067/3067
f 3067/3067 2939/2939 2936/2936
f 3067/3067 3068/3068 3071/3071
f 3067/3067 3071/3071 3070/3070
f 2940/2940 3069/3069 2938/2938
f 2940/2940 3072/3072 3069/3069
f 3074/3074 3073/3073 3070/3070
f 3073/3073 2939/2939 3070/3070
f 3073/3073 2942/2942 2939/2939
f 3074/3074 3070/3070 3071/3071
f 2943/2943 3072/3072 2940/2940
f 2943/2943 3075/3075 3072/3072
f 3073/3073 2945/2945 2942/2942
f 3076/3076 2945/2945 3073/3073
f 2946/2946 3075/3075 2943/2943
f 2946/2946 3077/3077 3075/3075
f 3078/3078 2947/2947 2948/2948
f 3079/3079 3078/3078 2948/2948
f 2945/2945 3079/3079 2948/2948
f 3076/3076 3079/3079 2945/2945
f 2949/2949 3077/3077 2946/2946
f 2949/2949 3080/3080 3077/3077
f 3081/3081 2951/2951 3078/3078
f 3078/3078 2951/2951 2947/2947
f 3078/3078 3079/3079 3082/3082
f 3078/3078 3082/3082 3081/3081
f 3083/3083 3080/3080 2949/2949
f 3083/3083 2949/2949 2952/2952
f 3084/3084 2952/2952 2953/2953
f 3084/3084 3083/3083 2952/2952
f 3085/3085 2953/2953 2954/2954
f 3085/3085 3084/3084 2953/2953
f 3086/3086 2954/2954 2955/2955
f 3086/3086 3085/3085 2954/2954
f 3087/3087 2955/2955 2956/2956
f 3087/3087 3086/3086 2955/2955
f 2956/2956 2951/2951 3081/3081
f 3088/3088 2956/2956 3081/3081
f 3087/3087 2956/2956 3088/3088
f 3088/3088 3081/3081 3082/3082
f 3090/3090 3089/3089 2957/2957
f 3090/3090 2957/2957 2958/2958
f 2957/2957 3091/3091 2959/2959
f 3089/3089 3091/3091 2957/2957
f 2959/2959 3092/3092 2960/2960
f 3091/3091 3092/3092 2959/2959
f 2960/2960 3093/3093 2961/2961
f 3092/3092 3093/3093 2960/2960
f 2961/2961 3094/3094 2962/2962
f 3093/3093 3094/3094 2961/2961
f 2962/2962 3095/3095 2963/2963
f 3094/3094 3095/3095 2962/2962
f 2963/2963 3096/3096 2964/2964
f 3095/3095 3096/3096 2963/2963
f 2964/2964 3097/3097 2965/2965
f 3096/3096 3097/3097 2964/2964
f 2965/2965 3098/3098 2966/2966
f 3097/3097 3098/3098 2965/2965
f 2966/2966 3099/3099 2967/2967
f 3098/3098 3099/3099 2966/2966
f 2967/2967 3100/3100 2968/2968
f 3099/3099 3100/3100 2967/2967
f 2968/2968 3101/3101 2969/2969
f 3100/3100 3101/3101 2968/2968
f 2969/2969 3102/3102 2970/2970
f 3101/3101 3102/3102 2969/2969
f 2970/2970 3103/3103 2971/2971
f 3102/3102 3103/3103 2970/2970
f 2971/2971 3104/3104 2972/2972
f 3103/3103 3104/3104 2971/2971
f 2972/2972 3105/3105 2973/2973
f 3104/3104 3105/3105 2972/2972
f 2973/2973 3106/3106 2974/2974
f 3105/3105 3106/3106 2973/2973
f 2974/2974 3107/3107 2975/2975
f 3106/3106 3107/3107 2974/2974
f 2976/2976 2975/2975 3107/3107
f 2976/2976 3107/3107 3108/3108
f 2977/2977 3090/3090 2958/2958
f 2977/2977 3109/3109 3090/3090
f 3108/3108 2978/2978 2976/2976
f 3110/3110 2978/2978 3108/3108
f 2979/2979 3109/3109 2977/2977
f 2979/2979 3111/3111 3109/3109
f 3110/3110 2980/2980 2978/2978
f 3112/3112 2980/2980 3110/3110
f 2981/2981 3111/3111 2979/2979
f 2981/2981 3113/3113 3111/3111
f 3112/3112 2982/2982 2980/2980
f 3114/3114 2982/2982 3112/3112
f 2983/2983 3113/3113 2981/2981
f 2983/2983 3115/3115 3113/3113
f 3114/3114 2984/2984 2982/2982
f 3116/3116 2984/2984 3114/3114
f 2985/2985 3115/3115 2983/2983
f 2985/2985 3117/3117 3115/3115
f 3116/3116 2986/2986 2984/2984
f 3118/3118 2986/2986 3116/3116
f 2987/2987 3117/3117 2985/2985
f 2987/2987 3119/3119 3117/3117
f 3118/3118 2988/2988 2986/2986
f 3120/3120 2988/2988 3118/3118
f 2989/2989 3119/3119 2987/2987
f 2989/2989 3121/3121 3119/3119
f 3120/3120 2990/2990 2988/2988
f 3122/3122 2990/2990 3120/3120
f 2991/2991 3121/3121 2989/2989
f 2991/2991 3123/3123 3121/3121
f 3122/3122 2992/2992 2990/2990
f 3124/3124 2992/2992 3122/3122
f 2993/2993 3123/3123 2991/2991
f 2993/2993 3125/3125 3123/3123
f 3124/3124 2994/2994 2992/2992
f 3126/3126 2994/2994 3124/3124
f 2995/2995 3125/3125 2993/2993
f 2995/2995 3127/3127 3125/3125
f 2996/2996 2994/2994 3128/3128
f 2994/2994 3129/3129 3128/3128
f 2994/2994 3126/3126 3129/3129
f 3128/3128 2997/2997 2996/2996
f 2998/2998 3127/3127 2995/2995
f 2998/2998 3130/3130 3127/3127
f 3129/3129 3131/3131 3128/3128
f 2997/2997 3128/3128 3131/3131
f 3132/3132 2997/2997 3131/3131
f 2999/2999 2997/2997 3132/3132
f 3000/3000 3130/3130 2998/2998
f 3000/3000 3133/3133 3130/3130
f 3135/3135 3134/3134 3002/3002
f 3002/3002 3134/3134 3001/3001
f 3002/3002 2999/2999 3132/3132
f 3002/3002 3132/3132 3135/3135
f 3003/3003 3133/3133 3000/3000
f 3003/3003 3136/3136 3133/3133
f 3139/3139 3138/3138 3137/3137
f 3005/3005 3006/3006 3137/3137
f 3006/3006 3139/3139 3137/3137
f 3006/3006 3140/3140 3139/3139
f 3006/3006 3001/3001 3134/3134
f 3006/3006 3134/3134 3140/3140
f 3007/3007 3136/3136 3003/3003
f 3007/3007 3141/3141 3136/3136
f 3138/3138 3142/3142 3137/3137
f 3005/3005 3137/3137 3142/3142
f 3143/3143 3005/3005 3142/3142
f 3009/3009 3005/3005 3143/3143
f 3010/3010 3141/3141 3007/3007
f 3010/3010 3144/3144 3141/3141
f 3145/3145 3011/3011 3012/3012
f 3013/3013 3146/3146 3012/3012
f 3012/3012 3146/3146 3145/3145
f 3147/3147 3146/3146 3013/3013
f 3009/3009 3147/3147 3013/3013
f 3143/3143 3147/3147 3009/3009
f 3014/3014 3144/3144 3010/3010
f 3014/3014 3148/3148 3144/3144
f 3150/3150 3149/3149 3016/3016
f 3016/3016 3149/3149 3015/3015
f 3016/3016 3011/3011 3145/3145
f 3151/3151 3016/3016 3145/3145
f 3150/3150 3016/3016 3151/3151
f 3151/3151 3145/3145 3146/3146
f 3151/3151 3146/3146 3152/3152
f 3152/3152 3146/3146 3147/3147
f 3017/3017 3148/3148 3014/3014
f 3017/3017 3153/3153 3148/3148
f 3149/3149 3018/3018 3015/3015
f 3154/3154 3018/3018 3149/3149
f 3019/3019 3153/3153 3017/3017
f 3019/3019 3155/3155 3153/3153
f 3154/3154 3020/3020 3018/3018
f 3156/3156 3020/3020 3154/3154
f 3021/3021 3155/3155 3019/3019
f 3021/3021 3157/3157 3155/3155
f 3156/3156 3022/3022 3020/3020
f 3158/3158 3022/3022 3156/3156
f 3023/3023 3157/3157 3021/3021
f 3023/3023 3159/3159 3157/3157
f 3162/3162 3161/3161 3160/3160
f 3158/3158 3162/3162 3160/3160
f 3025/3025 3158/3158 3160/3160
f 3022/3022 3158/3158 3025/3025
f 3026/3026 3159/3159 3023/3023
f 3026/3026 3163/3163 3159/3159
f 3160/3160 3161/3161 3029/3029
f 3161/3161 3028/3028 3029/3029
f 3161/3161 3164/3164 3028/3028
f 3160/3160 3029/3029 3025/3025
f 3030/3030 3163/3163 3026/3026
f 3030/3030 3165/3165 3163/3163
f 3167/3167 3166/3166 3032/3032
f 3032/3032 3166/3166 3031/3031
f 3032/3032 3028/3028 3164/3164
f 3032/3032 3164/3164 3167/3167
f 3033/3033 3165/3165 3030/3030
f 3033/3033 3168/3168 3165/3165
f 3169/3169 3035/3035 3036/3036
f 3170/3170 3169/3169 3036/3036
f 3031/3031 3170/3170 3036/3036
f 3166/3166 3170/3170 3031/3031
f 3037/3037 3168/3168 3033/3033
f 3037/3037 3171/3171 3168/3168
f 3172/3172 3039/3039 3040/3040
f 3173/3173 3172/3172 3040/3040
f 3173/3173 3040/3040 3035/3035
f 3174/3174 3173/3173 3035/3035
f 3169/3169 3174/3174 3035/3035
f 3174/3174 3169/3169 3170/3170
f 3041/3041 3171/3171 3037/3037
f 3041/3041 3175/3175 3171/3171
f 3172/3172 3042/3042 3039/3039
f 3043/3043 3042/3042 3172/3172
f 3173/3173 3043/3043 3172/3172
f 3176/3176 3043/3043 3173/3173
f 3044/3044 3175/3175 3041/3041
f 3044/3044 3177/3177 3175/3175
f 3178/3178 3045/3045 3046/3046
f 3179/3179 3178/3178 3046/3046
f 3043/3043 3179/3179 3046/3046
f 3176/3176 3179/3179 3043/3043
f 3047/3047 3177/3177 3044/3044
f 3047/3047 3180/3180 3177/3177
f 3181/3181 3049/3049 3178/3178
f 3178/3178 3049/3049 3045/3045
f 3178/3178 3179/3179 3182/3182
f 3178/3178 3182/3182 3181/3181
f 3050/3050 3180/3180 3047/3047
f 3050/3050 3183/3183 3180/3180
f 3185/3185 3184/3184 3181/3181
f 3184/3184 3049/3049 3181/3181
f 3184/3184 3052/3052 3049/3049
f 3185/3185 3181/3181 3182/3182
f 3053/3053 3183/3183 3050/3050
f 3053/3053 3186/3186 3183/3183
f 3187/3187 3054/3054 3055/3055
f 3187/3187 3055/3055 3188/3188
f 3055/3055 3189/3189 3188/3188
f 3055/3055 3056/3056 3189/3189
f 3056/3056 3052/3052 3184/3184
f 3056/3056 3184/3184 3189/3189
f 3057/3057 3186/3186 3053/3053
f 3057/3057 3190/3190 3186/3186
f 3192/3192 3191/3191 3187/3187
f 3191/3191 3054/3054 3187/3187
f 3191/3191 3058/3058 3054/3054
f 3192/3192 3187/3187 3188/3188
f 3059/3059 3190/3190 3057/3057
f 3059/3059 3193/3193 3190/3190
f 3191/3191 3060/3060 3058/3058
f 3194/3194 3060/3060 3191/3191
f 3061/3061 3193/3193 3059/3059
f 3061/3061 3195/3195 3193/3193
f 3197/3197 3196/3196 3063/3063
f 3063/3063 3196/3196 3062/3062
f 3063/3063 3060/3060 3194/3194
f 3063/3063 3194/3194 3197/3197
f 3064/3064 3195/3195 3061/3061
f 3064/3064 3198/3198 3195/3195
f 3196/3196 3065/3065 3062/3062
f 3199/3199 3065/3065 3196/3196
f 3066/3066 3198/3198 3064/3064
f 3066/3066 3200/3200 3198/3198
f 3199/3199 3068/3068 3065/3065
f 3201/3201 3068/3068 3199/3199
f 3069/3069 3200/3200 3066/3066
f 3069/3069 3202/3202 3200/3200
f 3201/3201 3071/3071 3068/3068
f 3203/3203 3071/3071 3201/3201
f 3072/3072 3202/3202 3069/3069
f 3072/3072 3204/3204 3202/3202
f 3205/3205 3073/3073 3074/3074
f 3206/3206 3205/3205 3074/3074
f 3071/3071 3206/3206 3074/3074
f 3203/3203 3206/3206 3071/3071
f 3075/3075 3204/3204 3072/3072
f 3075/3075 3207/3207 3204/3204
f 3209/3209 3208/3208 3205/3205
f 3208/3208 3073/3073 3205/3205
f 3208/3208 3076/3076 3073/3073
f 3209/3209 3205/3205 3206/3206
f 3077/3077 3207/3207 3075/3075
f 3077/3077 3210/3210 3207/3207
f 3208/3208 3079/3079 3076/3076
f 3211/3211 3079/3079 3208/3208
f 3080/3080 3210/3210 3077/3077
f 3080/3080 3212/3212 3210/3210
f 3211/3211 3082/3082 3079/3079
f 3213/3213 3082/3082 3211/3211
f 3214/3214 3212/3212 3080/3080
f 3214/3214 3080/3080 3083/3083
f 3215/3215 3083/3083 3084/3084
f 3215/3215 3214/3214 3083/3083
f 3216/3216 3084/3084 3085/3085
f 3216/3216 3215/3215 3084/3084
f 3217/3217 3085/3085 3086/3086
f 3217/3217 3216/3216 3085/3085
f 3218/3218 3086/3086 3087/3087
f 3218/3218 3217/3217 3086/3086
f 3219/3219 3087/3087 3088/3088
f 3219/3219 3218/3218 3087/3087
f 3088/3088 3082/3082 3213/3213
f 3088/3088 3213/3213 3219/3219
f 3221/3221 3220/3220 3089/3089
f 3221/3221 3089/3089 3090/3090
f 3089/3089 3222/3222 3091/3091
f 3220/3220 3222/3222 3089/3089
f 3091/3091 3223/3223 3092/3092
f 3222/3222 3223/3223 3091/3091
f 3092/3092 3224/3224 3093/3093
f 3223/3223 3224/3224 3092/3092
f 3093/3093 3225/3225 3094/3094
f 3224/3224 3225/3225 3093/3093
f 3094/3094 3226/3226 3095/3095
f 3225/3225 3226/3226 3094/3094
f 3095/3095 3227/3227 3096/3096
f 3226/3226 3227/3227 3095/3095
f 3096/3096 3228/3228 3097/3097
f 3227/3227 3228/3228 3096/3096
f 3097/3097 3229/3229 3098/3098
f 3228/3228 3229/3229 3097/3097
f 3098/3098 3230/3230 3099/3099
f 3229/3229 3230/3230 3098/3098
f 3099/3099 3231/3231 3100/3100
f 3230/3230 3231/3231 3099/3099
f 3100/3100 3232/3232 3101/3101
f 3231/3231 3232/3232 3100/3100
f 3101/3101 3233/3233 3102/3102
f 3232/3232 3233/3233 3101/3101
f 3102/3102 3234/3234 3103/3103
f 3233/3233 3234/3234 3102/3102
f 3103/3103 3235/3235 3104/3104
f 3234/3234 3235/3235 3103/3103
f 3104/3104 3236/3236 3105/3105
f 3235/3235 3236/3236 3104/3104
f 3105/3105 3237/3237 3106/3106
f 3236/3236 3237/3237 3105/3105
f 3106/3106 3238/3238 3107/3107
f 3237/3237 3238/3238 3106/3106
f 3108/3108 3107/3107 3238/3238
f 3108/3108 3238/3238 3239/3239
f 3109/3109 3221/3221 3090/3090
f 3109/3109 3240/3240 3221/3221
f 3239/3239 3110/3110 3108/3108
f 3241/3241 3110/3110 3239/3239
f 3111/3111 3240/3240 3109/3109
f 3111/3111 3242/3242 3240/3240
f 3241/3241 3112/3112 3110/3110
f 3243/3243 3112/3112 3241/3241
f 3113/3113 3242/3242 3111/3111
f 3113/3113 3244/3244 3242/3242
f 3243/3243 3114/3114 3112/3112
f 3245/3245 3114/3114 3243/3243
f 3115/3115 3244/3244 3113/3113
f 3115/3115 3246/3246 3244/3244
f 3245/3245 3116/3116 3114/3114
f 3247/3247 3116/3116 3245/3245
f 3117/3117 3246/3246 3115/3115
f 3117/3117 3248/3248 3246/3246
f 3247/3247 3118/3118 3116/3116
f 3249/3249 3118/3118 3247/3247
f 3119/3119 3248/3248 3117/3117
f 3119/3119 3250/3250 3248/3248
f 3249/3249 3120/3120 3118/3118
f 3251/3251 3120/3120 3249/3249
f 3121/3121 3250/3250 3119/3119
f 3121/3121 3252/3252 3250/3250
f 3251/3251 3122/3122 3120/3120
f 3253/3253 3122/3122 3251/3251
f 3123/3123 3252/3252 3121/3121
f 3123/3123 3254/3254 3252/3252
f 3253/3253 3124/3124 3122/3122
f 3255/3255 3124/3124 3253/3253
f 3125/3125 3254/3254 3123/3123
f 3125/3125 3256/3256 3254/3254
f 3255/3255 3126/3126 3124/3124
f 3257/3257 3126/3126 3255/3255
f 3127/3127 3256/3256 3125/3125
f 3127/3127 3258/3258 3256/3256
f 3257/3257 3129/3129 3126/3126
f 3259/3259 3129/3129 3257/3257
f 3130/3130 3258/3258 3127/3127
f 3130/3130 3260/3260 3258/3258
f 3131/3131 3129/3129 3261/3261
f 3129/3129 3262/3262 3261/3261
f 3129/3129 3259/3259 3262/3262
f 3261/3261 3132/3132 3131/3131
f 3133/3133 3260/3260 3130/3130
f 3133/3133 3263/3263 3260/3260
f 3264/3264 3134/3134 3135/3135
f 3262/3262 3265/3265 3261/3261
f 3132/3132 3261/3261 3265/3265
f 3266/3266 3132/3132 3265/3265
f 3132/3132 3264/3264 3135/3135
f 3132/3132 3266/3266 3264/3264
f 3136/3136 3263/3263 3133/3133
f 3136/3136 3267/3267 3263/3263
f 3268/3268 3138/3138 3139/3139
f 3140/3140 3269/3269 3139/3139
f 3139/3139 3269/3269 3268/3268
f 3134/3134 3264/3264 3140/3140
f 3264/3264 3269/3269 3140/3140
f 3264/3264 3270/3270 3269/3269
f 3264/3264 3266/3266 3271/3271
f 3264/3264 3271/3271 3270/3270
f 3141/3141 3267/3267 3136/3136
f 3141/3141 3272/3272 3267/3267
f 3268/3268 3142/3142 3138/3138
f 3142/3142 3268/3268 3143/3143
f 3268/3268 3273/3273 3143/3143
f 3268/3268 3269/3269 3273/3273
f 3270/3270 3275/3275 3274/3274
f 3273/3273 3270/3270 3274/3274
f 3269/3269 3270/3270 3273/3273
f 3275/3275 3270/3270 3271/3271
f 3144/3144 3272/3272 3141/3141
f 3144/3144 3276/3276 3272/3272
f 3277/3277 3147/3147 3273/3273
f 3273/3273 3147/3147 3143/3143
f 3273/3273 3274/3274 3278/3278
f 3273/3273 3278/3278 3277/3277
f 3148/3148 3276/3276 3144/3144
f 3148/3148 3279/3279 3276/3276
f 3280/3280 3149/3149 3150/3150
f 3151/3151 3281/3281 3150/3150
f 3150/3150 3281/3281 3280/3280
f 3152/3152 3282/3282 3151/3151
f 3151/3151 3282/3282 3281/3281
f 3283/3283 3282/3282 3152/3152
f 3283/3283 3152/3152 3147/3147
f 3284/3284 3283/3283 3147/3147
f 3277/3277 3284/3284 3147/3147
f 3284/3284 3277/3277 3278/3278
f 3153/3153 3279/3279 3148/3148
f 3153/3153 3285/3285 3279/3279
f 3286/3286 3154/3154 3280/3280
f 3280/3280 3154/3154 3149/3149
f 3281/3281 3288/3288 3287/3287
f 3286/3286 3281/3281 3287/3287
f 3280/3280 3281/3281 3286/3286
f 3288/3288 3281/3281 3282/3282
f 3288/3288 3282/3282 3289/3289
f 3289/3289 3282/3282 3283/3283
f 3155/3155 3285/3285 3153/3153
f 3155/3155 3290/3290 3285/3285
f 3292/3292 3291/3291 3286/3286
f 3291/3291 3154/3154 3286/3286
f 3291/3291 3156/3156 3154/3154
f 3292/3292 3286/3286 3287/3287
f 3157/3157 3290/3290 3155/3155
f 3157/3157 3293/3293 3290/3290
f 3291/3291 3158/3158 3156/3156
f 3294/3294 3158/3158 3291/3291
f 3159/3159 3293/3293 3157/3157
f 3159/3159 3295/3295 3293/3293
f 3296/3296 3161/3161 3162/3162
f 3297/3297 3296/3296 3162/3162
f 3158/3158 3297/3297 3162/3162
f 3294/3294 3297/3297 3158/3158
f 3163/3163 3295/3295 3159/3159
f 3163/3163 3298/3298 3295/3295
f 3300/3300 3299/3299 3296/3296
f 3299/3299 3161/3161 3296/3296
f 3299/3299 3164/3164 3161/3161
f 3300/3300 3296/3296 3297/3297
f 3165/3165 3298/3298 3163/3163
f 3165/3165 3301/3301 3298/3298
f 3303/3303 3302/3302 3167/3167
f 3167/3167 3302/3302 3166/3166
f 3167/3167 3164/3164 3299/3299
f 3167/3167 3299/3299 3303/3303
f 3168/3168 3301/3301 3165/3165
f 3168/3168 3304/3304 3301/3301
f 3302/3302 3170/3170 3166/3166
f 3305/3305 3170/3170 3302/3302
f 3171/3171 3304/3304 3168/3168
f 3171/3171 3306/3306 3304/3304
f 3308/3308 3307/3307 3174/3174
f 3174/3174 3307/3307 3173/3173
f 3174/3174 3170/3170 3305/3305
f 3174/3174 3305/3305 3308/3308
f 3175/3175 3306/3306 3171/3171
f 3175/3175 3309/3309 3306/3306
f 3307/3307 3176/3176 3173/3173
f 3310/3310 3176/3176 3307/3307
f 3177/3177 3309/3309 3175/3175
f 3177/3177 3311/3311 3309/3309
f 3310/3310 3179/3179 3176/3176
f 3312/3312 3179/3179 3310/3310
f 3180/3180 3311/3311 3177/3177
f 3180/3180 3313/3313 3311/3311
f 3312/3312 3182/3182 3179/3179
f 3314/3314 3182/3182 3312/3312
f 3183/3183 3313/3313 3180/3180
f 3183/3183 3315/3315 3313/3313
f 3316/3316 3184/3184 3185/3185
f 3317/3317 3316/3316 3185/3185
f 3182/3182 3317/3317 3185/3185
f 3314/3314 3317/3317 3182/3182
f 3186/3186 3315/3315 3183/3183
f 3186/3186 3318/3318 3315/3315
f 3319/3319 3188/3188 3189/3189
f 3320/3320 3319/3319 3189/3189
f 3320/3320 3189/3189 3184/3184
f 3321/3321 3320/3320 3184/3184
f 3316/3316 3321/3321 3184/3184
f 3321/3321 3316/3316 3317/3317
f 3190/3190 3318/3318 3186/3186
f 3190/3190 3322/3322 3318/3318
f 3323/3323 3191/3191 3192/3192
f 3324/3324 3323/3323 3192/3192
f 3324/3324 3192/3192 3188/3188
f 3325/3325 3324/3324 3188/3188
f 3319/3319 3325/3325 3188/3188
f 3325/3325 3319/3319 3320/3320
f 3193/3193 3322/3322 3190/3190
f 3193/3193 3326/3326 3322/3322
f 3328/3328 3327/3327 3323/3323
f 3327/3327 3191/3191 3323/3323
f 3327/3327 3194/3194 3191/3191
f 3328/3328 3323/3323 3324/3324
f 3195/3195 3326/3326 3193/3193
f 3195/3195 3329/3329 3326/3326
f 3330/3330 3196/3196 3197/3197
f 3331/3331 3330/3330 3197/3197
f 3194/3194 3331/3331 3197/3197
f 3327/3327 3331/3331 3194/3194
f 3198/3198 3329/3329 3195/3195
f 3198/3198 3332/3332 3329/3329
f 3333/3333 3199/3199 3330/3330
f 3330/3330 3199/3199 3196/3196
f 3330/3330 3331/3331 3334/3334
f 3330/3330 3334/3334 3333/3333
f 3200/3200 3332/3332 3198/3198
f 3200/3200 3335/3335 3332/3332
f 3336/3336 3201/3201 3333/3333
f 3333/3333 3201/3201 3199/3199
f 3333/3333 3334/3334 3337/3337
f 3333/3333 3337/3337 3336/3336
f 3202/3202 3335/3335 3200/3200
f 3202/3202 3338/3338 3335/3335
f 3340/3340 3339/3339 3336/3336
f 3339/3339 3201/3201 3336/3336
f 3339/3339 3203/3203 3201/3201
f 3340/3340 3336/3336 3337/3337
f 3204/3204 3338/3338 3202/3202
f 3204/3204 3341/3341 3338/3338
f 3339/3339 3206/3206 3203/3203
f 3342/3342 3206/3206 3339/3339
f 3207/3207 3341/3341 3204/3204
f 3207/3207 3343/3343 3341/3341
f 3344/3344 3208/3208 3209/3209
f 3345/3345 3344/3344 3209/3209
f 3206/3206 3345/3345 3209/3209
f 3342/3342 3345/3345 3206/3206
f 3210/3210 3343/3343 3207/3207
f 3210/3210 3346/3346 3343/3343
f 3347/3347 3211/3211 3344/3344
f 3344/3344 3211/3211 3208/3208
f 3344/3344 3345/3345 3348/3348
f 3344/3344 3348/3348 3347/3347
f 3212/3212 3346/3346 3210/3210
f 3212/3212 3349/3349 3346/3346
f 3351/3351 3350/3350 3347/3347
f 3350/3350 3211/3211 3347/3347
f 3350/3350 3213/3213 3211/3211
f 3351/3351 3347/3347 3348/3348
f 3352/3352 3349/3349 3212/3212
f 3352/3352 3212/3212 3214/3214
f 3353/3353 3214/3214 3215/3215
f 3353/3353 3352/3352 3214/3214
f 3354/3354 3215/3215 3216/3216
f 3354/3354 3353/3353 3215/3215
f 3355/3355 3216/3216 3217/3217
f 3355/3355 3354/3354 3216/3216
f 3356/3356 3217/3217 3218/3218
f 3356/3356 3355/3355 3217/3217
f 3357/3357 3218/3218 3219/3219
f 3357/3357 3356/3356 3218/3218
f 3219/3219 3213/3213 3350/3350
f 3219/3219 3350/3350 3357/3357
f 3359/3359 3358/3358 3220/3220
f 3359/3359 3220/3220 3221/3221
f 3220/3220 3360/3360 3222/3222
f 3358/3358 3360/3360 3220/3220
f 3222/3222 3361/3361 3223/3223
f 3360/3360 3361/3361 3222/3222
f 3223/3223 3362/3362 3224/3224
f 3361/3361 3362/3362 3223/3223
f 3224/3224 3363/3363 3225/3225
f 3362/3362 3363/3363 3224/3224
f 3225/3225 3364/3364 3226/3226
f 3363/3363 3364/3364 3225/3225
f 3226/3226 3365/3365 3227/3227
f 3364/3364 3365/3365 3226/3226
f 3227/3227 3366/3366 3228/3228
f 3365/3365 3366/3366 3227/3227
f 3228/3228 3367/3367 3229/3229
f 3366/3366 3367/3367 3228/3228
f 3229/3229 3368/3368 3230/3230
f 3367/3367 3368/3368 3229/3229
f 3230/3230 3369/3369 3231/3231
f 3368/3368 3369/3369 3230/3230
f 3231/3231 3370/3370 3232/3232
f 3369/3369 3370/3370 3231/3231
f 3232/3232 3371/3371 3233/3233
f 3370/3370 3371/3371 3232/3232
f 3233/3233 3372/3372 3234/3234
f 3371/3371 3372/3372 3233/3233
f 3234/3234 3373/3373 3235/3235
f 3372/3372 3373/3373 3234/3234
f 3235/3235 3374/3374 3236/3236
f 3373/3373 3374/3374 3235/3235
f 3236/3236 3375/3375 3237/3237
f 3374/3374 3375/3375 3236/3236
f 3237/3237 3376/3376 3238/3238
f 3375/3375 3376/3376 3237/3237
f 3239/3239 3238/3238 3376/3376
f 3239/3239 3376/3376 3377/3377
f 3240/3240 3359/3359 3221/3221
f 3240/3240 3378/3378 3359/3359
f 3377/3377 3241/3241 3239/3239
f 3379/3379 3241/3241 3377/3377
f 3242/3242 3378/3378 3240/3240
f 3242/3242 3380/3380 3378/3378
f 3379/3379 3243/3243 3241/3241
f 3381/3381 3243/3243 3379/3379
f 3244/3244 3380/3380 3242/3242
f 3244/3244 3382/3382 3380/3380
f 3381/3381 3245/3245 3243/3243
f 3383/3383 3245/3245 3381/3381
f 3246/3246 3382/3382 3244/3244
f 3246/3246 3384/3384 3382/3382
f 3383/3383 3247/3247 3245/3245
f 3385/3385 3247/3247 3383/3383
f 3248/3248 3384/3384 3246/3246
f 3248/3248 3386/3386 3384/3384
f 3385/3385 3249/3249 3247/3247
f 3387/3387 3249/3249 3385/3385
f 3250/3250 3386/3386 3248/3248
f 3250/3250 3388/3388 3386/3386
f 3387/3387 3251/3251 3249/3249
f 3389/3389 3251/3251 3387/3387
f 3252/3252 3388/3388 3250/3250
f 3252/3252 3390/3390 3388/3388
f 3389/3389 3253/3253 3251/3251
f 3391/3391 3253/3253 3389/3389
f 3254/3254 3390/3390 3252/3252
f 3254/3254 3392/3392 3390/3390
f 3391/3391 3255/3255 3253/3253
f 3393/3393 3255/3255 3391/3391
f 3256/3256 3392/3392 3254/3254
f 3256/3256 3394/3394 3392/3392
f 3393/3393 3257/3257 3255/3255
f 3395/3395 3257/3257 3393/3393
f 3258/3258 3394/3394 3256/3256
f 3258/3258 3396/3396 3394/3394
f 3395/3395 3259/3259 3257/3257
f 3397/3397 3259/3259 3395/3395
f 3260/3260 3396/3396 3258/3258
f 3260/3260 3398/3398 3396/3396
f 3397/3397 3262/3262 3259/3259
f 3399/3399 3262/3262 3397/3397
f 3263/3263 3398/3398 3260/3260
f 3263/3263 3400/3400 3398/3398
f 3399/3399 3401/3401 3262/3262
f 3262/3262 3401/3401 3265/3265
f 3266/3266 3265/3265 3401/3401
f 3266/3266 3401/3401 3402/3402
f 3267/3267 3400/3400 3263/3263
f 3267/3267 3403/3403 3400/3400
f 3402/3402 3271/3271 3266/3266
f 3404/3404 3271/3271 3402/3402
f 3272/3272 3403/3403 3267/3267
f 3272/3272 3405/3405 3403/3403
f 3406/3406 3274/3274 3275/3275
f 3407/3407 3406/3406 3275/3275
f 3271/3271 3407/3407 3275/3275
f 3404/3404 3407/3407 3271/3271
f 3276/3276 3405/3405 3272/3272
f 3276/3276 3408/3408 3405/3405
f 3410/3410 3409/3409 3406/3406
f 3409/3409 3274/3274 3406/3406
f 3409/3409 3278/3278 3274/3274
f 3410/3410 3406/3406 3407/3407
f 3279/3279 3408/3408 3276/3276
f 3279/3279 3411/3411 3408/3408
f 3412/3412 3283/3283 3284/3284
f 3413/3413 3412/3412 3284/3284
f 3278/3278 3413/3413 3284/3284
f 3409/3409 3413/3413 3278/3278
f 3285/3285 3411/3411 3279/3279
f 3285/3285 3414/3414 3411/3411
f 3415/3415 3287/3287 3288/3288
f 3289/3289 3416/3416 3288/3288
f 3288/3288 3416/3416 3415/3415
f 3417/3417 3416/3416 3289/3289
f 3417/3417 3289/3289 3283/3283
f 3418/3418 3417/3417 3283/3283
f 3412/3412 3418/3418 3283/3283
f 3418/3418 3412/3412 3413/3413
f 3290/3290 3414/3414 3285/3285
f 3290/3290 3419/3419 3414/3414
f 3420/3420 3291/3291 3292/3292
f 3287/3287 3415/3415 3292/3292
f 3415/3415 3420/3420 3292/3292
f 3415/3415 3421/3421 3420/3420
f 3416/3416 3423/3423 3422/3422
f 3421/3421 3416/3416 3422/3422
f 3415/3415 3416/3416 3421/3421
f 3423/3423 3416/3416 3417/3417
f 3293/3293 3419/3419 3290/3290
f 3293/3293 3424/3424 3419/3419
f 3426/3426 3425/3425 3420/3420
f 3425/3425 3291/3291 3420/3420
f 3425/3425 3294/3294 3291/3291
f 3426/3426 3420/3420 3421/3421
f 3426/3426 3421/3421 3427/3427
f 3427/3427 3421/3421 3422/3422
f 3295/3295 3424/3424 3293/3293
f 3295/3295 3428/3428 3424/3424
f 3431/3431 3430/3430 3429/3429
f 3425/3425 3431/3431 3429/3429
f 3297/3297 3425/3425 3429/3429
f 3294/3294 3425/3425 3297/3297
f 3298/3298 3428/3428 3295/3295
f 3298/3298 3432/3432 3428/3428
f 3429/3429 3430/3430 3300/3300
f 3430/3430 3299/3299 3300/3300
f 3430/3430 3433/3433 3299/3299
f 3429/3429 3300/3300 3297/3297
f 3301/3301 3432/3432 3298/3298
f 3301/3301 3434/3434 3432/3432
f 3435/3435 3302/3302 3303/3303
f 3436/3436 3435/3435 3303/3303
f 3299/3299 3436/3436 3303/3303
f 3433/3433 3436/3436 3299/3299
f 3304/3304 3434/3434 3301/3301
f 3304/3304 3437/3437 3434/3434
f 3439/3439 3438/3438 3435/3435
f 3438/3438 3302/3302 3435/3435
f 3438/3438 3305/3305 3302/3302
f 3439/3439 3435/3435 3436/3436
f 3306/3306 3437/3437 3304/3304
f 3306/3306 3440/3440 3437/3437
f 3441/3441 3307/3307 3308/3308
f 3442/3442 3441/3441 3308/3308
f 3305/3305 3442/3442 3308/3308
f 3438/3438 3442/3442 3305/3305
f 3309/3309 3440/3440 3306/3306
f 3309/3309 3443/3443 3440/3440
f 3445/3445 3444/3444 3441/3441
f 3444/3444 3307/3307 3441/3441
f 3444/3444 3310/3310 3307/3307
f 3445/3445 3441/3441 3442/3442
f 3311/3311 3443/3443 3309/3309
f 3311/3311 3446/3446 3443/3443
f 3444/3444 3312/3312 3310/3310
f 3447/3447 3312/3312 3444/3444
f 3313/3313 3446/3446 3311/3311
f 3313/3313 3448/3448 3446/3446
f 3447/3447 3314/3314 3312/3312
f 3449/3449 3314/3314 3447/3447
f 3315/3315 3448/3448 3313/3313
f 3315/3315 3450/3450 3448/3448
f 3449/3449 3317/3317 3314/3314
f 3451/3451 3317/3317 3449/3449
f 3318/3318 3450/3450 3315/3315
f 3318/3318 3452/3452 3450/3450
f 3454/3454 3453/3453 3321/3321
f 3321/3321 3453/3453 3320/3320
f 3321/3321 3317/3317 3451/3451
f 3321/3321 3451/3451 3454/3454
f 3322/3322 3452/3452 3318/3318
f 3322/3322 3455/3455 3452/3452
f 3457/3457 3456/3456 3325/3325
f 3325/3325 3456/3456 3324/3324
f 3325/3325 3320/3320 3453/3453
f 3325/3325 3453/3453 3457/3457
f 3326/3326 3455/3455 3322/3322
f 3326/3326 3458/3458 3455/3455
f 3460/3460 3459/3459 3328/3328
f 3328/3328 3459/3459 3327/3327
f 3328/3328 3324/3324 3456/3456
f 3328/3328 3456/3456 3460/3460
f 3329/3329 3458/3458 3326/3326
f 3329/3329 3461/3461 3458/3458
f 3459/3459 3331/3331 3327/3327
f 3462/3462 3331/3331 3459/3459
f 3332/3332 3461/3461 3329/3329
f 3332/3332 3463/3463 3461/3461
f 3462/3462 3334/3334 3331/3331
f 3464/3464 3334/3334 3462/3462
f 3335/3335 3463/3463 3332/3332
f 3335/3335 3465/3465 3463/3463
f 3464/3464 3337/3337 3334/3334
f 3466/3466 3337/3337 3464/3464
f 3338/3338 3465/3465 3335/3335
f 3338/3338 3467/3467 3465/3465
f 3468/3468 3339/3339 3340/3340
f 3469/3469 3468/3468 3340/3340
f 3337/3337 3469/3469 3340/3340
f 3466/3466 3469/3469 3337/3337
f 3341/3341 3467/3467 3338/3338
f 3341/3341 3470/3470 3467/3467
f 3472/3472 3471/3471 3468/3468
f 3471/3471 3339/3339 3468/3468
f 3471/3471 3342/3342 3339/3339
f 3472/3472 3468/3468 3469/3469
f 3343/3343 3470/3470 3341/3341
f 3343/3343 3473/3473 3470/3470
f 3471/3471 3345/3345 3342/3342
f 3474/3474 3345/3345 3471/3471
f 3346/3346 3473/3473 3343/3343
f 3346/3346 3475/3475 3473/3473
f 3474/3474 3348/3348 3345/3345
f 3476/3476 3348/3348 3474/3474
f 3349/3349 3475/3475 3346/3346
f 3349/3349 3477/3477 3475/3475
f 3478/3478 3350/3350 3351/3351
f 3479/3479 3478/3478 3351/3351
f 3348/3348 3479/3479 3351/3351
f 3476/3476 3479/3479 3348/3348
f 3480/3480 3477/3477 3349/3349
f 3480/3480 3349/3349 3352/3352
f 3481/3481 3352/3352 3353/3353
f 3481/3481 3480/3480 3352/3352
f 3482/3482 3353/3353 3354/3354
f 3482/3482 3481/3481 3353/3353
f 3483/3483 3354/3354 3355/3355
f 3483/3483 3482/3482 3354/3354
f 3484/3484 3355/3355 3356/3356
f 3484/3484 3483/3483 3355/3355
f 3485/3485 3356/3356 3357/3357
f 3485/3485 3484/3484 3356/3356
f 3357/3357 3350/3350 3478/3478
f 3486/3486 3357/3357 3478/3478
f 3485/3485 3357/3357 3486/3486
f 3486/3486 3478/3478 3479/3479
f 3488/3488 3487/3487 3358/3358
f 3488/3488 3358/3358 3359/3359
f 3358/3358 3489/3489 3360/3360
f 3487/3487 3489/3489 3358/3358
f 3360/3360 3490/3490 3361/3361
f 3489/3489 3490/3490 3360/3360
f 3361/3361 3491/3491 3362/3362
f 3490/3490 3491/3491 3361/3361
f 3362/3362 3492/3492 3363/3363
f 3491/3491 3492/3492 3362/3362
f 3363/3363 3493/3493 3364/3364
f 3492/3492 3493/3493 3363/3363
f 3364/3364 3494/3494 3365/3365
f 3493/3493 3494/3494 3364/3364
f 3365/3365 3495/3495 3366/3366
f 3494/3494 3495/3495 3365/3365
f 3366/3366 3496/3496 3367/3367
f 3495/3495 3496/3496 3366/3366
f 3367/3367 3497/3497 3368/3368
f 3496/3496 3497/3497 3367/3367
f 3368/3368 3498/3498 3369/3369
f 3497/3497 3498/3498 3368/3368
f 3369/3369 3499/3499 3370/3370
f 3498/3498 3499/3499 3369/3369
f 3370/3370 3500/3500 3371/3371
f 3499/3499 3500/3500 3370/3370
f 3371/3371 3501/3501 3372/3372
f 3500/3500 3501/3501 3371/3371
f 3372/3372 3502/3502 3373/3373
f 3501/3501 3502/3502 3372/3372
f 3373/3373 3503/3503 3374/3374
f 3502/3502 3503/3503 3373/3373
f 3374/3374 3504/3504 3375/3375
f 3503/3503 3504/3504 3374/3374
f 3504/3504 3506/3506 3505/3505
f 3376/3376 3504/3504 3505/3505
f 3375/3375 3504/3504 3376/3376
f 3505/3505 3377/3377 3376/3376
f 3378/3378 3488/3488 3359/3359
f 3378/3378 3507/3507 3488/3488
f 3505/3505 3506/3506 3508/3508
f 3508/3508 3506/3506 3509/3509
f 3508/3508 3379/3379 3377/3377
f 3508/3508 3377/3377 3505/3505
f 3380/3380 3507/3507 3378/3378
f 3380/3380 3510/3510 3507/3507
f 3513/3513 3512/3512 3511/3511
f 3513/3513 3511/3511 3509/3509
f 3511/3511 3508/3508 3509/3509
f 3511/3511 3514/3514 3508/3508
f 3514/3514 3381/3381 3379/3379
f 3514/3514 3379/3379 3508/3508
f 3382/3382 3510/3510 3380/3380
f 3382/3382 3515/3515 3510/3510
f 3511/3511 3512/3512 3516/3516
f 3516/3516 3512/3512 3517/3517
f 3511/3511 3518/3518 3514/3514
f 3511/3511 3516/3516 3518/3518
f 3518/3518 3383/3383 3381/3381
f 3518/3518 3381/3381 3514/3514
f 3384/3384 3515/3515 3382/3382
f 3384/3384 3519/3519 3515/3515
f 3516/3516 3517/3517 3520/3520
f 3520/3520 3517/3517 3521/3521
f 3516/3516 3522/3522 3518/3518
f 3516/3516 3520/3520 3522/3522
f 3522/3522 3385/3385 3383/3383
f 3522/3522 3383/3383 3518/3518
f 3386/3386 3519/3519 3384/3384
f 3386/3386 3523/3523 3519/3519
f 3521/3521 3524/3524 3520/3520
f 3526/3526 3525/3525 3524/3524
f 3525/3525 3520/3520 3524/3524
f 3525/3525 3522/3522 3520/3520
f 3525/3525 3387/3387 3385/3385
f 3525/3525 3385/3385 3522/3522
f 3388/3388 3523/3523 3386/3386
f 3388/3388 3527/3527 3523/3523
f 3525/3525 3526/3526 3528/3528
f 3528/3528 3526/3526 3529/3529
f 3528/3528 3389/3389 3387/3387
f 3528/3528 3387/3387 3525/3525
f 3390/3390 3527/3527 3388/3388
f 3390/3390 3530/3530 3527/3527
f 3528/3528 3529/3529 3531/3531
f 3531/3531 3529/3529 3532/3532
f 3531/3531 3391/3391 3389/3389
f 3531/3531 3389/3389 3528/3528
f 3392/3392 3530/3530 3390/3390
f 3392/3392 3533/3533 3530/3530
f 3532/3532 3534/3534 3531/3531
f 3391/3391 3531/3531 3534/3534
f 3535/3535 3391/3391 3534/3534
f 3393/3393 3391/3391 3535/3535
f 3394/3394 3533/3533 3392/3392
f 3394/3394 3536/3536 3533/3533
f 3535/3535 3395/3395 3393/3393
f 3537/3537 3395/3395 3535/3535
f 3396/3396 3536/3536 3394/3394
f 3396/3396 3538/3538 3536/3536
f 3537/3537 3397/3397 3395/3395
f 3539/3539 3397/3397 3537/3537
f 3398/3398 3538/3538 3396/3396
f 3398/3398 3540/3540 3538/3538
f 3539/3539 3399/3399 3397/3397
f 3541/3541 3399/3399 3539/3539
f 3400/3400 3540/3540 3398/3398
f 3400/3400 3542/3542 3540/3540
f 3401/3401 3399/3399 3543/3543
f 3399/3399 3544/3544 3543/3543
f 3399/3399 3541/3541 3544/3544
f 3543/3543 3402/3402 3401/3401
f 3403/3403 3542/3542 3400/3400
f 3403/3403 3545/3545 3542/3542
f 3544/3544 3546/3546 3543/3543
f 3402/3402 3543/3543 3546/3546
f 3547/3547 3402/3402 3546/3546
f 3404/3404 3402/3402 3547/3547
f 3405/3405 3545/3545 3403/3403
f 3405/3405 3548/3548 3545/3545
f 3547/3547 3407/3407 3404/3404
f 3549/3549 3407/3407 3547/3547
f 3408/3408 3548/3548 3405/3405
f 3408/3408 3550/3550 3548/3548
f 3552/3552 3551/3551 3410/3410
f 3410/3410 3551/3551 3409/3409
f 3410/3410 3407/3407 3549/3549
f 3410/3410 3549/3549 3552/3552
f 3411/3411 3550/3550 3408/3408
f 3411/3411 3553/3553 3550/3550
f 3556/3556 3555/3555 3554/3554
f 3551/3551 3556/3556 3554/3554
f 3413/3413 3551/3551 3554/3554
f 3409/3409 3551/3551 3413/3413
f 3414/3414 3553/3553 3411/3411
f 3414/3414 3557/3557 3553/3553
f 3554/3554 3555/3555 3418/3418
f 3555/3555 3417/3417 3418/3418
f 3555/3555 3558/3558 3417/3417
f 3554/3554 3418/3418 3413/3413
f 3419/3419 3557/3557 3414/3414
f 3419/3419 3559/3559 3557/3557
f 3561/3561 3560/3560 3423/3423
f 3423/3423 3560/3560 3422/3422
f 3423/3423 3417/3417 3558/3558
f 3423/3423 3558/3558 3561/3561
f 3424/3424 3559/3559 3419/3419
f 3424/3424 3562/3562 3559/3559
f 3563/3563 3425/3425 3426/3426
f 3563/3563 3426/3426 3564/3564
f 3426/3426 3565/3565 3564/3564
f 3426/3426 3427/3427 3565/3565
f 3427/3427 3422/3422 3560/3560
f 3427/3427 3560/3560 3565/3565
f 3428/3428 3562/3562 3424/3424
f 3428/3428 3566/3566 3562/3562
f 3567/3567 3430/3430 3431/3431
f 3568/3568 3567/3567 3431/3431
f 3568/3568 3431/3431 3425/3425
f 3569/3569 3568/3568 3425/3425
f 3563/3563 3569/3569 3425/3425
f 3569/3569 3563/3563 3564/3564
f 3432/3432 3566/3566 3428/3428
f 3432/3432 3570/3570 3566/3566
f 3572/3572 3571/3571 3567/3567
f 3571/3571 3430/3430 3567/3567
f 3571/3571 3433/3433 3430/3430
f 3572/3572 3567/3567 3568/3568
f 3434/3434 3570/3570 3432/3432
f 3434/3434 3573/3573 3570/3570
f 3571/3571 3436/3436 3433/3433
f 3574/3574 3436/3436 3571/3571
f 3437/3437 3573/3573 3434/3434
f 3437/3437 3575/3575 3573/3573
f 3577/3577 3576/3576 3439/3439
f 3439/3439 3576/3576 3438/3438
f 3439/3439 3436/3436 3574/3574
f 3439/3439 3574/3574 3577/3577
f 3440/3440 3575/3575 3437/3437
f 3440/3440 3578/3578 3575/3575
f 3576/3576 3442/3442 3438/3438
f 3579/3579 3442/3442 3576/3576
f 3443/3443 3578/3578 3440/3440
f 3443/3443 3580/3580 3578/3578
f 3581/3581 3444/3444 3445/3445
f 3582/3582 3581/3581 3445/3445
f 3442/3442 3582/3582 3445/3445
f 3579/3579 3582/3582 3442/3442
f 3446/3446 3580/3580 3443/3443
f 3446/3446 3583/3583 3580/3580
f 3585/3585 3584/3584 3581/3581
f 3584/3584 3444/3444 3581/3581
f 3584/3584 3447/3447 3444/3444
f 3585/3585 3581/3581 3582/3582
f 3448/3448 3583/3583 3446/3446
f 3448/3448 3586/3586 3583/3583
f 3584/3584 3449/3449 3447/3447
f 3587/3587 3449/3449 3584/3584
f 3450/3450 3586/3586 3448/3448
f 3450/3450 3588/3588 3586/3586
f 3587/3587 3451/3451 3449/3449
f 3589/3589 3451/3451 3587/3587
f 3452/3452 3588/3588 3450/3450
f 3452/3452 3590/3590 3588/3588
f 3592/3592 3591/3591 3454/3454
f 3454/3454 3591/3591 3453/3453
f 3454/3454 3451/3451 3589/3589
f 3454/3454 3589/3589 3592/3592
f 3455/3455 3590/3590 3452/3452
f 3455/3455 3593/3593 3590/3590
f 3594/3594 3456/3456 3457/3457
f 3595/3595 3594/3594 3457/3457
f 3453/3453 3595/3595 3457/3457
f 3591/3591 3595/3595 3453/3453
f 3458/3458 3593/3593 3455/3455
f 3458/3458 3596/3596 3593/3593
f 3597/3597 3459/3459 3460/3460
f 3598/3598 3597/3597 3460/3460
f 3598/3598 3460/3460 3456/3456
f 3599/3599 3598/3598 3456/3456
f 3594/3594 3599/3599 3456/3456
f 3599/3599 3594/3594 3595/3595
f 3461/3461 3596/3596 3458/3458
f 3461/3461 3600/3600 3596/3596
f 3602/3602 3601/3601 3597/3597
f 3601/3601 3459/3459 3597/3597
f 3601/3601 3462/3462 3459/3459
f 3602/3602 3597/3597 3598/3598
f 3463/3463 3600/3600 3461/3461
f 3463/3463 3603/3603 3600/3600
f 3601/3601 3464/3464 3462/3462
f 3604/3604 3464/3464 3601/3601
f 3465/3465 3603/3603 3463/3463
f 3465/3465 3605/3605 3603/3603
f 3604/3604 3466/3466 3464/3464
f 3606/3606 3466/3466 3604/3604
f 3467/3467 3605/3605 3465/3465
f 3467/3467 3607/3607 3605/3605
f 3606/3606 3469/3469 3466/3466
f 3608/3608 3469/3469 3606/3606
f 3470/3470 3607/3607 3467/3467
f 3470/3470 3609/3609 3607/3607
f 3610/3610 3471/3471 3472/3472
f 3611/3611 3610/3610 3472/3472
f 3469/3469 3611/3611 3472/3472
f 3608/3608 3611/3611 3469/3469
f 3473/3473 3609/3609 3470/3470
f 3473/3473 3612/3612 3609/3609
f 3614/3614 3613/3613 3610/3610
f 3613/3613 3471/3471 3610/3610
f 3613/3613 3474/3474 3471/3471
f 3614/3614 3610/3610 3611/3611
f 3475/3475 3612/3612 3473/3473
f 3475/3475 3615/3615 3612/3612
f 3613/3613 3476/3476 3474/3474
f 3616/3616 3476/3476 3613/3613
f 3477/3477 3615/3615 3475/3475
f 3477/3477 3617/3617 3615/3615
f 3616/3616 3479/3479 3476/3476
f 3618/3618 3479/3479 3616/3616
f 3619/3619 3617/3617 3477/3477
f 3619/3619 3477/3477 3480/3480
f 3620/3620 3480/3480 3481/3481
f 3620/3620 3619/3619 3480/3480
f 3621/3621 3481/3481 3482/3482
f 3621/3621 3620/3620 3481/3481
f 3622/3622 3482/3482 3483/3483
f 3622/3622 3621/3621 3482/3482
f 3623/3623 3483/3483 3484/3484
f 3623/3623 3622/3622 3483/3483
f 3624/3624 3484/3484 3485/3485
f 3624/3624 3623/3623 3484/3484
f 3625/3625 3485/3485 3486/3486
f 3625/3625 3624/3624 3485/3485
f 3486/3486 3479/3479 3618/3618
f 3486/3486 3618/3618 3625/3625
f 3627/3627 3626/3626 3487/3487
f 3627/3627 3487/3487 3488/3488
f 3487/3487 3628/3628 3489/3489
f 3626/3626 3628/3628 3487/3487
f 3489/3489 3629/3629 3490/3490
f 3628/3628 3629/3629 3489/3489
f 3490/3490 3630/3630 3491/3491
f 3629/3629 3630/3630 3490/3490
f 3491/3491 3631/3631 3492/3492
f 3630/3630 3631/3631 3491/3491
f 3492/3492 3632/3632 3493/3493
f 3631/3631 3632/3632 3492/3492
f 3493/3493 3633/3633 3494/3494
f 3632/3632 3633/3633 3493/3493
f 3494/3494 3634/3634 3495/3495
f 3633/3633 3634/3634 3494/3494
f 3495/3495 3635/3635 3496/3496
f 3634/3634 3635/3635 3495/3495
f 3496/3496 3636/3636 3497/3497
f 3635/3635 3636/3636 3496/3496
f 3497/3497 3637/3637 3498/3498
f 3636/3636 3637/3637 3497/3497
f 3498/3498 3638/3638 3499/3499
f 3637/3637 3638/3638 3498/3498
f 3499/3499 3639/3639 3500/3500
f 3638/3638 3639/3639 3499/3499
f 3500/3500 3640/3640 3501/3501
f 3639/3639 3640/3640 3500/3500
f 3501/3501 3641/3641 3502/3502
f 3640/3640 3641/3641 3501/3501
f 3641/3641 3643/3643 3642/3642
f 3503/3503 3641/3641 3642/3642
f 3502/3502 3641/3641 3503/3503
f 3644/3644 3504/3504 3503/3503
f 3644/3644 3503/3503 3642/3642
f 3644/3644 3506/3506 3504/3504
f 3507/3507 3627/3627 3488/3488
f 3507/3507 3645/3645 3627/3627
f 3642/3642 3643/3643 3646/3646
f 3646/3646 3643/3643 3647/3647
f 3642/3642 3648/3648 3644/3644
f 3642/3642 3646/3646 3648/3648
f 3648/3648 3509/3509 3506/3506
f 3648/3648 3506/3506 3644/3644
f 3510/3510 3645/3645 3507/3507
f 3510/3510 3649/3649 3645/3645
f 3646/3646 3647/3647 3650/3650
f 3650/3650 3647/3647 3651/3651
f 3650/3650 3512/3512 3513/3513
f 3648/3648 3650/3650 3513/3513
f 3646/3646 3650/3650 3648/3648
f 3648/3648 3513/3513 3509/3509
f 3515/3515 3649/3649 3510/3510
f 3515/3515 3652/3652 3649/3649
f 3650/3650 3651/3651 3653/3653
f 3653/3653 3651/3651 3654/3654
f 3653/3653 3517/3517 3512/3512
f 3653/3653 3512/3512 3650/3650
f 3519/3519 3652/3652 3515/3515
f 3519/3519 3655/3655 3652/3652
f 3653/3653 3654/3654 3656/3656
f 3656/3656 3654/3654 3657/3657
f 3656/3656 3521/3521 3517/3517
f 3656/3656 3517/3517 3653/3653
f 3523/3523 3655/3655 3519/3519
f 3523/3523 3658/3658 3655/3655
f 3656/3656 3657/3657 3659/3659
f 3659/3659 3657/3657 3660/3660
f 3661/3661 3524/3524 3521/3521
f 3656/3656 3661/3661 3521/3521
f 3659/3659 3661/3661 3656/3656
f 3661/3661 3526/3526 3524/3524
f 3527/3527 3658/3658 3523/3523
f 3527/3527 3662/3662 3658/3658
f 3659/3659 3660/3660 3663/3663
f 3663/3663 3660/3660 3664/3664
f 3659/3659 3665/3665 3661/3661
f 3659/3659 3663/3663 3665/3665
f 3665/3665 3529/3529 3526/3526
f 3665/3665 3526/3526 3661/3661
f 3530/3530 3662/3662 3527/3527
f 3530/3530 3666/3666 3662/3662
f 3663/3663 3664/3664 3667/3667
f 3667/3667 3664/3664 3668/3668
f 3663/3663 3669/3669 3665/3665
f 3663/3663 3667/3667 3669/3669
f 3669/3669 3532/3532 3529/3529
f 3669/3669 3529/3529 3665/3665
f 3533/3533 3666/3666 3530/3530
f 3533/3533 3670/3670 3666/3666
f 3667/3667 3668/3668 3671/3671
f 3671/3671 3668/3668 3672/3672
f 3667/3667 3673/3673 3669/3669
f 3667/3667 3671/3671 3673/3673
f 3674/3674 3534/3534 3532/3532
f 3669/3669 3674/3674 3532/3532
f 3673/3673 3674/3674 3669/3669
f 3674/3674 3535/3535 3534/3534
f 3536/3536 3670/3670 3533/3533
f 3536/3536 3675/3675 3670/3670
f 3671/3671 3672/3672 3676/3676
f 3676/3676 3672/3672 3677/3677
f 3671/3671 3678/3678 3673/3673
f 3671/3671 3676/3676 3678/3678
f 3673/3673 3679/3679 3674/3674
f 3673/3673 3678/3678 3679/3679
f 3679/3679 3537/3537 3535/3535
f 3679/3679 3535/3535 3674/3674
f 3538/3538 3675/3675 3536/3536
f 3538/3538 3680/3680 3675/3675
f 3677/3677 3681/3681 3676/3676
f 3676/3676 3681/3681 3678/3678
f 3678/3678 3681/3681 3682/3682
f 3678/3678 3682/3682 3679/3679
f 3679/3679 3682/3682 3683/3683
f 3537/3537 3679/3679 3683/3683
f 3684/3684 3537/3537 3683/3683
f 3539/3539 3537/3537 3684/3684
f 3540/3540 3680/3680 3538/3538
f 3540/3540 3685/3685 3680/3680
f 3684/3684 3541/3541 3539/3539
f 3686/3686 3541/3541 3684/3684
f 3542/3542 3685/3685 3540/3540
f 3542/3542 3687/3687 3685/3685
f 3686/3686 3544/3544 3541/3541
f 3688/3688 3544/3544 3686/3686
f 3545/3545 3687/3687 3542/3542
f 3545/3545 3689/3689 3687/3687
f 3546/3546 3544/3544 3690/3690
f 3544/3544 3691/3691 3690/3690
f 3544/3544 3688/3688 3691/3691
f 3690/3690 3547/3547 3546/3546
f 3548/3548 3689/3689 3545/3545
f 3548/3548 3692/3692 3689/3689
f 3691/3691 3693/3693 3690/3690
f 3547/3547 3690/3690 3693/3693
f 3694/3694 3547/3547 3693/3693
f 3549/3549 3547/3547 3694/3694
f 3550/3550 3692/3692 3548/3548
f 3550/3550 3695/3695 3692/3692
f 3696/3696 3551/3551 3552/3552
f 3697/3697 3696/3696 3552/3552
f 3549/3549 3697/3697 3552/3552
f 3694/3694 3697/3697 3549/3549
f 3553/3553 3695/3695 3550/3550
f 3553/3553 3698/3698 3695/3695
f 3699/3699 3555/3555 3556/3556
f 3700/3700 3699/3699 3556/3556
f 3700/3700 3556/3556 3551/3551
f 3701/3701 3700/3700 3551/3551
f 3696/3696 3701/3701 3551/3551
f 3701/3701 3696/3696 3697/3697
f 3557/3557 3698/3698 3553/3553
f 3557/3557 3702/3702 3698/3698
f 3704/3704 3703/3703 3699/3699
f 3703/3703 3555/3555 3699/3699
f 3703/3703 3558/3558 3555/3555
f 3704/3704 3699/3699 3700/3700
f 3559/3559 3702/3702 3557/3557
f 3559/3559 3705/3705 3702/3702
f 3707/3707 3706/3706 3561/3561
f 3561/3561 3706/3706 3560/3560
f 3561/3561 3558/3558 3703/3703
f 3561/3561 3703/3703 3707/3707
f 3562/3562 3705/3705 3559/3559
f 3562/3562 3708/3708 3705/3705
f 3710/3710 3709/3709 3565/3565
f 3565/3565 3709/3709 3564/3564
f 3565/3565 3560/3560 3706/3706
f 3565/3565 3706/3706 3710/3710
f 3566/3566 3708/3708 3562/3562
f 3566/3566 3711/3711 3708/3708
f 3713/3713 3712/3712 3569/3569
f 3569/3569 3712/3712 3568/3568
f 3569/3569 3564/3564 3709/3709
f 3569/3569 3709/3709 3713/3713
f 3570/3570 3711/3711 3566/3566
f 3570/3570 3714/3714 3711/3711
f 3716/3716 3715/3715 3572/3572
f 3572/3572 3715/3715 3571/3571
f 3572/3572 3568/3568 3712/3712
f 3572/3572 3712/3712 3716/3716
f 3573/3573 3714/3714 3570/3570
f 3573/3573 3717/3717 3714/3714
f 3715/3715 3574/3574 3571/3571
f 3718/3718 3574/3574 3715/3715
f 3575/3575 3717/3717 3573/3573
f 3575/3575 3719/3719 3717/3717
f 3720/3720 3576/3576 3577/3577
f 3721/3721 3720/3720 3577/3577
f 3574/3574 3721/3721 3577/3577
f 3718/3718 3721/3721 3574/3574
f 3578/3578 3719/3719 3575/3575
f 3578/3578 3722/3722 3719/3719
f 3723/3723 3579/3579 3720/3720
f 3720/3720 3579/3579 3576/3576
f 3720/3720 3721/3721 3724/3724
f 3720/3720 3724/3724 3723/3723
f 3580/3580 3722/3722 3578/3578
f 3580/3580 3725/3725 3722/3722
f 3727/3727 3726/3726 3723/3723
f 3726/3726 3579/3579 3723/3723
f 3726/3726 3582/3582 3579/3579
f 3727/3727 3723/3723 3724/3724
f 3583/3583 3725/3725 3580/3580
f 3583/3583 3728/3728 3725/3725
f 3729/3729 3584/3584 3585/3585
f 3730/3730 3729/3729 3585/3585
f 3582/3582 3730/3730 3585/3585
f 3726/3726 3730/3730 3582/3582
f 3586/3586 3728/3728 3583/3583
f 3586/3586 3731/3731 3728/3728
f 3733/3733 3732/3732 3729/3729
f 3732/3732 3584/3584 3729/3729
f 3732/3732 3587/3587 3584/3584
f 3733/3733 3729/3729 3730/3730
f 3588/3588 3731/3731 3586/3586
f 3588/3588 3734/3734 3731/3731
f 3732/3732 3589/3589 3587/3587
f 3735/3735 3589/3589 3732/3732
f 3590/3590 3734/3734 3588/3588
f 3590/3590 3736/3736 3734/3734
f 3738/3738 3737/3737 3592/3592
f 3592/3592 3737/3737 3591/3591
f 3592/3592 3589/3589 3735/3735
f 3592/3592 3735/3735 3738/3738
f 3593/3593 3736/3736 3590/3590
f 3593/3593 3739/3739 3736/3736
f 3737/3737 3595/3595 3591/3591
f 3740/3740 3595/3595 3737/3737
f 3596/3596 3739/3739 3593/3593
f 3596/3596 3741/3741 3739/3739
f 3742/3742 3598/3598 3599/3599
f 3743/3743 3742/3742 3599/3599
f 3595/3595 3743/3743 3599/3599
f 3740/3740 3743/3743 3595/3595
f 3600/3600 3741/3741 3596/3596
f 3600/3600 3744/3744 3741/3741
f 3745/3745 3601/3601 3602/3602
f 3746/3746 3745/3745 3602/3602
f 3746/3746 3602/3602 3598/3598
f 3747/3747 3746/3746 3598/3598
f 3742/3742 3747/3747 3598/3598
f 3747/3747 3742/3742 3743/3743
f 3603/3603 3744/3744 3600/3600
f 3603/3603 3748/3748 3744/3744
f 3749/3749 3604/3604 3745/3745
f 3745/3745 3604/3604 3601/3601
f 3745/3745 3746/3746 3750/3750
f 3745/3745 3750/3750 3749/3749
f 3605/3605 3748/3748 3603/3603
f 3605/3605 3751/3751 3748/3748
f 3753/3753 3752/3752 3749/3749
f 3752/3752 3604/3604 3749/3749
f 3752/3752 3606/3606 3604/3604
f 3753/3753 3749/3749 3750/3750
f 3607/3607 3751/3751 3605/3605
f 3607/3607 3754/3754 3751/3751
f 3752/3752 3608/3608 3606/3606
f 3755/3755 3608/3608 3752/3752
f 3609/3609 3754/3754 3607/3607
f 3609/3609 3756/3756 3754/3754
f 3755/3755 3611/3611 3608/3608
f 3757/3757 3611/3611 3755/3755
f 3612/3612 3756/3756 3609/3609
f 3612/3612 3758/3758 3756/3756
f 3760/3760 3759/3759 3614/3614
f 3614/3614 3759/3759 3613/3613
f 3614/3614 3611/3611 3757/3757
f 3614/3614 3757/3757 3760/3760
f 3615/3615 3758/3758 3612/3612
f 3615/3615 3761/3761 3758/3758
f 3759/3759 3616/3616 3613/3613
f 3762/3762 3616/3616 3759/3759
f 3617/3617 3761/3761 3615/3615
f 3617/3617 3763/3763 3761/3761
f 3762/3762 3618/3618 3616/3616
f 3764/3764 3618/3618 3762/3762
f 3765/3765 3763/3763 3617/3617
f 3765/3765 3617/3617 3619/3619
f 3766/3766 3619/3619 3620/3620
f 3766/3766 3765/3765 3619/3619
f 3767/3767 3620/3620 3621/3621
f 3767/3767 3766/3766 3620/3620
f 3768/3768 3621/3621 3622/3622
f 3768/3768 3767/3767 3621/3621
f 3769/3769 3622/3622 3623/3623
f 3769/3769 3768/3768 3622/3622
f 3770/3770 3623/3623 3624/3624
f 3770/3770 3769/3769 3623/3623
f 3771/3771 3624/3624 3625/3625
f 3771/3771 3770/3770 3624/3624
f 3625/3625 3618/3618 3764/3764
f 3625/3625 3764/3764 3771/3771
f 3773/3773 3772/3772 3626/3626
f 3773/3773 3626/3626 3627/3627
f 3626/3626 3774/3774 3628/3628
f 3772/3772 3774/3774 3626/3626
f 3628/3628 3775/3775 3629/3629
f 3774/3774 3775/3775 3628/3628
f 3629/3629 3776/3776 3630/3630
f 3775/3775 3776/3776 3629/3629
f 3630/3630 3777/3777 3631/3631
f 3776/3776 3777/3777 3630/3630
f 3631/3631 3778/3778 3632/3632
f 3777/3777 3778/3778 3631/3631
f 3632/3632 3779/3779 3633/3633
f 3778/3778 3779/3779 3632/3632
f 3633/3633 3780/3780 3634/3634
f 3779/3779 3780/3780 3633/3633
f 3634/3634 3781/3781 3635/3635
f 3780/3780 3781/3781 3634/3634
f 3635/3635 3782/3782 3636/3636
f 3781/3781 3782/3782 3635/3635
f 3636/3636 3783/3783 3637/3637
f 3782/3782 3783/3783 3636/3636
f 3637/3637 3784/3784 3638/3638
f 3783/3783 3784/3784 3637/3637
f 3638/3638 3785/3785 3639/3639
f 3784/3784 3785/3785 3638/3638
f 3639/3639 3786/3786 3640/3640
f 3785/3785 3786/3786 3639/3639
f 3640/3640 3787/3787 3641/3641
f 3786/3786 3787/3787 3640/3640
f 3643/3643 3641/3641 3787/3787
f 3643/3643 3787/3787 3788/3788
f 3645/3645 3773/3773 3627/3627
f 3645/3645 3789/3789 3773/3773
f 3788/3788 3647/3647 3643/3643
f 3790/3790 3647/3647 3788/3788
f 3649/3649 3789/3789 3645/3645
f 3649/3649 3791/3791 3789/3789
f 3790/3790 3651/3651 3647/3647
f 3792/3792 3651/3651 3790/3790
f 3652/3652 3791/3791 3649/3649
f 3652/3652 3793/3793 3791/3791
f 3792/3792 3654/3654 3651/3651
f 3794/3794 3654/3654 3792/3792
f 3655/3655 3793/3793 3652/3652
f 3655/3655 3795/3795 3793/3793
f 3794/3794 3657/3657 3654/3654
f 3796/3796 3657/3657 3794/3794
f 3658/3658 3795/3795 3655/3655
f 3658/3658 3797/3797 3795/3795
f 3796/3796 3660/3660 3657/3657
f 3798/3798 3660/3660 3796/3796
f 3662/3662 3797/3797 3658/3658
f 3662/3662 3799/3799 3797/3797
f 3798/3798 3664/3664 3660/3660
f 3800/3800 3664/3664 3798/3798
f 3666/3666 3799/3799 3662/3662
f 3666/3666 3801/3801 3799/3799
f 3800/3800 3668/3668 3664/3664
f 3802/3802 3668/3668 3800/3800
f 3670/3670 3801/3801 3666/3666
f 3670/3670 3803/3803 3801/3801
f 3802/3802 3672/3672 3668/3668
f 3804/3804 3672/3672 3802/3802
f 3675/3675 3803/3803 3670/3670
f 3675/3675 3805/3805 3803/3803
f 3804/3804 3677/3677 3672/3672
f 3806/3806 3677/3677 3804/3804
f 3680/3680 3805/3805 3675/3675
f 3680/3680 3807/3807 3805/3805
f 3681/3681 3677/3677 3808/3808
f 3677/3677 3809/3809 3808/3808
f 3677/3677 3806/3806 3809/3809
f 3810/3810 3682/3682 3681/3681
f 3810/3810 3681/3681 3808/3808
f 3811/3811 3683/3683 3682/3682
f 3811/3811 3682/3682 3810/3810
f 3811/3811 3684/3684 3683/3683
f 3685/3685 3807/3807 3680/3680
f 3685/3685 3812/3812 3807/3807
f 3809/3809 3813/3813 3808/3808
f 3808/3808 3813/3813 3810/3810
f 3810/3810 3813/3813 3814/3814
f 3816/3816 3815/3815 3814/3814
f 3815/3815 3810/3810 3814/3814
f 3815/3815 3811/3811 3810/3810
f 3815/3815 3686/3686 3684/3684
f 3815/3815 3684/3684 3811/3811
f 3687/3687 3812/3812 3685/3685
f 3687/3687 3817/3817 3812/3812
f 3815/3815 3816/3816 3818/3818
f 3818/3818 3816/3816 3819/3819
f 3818/3818 3688/3688 3686/3686
f 3818/3818 3686/3686 3815/3815
f 3689/3689 3817/3817 3687/3687
f 3689/3689 3820/3820 3817/3817
f 3819/3819 3821/3821 3818/3818
f 3688/3688 3818/3818 3821/3821
f 3822/3822 3688/3688 3821/3821
f 3691/3691 3688/3688 3822/3822
f 3692/3692 3820/3820 3689/3689
f 3692/3692 3823/3823 3820/3820
f 3693/3693 3691/3691 3824/3824
f 3691/3691 3825/3825 3824/3824
f 3691/3691 3822/3822 3825/3825
f 3824/3824 3694/3694 3693/3693
f 3695/3695 3823/3823 3692/3692
f 3695/3695 3826/3826 3823/3823
f 3825/3825 3827/3827 3824/3824
f 3694/3694 3824/3824 3827/3827
f 3828/3828 3694/3694 3827/3827
f 3697/3697 3694/3694 3828/3828
f 3698/3698 3826/3826 3695/3695
f 3698/3698 3829/3829 3826/3826
f 3831/3831 3830/3830 3701/3701
f 3701/3701 3830/3830 3700/3700
f 3701/3701 3697/3697 3828/3828
f 3701/3701 3828/3828 3831/3831
f 3702/3702 3829/3829 3698/3698
f 3702/3702 3832/3832 3829/3829
f 3833/3833 3703/3703 3704/3704
f 3834/3834 3833/3833 3704/3704
f 3700/3700 3834/3834 3704/3704
f 3830/3830 3834/3834 3700/3700
f 3705/3705 3832/3832 3702/3702
f 3705/3705 3835/3835 3832/3832
f 3837/3837 3836/3836 3707/3707
f 3707/3707 3836/3836 3706/3706
f 3707/3707 3703/3703 3833/3833
f 3838/3838 3707/3707 3833/3833
f 3837/3837 3707/3707 3838/3838
f 3838/3838 3833/3833 3834/3834
f 3708/3708 3835/3835 3705/3705
f 3708/3708 3839/3839 3835/3835
f 3841/3841 3840/3840 3710/3710
f 3710/3710 3840/3840 3709/3709
f 3710/3710 3706/3706 3836/3836
f 3710/3710 3836/3836 3841/3841
f 3711/3711 3839/3839 3708/3708
f 3711/3711 3842/3842 3839/3839
f 3844/3844 3843/3843 3713/3713
f 3713/3713 3843/3843 3712/3712
f 3713/3713 3709/3709 3840/3840
f 3713/3713 3840/3840 3844/3844
f 3714/3714 3842/3842 3711/3711
f 3714/3714 3845/3845 3842/3842
f 3846/3846 3715/3715 3716/3716
f 3847/3847 3846/3846 3716/3716
f 3712/3712 3847/3847 3716/3716
f 3843/3843 3847/3847 3712/3712
f 3717/3717 3845/3845 3714/3714
f 3717/3717 3848/3848 3845/3845
f 3849/3849 3718/3718 3846/3846
f 3846/3846 3718/3718 3715/3715
f 3846/3846 3847/3847 3850/3850
f 3846/3846 3850/3850 3849/3849
f 3719/3719 3848/3848 3717/3717
f 3719/3719 3851/3851 3848/3848
f 3853/3853 3852/3852 3849/3849
f 3852/3852 3718/3718 3849/3849
f 3852/3852 3721/3721 3718/3718
f 3853/3853 3849/3849 3850/3850
f 3722/3722 3851/3851 3719/3719
f 3722/3722 3854/3854 3851/3851
f 3852/3852 3724/3724 3721/3721
f 3855/3855 3724/3724 3852/3852
f 3725/3725 3854/3854 3722/3722
f 3725/3725 3856/3856 3854/3854
f 3857/3857 3726/3726 3727/3727
f 3858/3858 3857/3857 3727/3727
f 3724/3724 3858/3858 3727/3727
f 3855/3855 3858/3858 3724/3724
f 3728/3728 3856/3856 3725/3725
f 3728/3728 3859/3859 3856/3856
f 3860/3860 3730/3730 3857/3857
f 3857/3857 3730/3730 3726/3726
f 3857/3857 3858/3858 3861/3861
f 3857/3857 3861/3861 3860/3860
f 3731/3731 3859/3859 3728/3728
f 3731/3731 3862/3862 3859/3859
f 3863/3863 3732/3732 3733/3733
f 3864/3864 3863/3863 3733/3733
f 3864/3864 3733/3733 3730/3730
f 3865/3865 3864/3864 3730/3730
f 3860/3860 3865/3865 3730/3730
f 3865/3865 3860/3860 3861/3861
f 3734/3734 3862/3862 3731/3731
f 3734/3734 3866/3866 3862/3862
f 3868/3868 3867/3867 3863/3863
f 3867/3867 3732/3732 3863/3863
f 3867/3867 3735/3735 3732/3732
f 3868/3868 3863/3863 3864/3864
f 3736/3736 3866/3866 3734/3734
f 3736/3736 3869/3869 3866/3866
f 3871/3871 3870/3870 3738/3738
f 3738/3738 3870/3870 3737/3737
f 3738/3738 3735/3735 3867/3867
f 3738/3738 3867/3867 3871/3871
f 3739/3739 3869/3869 3736/3736
f 3739/3739 3872/3872 3869/3869
f 3870/3870 3740/3740 3737/3737
f 3873/3873 3740/3740 3870/3870
f 3741/3741 3872/3872 3739/3739
f 3741/3741 3874/3874 3872/3872
f 3873/3873 3743/3743 3740/3740
f 3875/3875 3743/3743 3873/3873
f 3744/3744 3874/3874 3741/3741
f 3744/3744 3876/3876 3874/3874
f 3878/3878 3877/3877 3747/3747
f 3747/3747 3877/3877 3746/3746
f 3747/3747 3743/3743 3875/3875
f 3747/3747 3875/3875 3878/3878
f 3748/3748 3876/3876 3744/3744
f 3748/3748 3879/3879 3876/3876
f 3877/3877 3750/3750 3746/3746
f 3880/3880 3750/3750 3877/3877
f 3751/3751 3879/3879 3748/3748
f 3751/3751 3881/3881 3879/3879
f 3882/3882 3752/3752 3753/3753
f 3883/3883 3882/3882 3753/3753
f 3750/3750 3883/3883 3753/3753
f 3880/3880 3883/3883 3750/3750
f 3754/3754 3881/3881 3751/3751
f 3754/3754 3884/3884 3881/3881
f 3886/3886 3885/3885 3882/3882
f 3885/3885 3752/3752 3882/3882
f 3885/3885 3755/3755 3752/3752
f 3886/3886 3882/3882 3883/3883
f 3756/3756 3884/3884 3754/3754
f 3756/3756 3887/3887 3884/3884
f 3885/3885 3757/3757 3755/3755
f 3888/3888 3757/3757 3885/3885
f 3758/3758 3887/3887 3756/3756
f 3758/3758 3889/3889 3887/3887
f 3891/3891 3890/3890 3760/3760
f 3760/3760 3890/3890 3759/3759
f 3760/3760 3757/3757 3888/3888
f 3760/3760 3888/3888 3891/3891
f 3761/3761 3889/3889 3758/3758
f 3761/3761 3892/3892 3889/3889
f 3890/3890 3762/3762 3759/3759
f 3893/3893 3762/3762 3890/3890
f 3763/3763 3892/3892 3761/3761
f 3763/3763 3894/3894 3892/3892
f 3893/3893 3764/3764 3762/3762
f 3895/3895 3764/3764 3893/3893
f 3896/3896 3894/3894 3763/3763
f 3896/3896 3763/3763 3765/3765
f 3897/3897 3765/3765 3766/3766
f 3897/3897 3896/3896 3765/3765
f 3898/3898 3766/3766 3767/3767
f 3898/3898 3897/3897 3766/3766
f 3899/3899 3767/3767 3768/3768
f 3899/3899 3898/3898 3767/3767
f 3900/3900 3768/3768 3769/3769
f 3900/3900 3899/3899 3768/3768
f 3901/3901 3769/3769 3770/3770
f 3901/3901 3900/3900 3769/3769
f 3902/3902 3770/3770 3771/3771
f 3902/3902 3901/3901 3770/3770
f 3771/3771 3764/3764 3895/3895
f 3771/3771 3895/3895 3902/3902
f 3904/3904 3903/3903 3772/3772
f 3904/3904 3772/3772 3773/3773
f 3772/3772 3905/3905 3774/3774
f 3903/3903 3905/3905 3772/3772
f 3774/3774 3906/3906 3775/3775
f 3905/3905 3906/3906 3774/3774
f 3775/3775 3907/3907 3776/3776
f 3906/3906 3907/3907 3775/3775
f 3776/3776 3908/3908 3777/3777
f 3907/3907 3908/3908 3776/3776
f 3777/3777 3909/3909 3778/3778
f 3908/3908 3909/3909 3777/3777
f 3778/3778 3910/3910 3779/3779
f 3909/3909 3910/3910 3778/3778
f 3779/3779 3911/3911 3780/3780
f 3910/3910 3911/3911 3779/3779
f 3780/3780 3912/3912 3781/3781
f 3911/3911 3912/3912 3780/3780
f 3781/3781 3913/3913 3782/3782
f 3912/3912 3913/3913 3781/3781
f 3782/3782 3914/3914 3783/3783
f 3913/3913 3914/3914 3782/3782
f 3783/3783 3915/3915 3784/3784
f 3914/3914 3915/3915 3783/3783
f 3784/3784 3916/3916 3785/3785
f 3915/3915 3916/3916 3784/3784
f 3785/3785 3917/3917 3786/3786
f 3916/3916 3917/3917 3785/3785
f 3786/3786 3918/3918 3787/3787
f 3917/3917 3918/3918 3786/3786
f 3788/3788 3787/3787 3918/3918
f 3788/3788 3918/3918 3919/3919
f 3789/3789 3904/3904 3773/3773
f 3789/3789 3920/3920 3904/3904
f 3919/3919 3790/3790 3788/3788
f 3921/3921 3790/3790 3919/3919
f 3791/3791 3920/3920 3789/3789
f 3791/3791 3922/3922 3920/3920
f 3921/3921 3792/3792 3790/3790
f 3923/3923 3792/3792 3921/3921
f 3793/3793 3922/3922 3791/3791
f 3793/3793 3924/3924 3922/3922
f 3923/3923 3794/3794 3792/3792
f 3925/3925 3794/3794 3923/3923
f 3795/3795 3924/3924 3793/3793
f 3795/3795 3926/3926 3924/3924
f 3925/3925 3796/3796 3794/3794
f 3927/3927 3796/3796 3925/3925
f 3797/3797 3926/3926 3795/3795
f 3797/3797 3928/3928 3926/3926
f 3927/3927 3798/3798 3796/3796
f 3929/3929 3798/3798 3927/3927
f 3799/3799 3928/3928 3797/3797
f 3799/3799 3930/3930 3928/3928
f 3929/3929 3800/3800 3798/3798
f 3931/3931 3800/3800 3929/3929
f 3801/3801 3930/3930 3799/3799
f 3801/3801 3932/3932 3930/3930
f 3931/3931 3802/3802 3800/3800
f 3933/3933 3802/3802 3931/3931
f 3803/3803 3932/3932 3801/3801
f 3803/3803 3934/3934 3932/3932
f 3933/3933 3804/3804 3802/3802
f 3935/3935 3804/3804 3933/3933
f 3805/3805 3934/3934 3803/3803
f 3805/3805 3936/3936 3934/3934
f 3935/3935 3806/3806 3804/3804
f 3937/3937 3806/3806 3935/3935
f 3807/3807 3936/3936 3805/3805
f 3807/3807 3938/3938 3936/3936
f 3937/3937 3809/3809 3806/3806
f 3939/3939 3809/3809 3937/3937
f 3812/3812 3938/3938 3807/3807
f 3812/3812 3940/3940 3938/3938
f 3939/3939 3941/3941 3809/3809
f 3809/3809 3941/3941 3813/3813
f 3813/3813 3942/3942 3814/3814
f 3941/3941 3942/3942 3813/3813
f 3816/3816 3814/3814 3942/3942
f 3816/3816 3942/3942 3943/3943
f 3817/3817 3940/3940 3812/3812
f 3817/3817 3944/3944 3940/3940
f 3943/3943 3819/3819 3816/3816
f 3945/3945 3819/3819 3943/3943
f 3820/3820 3944/3944 3817/3817
f 3820/3820 3946/3946 3944/3944
f 3821/3821 3819/3819 3947/3947
f 3819/3819 3948/3948 3947/3947
f 3819/3819 3945/3945 3948/3948
f 3947/3947 3822/3822 3821/3821
f 3823/3823 3946/3946 3820/3820
f 3823/3823 3949/3949 3946/3946
f 3947/3947 3948/3948 3950/3950
f 3950/3950 3948/3948 3951/3951
f 3950/3950 3825/3825 3822/3822
f 3950/3950 3822/3822 3947/3947
f 3826/3826 3949/3949 3823/3823
f 3826/3826 3952/3952 3949/3949
f 3951/3951 3953/3953 3950/3950
f 3953/3953 3955/3955 3954/3954
f 3953/3953 3954/3954 3827/3827
f 3950/3950 3953/3953 3827/3827
f 3825/3825 3950/3950 3827/3827
f 3954/3954 3828/3828 3827/3827
f 3829/3829 3952/3952 3826/3826
f 3829/3829 3956/3956 3952/3952
f 3954/3954 3955/3955 3831/3831
f 3955/3955 3830/3830 3831/3831
f 3955/3955 3957/3957 3830/3830
f 3954/3954 3831/3831 3828/3828
f 3832/3832 3956/3956 3829/3829
f 3832/3832 3958/3958 3956/3956
f 3957/3957 3834/3834 3830/3830
f 3959/3959 3834/3834 3957/3957
f 3835/3835 3958/3958 3832/3832
f 3835/3835 3960/3960 3958/3958
f 3962/3962 3961/3961 3837/3837
f 3837/3837 3961/3961 3836/3836
f 3963/3963 3837/3837 3838/3838
f 3963/3963 3962/3962 3837/3837
f 3838/3838 3834/3834 3959/3959
f 3838/3838 3959/3959 3963/3963
f 3839/3839 3960/3960 3835/3835
f 3839/3839 3964/3964 3960/3960
f 3966/3966 3965/3965 3841/3841
f 3841/3841 3965/3965 3840/3840
f 3841/3841 3836/3836 3961/3961
f 3841/3841 3961/3961 3966/3966
f 3842/3842 3964/3964 3839/3839
f 3842/3842 3967/3967 3964/3964
f 3968/3968 3843/3843 3844/3844
f 3969/3969 3968/3968 3844/3844
f 3840/3840 3969/3969 3844/3844
f 3965/3965 3969/3969 3840/3840
f 3845/3845 3967/3967 3842/3842
f 3845/3845 3970/3970 3967/3967
f 3972/3972 3971/3971 3968/3968
f 3971/3971 3843/3843 3968/3968
f 3971/3971 3847/3847 3843/3843
f 3972/3972 3968/3968 3969/3969
f 3848/3848 3970/3970 3845/3845
f 3848/3848 3973/3973 3970/3970
f 3971/3971 3850/3850 3847/3847
f 3974/3974 3850/3850 3971/3971
f 3851/3851 3973/3973 3848/3848
f 3851/3851 3975/3975 3973/3973
f 3976/3976 3852/3852 3853/3853
f 3977/3977 3976/3976 3853/3853
f 3850/3850 3977/3977 3853/3853
f 3974/3974 3977/3977 3850/3850
f 3854/3854 3975/3975 3851/3851
f 3854/3854 3978/3978 3975/3975
f 3980/3980 3979/3979 3976/3976
f 3979/3979 3852/3852 3976/3976
f 3979/3979 3855/3855 3852/3852
f 3980/3980 3976/3976 3977/3977
f 3856/3856 3978/3978 3854/3854
f 3856/3856 3981/3981 3978/3978
f 3979/3979 3858/3858 3855/3855
f 3982/3982 3858/3858 3979/3979
f 3859/3859 3981/3981 3856/3856
f 3859/3859 3983/3983 3981/3981
f 3986/3986 3985/3985 3984/3984
f 3982/3982 3986/3986 3984/3984
f 3861/3861 3982/3982 3984/3984
f 3858/3858 3982/3982 3861/3861
f 3862/3862 3983/3983 3859/3859
f 3862/3862 3987/3987 3983/3983
f 3984/3984 3985/3985 3865/3865
f 3985/3985 3864/3864 3865/3865
f 3985/3985 3988/3988 3864/3864
f 3984/3984 3865/3865 3861/3861
f 3866/3866 3987/3987 3862/3862
f 3866/3866 3989/3989 3987/3987
f 3990/3990 3867/3867 3868/3868
f 3991/3991 3990/3990 3868/3868
f 3864/3864 3991/3991 3868/3868
f 3988/3988 3991/3991 3864/3864
f 3869/3869 3989/3989 3866/3866
f 3869/3869 3992/3992 3989/3989
f 3993/3993 3870/3870 3871/3871
f 3994/3994 3993/3993 3871/3871
f 3994/3994 3871/3871 3867/3867
f 3995/3995 3994/3994 3867/3867
f 3990/3990 3995/3995 3867/3867
f 3995/3995 3990/3990 3991/3991
f 3872/3872 3992/3992 3869/3869
f 3872/3872 3996/3996 3992/3992
f 3997/3997 3873/3873 3993/3993
f 3993/3993 3873/3873 3870/3870
f 3993/3993 3994/3994 3998/3998
f 3993/3993 3998/3998 3997/3997
f 3874/3874 3996/3996 3872/3872
f 3874/3874 3999/3999 3996/3996
f 4001/4001 4000/4000 3997/3997
f 4000/4000 3873/3873 3997/3997
f 4000/4000 3875/3875 3873/3873
f 4001/4001 3997/3997 3998/3998
f 3876/3876 3999/3999 3874/3874
f 3876/3876 4002/4002 3999/3999
f 4003/4003 3877/3877 3878/3878
f 4004/4004 4003/4003 3878/3878
f 3875/3875 4004/4004 3878/3878
f 4000/4000 4004/4004 3875/3875
f 3879/3879 4002/4002 3876/3876
f 3879/3879 4005/4005 4002/4002
f 4007/4007 4006/4006 4003/4003
f 4006/4006 3877/3877 4003/4003
f 4006/4006 3880/3880 3877/3877
f 4007/4007 4003/4003 4004/4004
f 3881/3881 4005/4005 3879/3879
f 3881/3881 4008/4008 4005/4005
f 4006/4006 3883/3883 3880/3880
f 4009/4009 3883/3883 4006/4006
f 3884/3884 4008/4008 3881/3881
f 3884/3884 4010/4010 4008/4008
f 4012/4012 4011/4011 3886/3886
f 3886/3886 4011/4011 3885/3885
f 3886/3886 3883/3883 4009/4009
f 3886/3886 4009/4009 4012/4012
f 3887/3887 4010/4010 3884/3884
f 3887/3887 4013/4013 4010/4010
f 4011/4011 3888/3888 3885/3885
f 4014/4014 3888/3888 4011/4011
f 3889/3889 4013/4013 3887/3887
f 3889/3889 4015/4015 4013/4013
f 4016/4016 3890/3890 3891/3891
f 4017/4017 4016/4016 3891/3891
f 3888/3888 4017/4017 3891/3891
f 4014/4014 4017/4017 3888/3888
f 3892/3892 4015/4015 3889/3889
f 3892/3892 4018/4018 4015/4015
f 4019/4019 3893/3893 4016/4016
f 4016/4016 3893/3893 3890/3890
f 4016/4016 4017/4017 4020/4020
f 4016/4016 4020/4020 4019/4019
f 3894/3894 4018/4018 3892/3892
f 3894/3894 4021/4021 4018/4018
f 4023/4023 4022/4022 4019/4019
f 4022/4022 3893/3893 4019/4019
f 4022/4022 3895/3895 3893/3893
f 4023/4023 4019/4019 4020/4020
f 4024/4024 4021/4021 3894/3894
f 4024/4024 3894/3894 3896/3896
f 4025/4025 3896/3896 3897/3897
f 4025/4025 4024/4024 3896/3896
f 4026/4026 3897/3897 3898/3898
f 4026/4026 4025/4025 3897/3897
f 4027/4027 3898/3898 3899/3899
f 4027/4027 4026/4026 3898/3898
f 4028/4028 3899/3899 3900/3900
f 4028/4028 4027/4027 3899/3899
f 4029/4029 3900/3900 3901/3901
f 4029/4029 4028/4028 3900/3900
f 4030/4030 3901/3901 3902/3902
f 4030/4030 4029/4029 3901/3901
f 3902/3902 3895/3895 4022/4022
f 3902/3902 4022/4022 4030/4030
f 4032/4032 4031/4031 3903/3903
f 4032/4032 3903/3903 3904/3904
f 3903/3903 4033/4033 3905/3905
f 4031/4031 4033/4033 3903/3903
f 3905/3905 4034/4034 3906/3906
f 4033/4033 4034/4034 3905/3905
f 3906/3906 4035/4035 3907/3907
f 4034/4034 4035/4035 3906/3906
f 3907/3907 4036/4036 3908/3908
f 4035/4035 4036/4036 3907/3907
f 3908/3908 4037/4037 3909/3909
f 4036/4036 4037/4037 3908/3908
f 3909/3909 4038/4038 3910/3910
f 4037/4037 4038/4038 3909/3909
f 3910/3910 4039/4039 3911/3911
f 4038/4038 4039/4039 3910/3910
f 3911/3911 4040/4040 3912/3912
f 4039/4039 4040/4040 3911/3911
f 3912/3912 4041/4041 3913/3913
f 4040/4040 4041/4041 3912/3912
f 3913/3913 4042/4042 3914/3914
f 4041/4041 4042/4042 3913/3913
f 3914/3914 4043/4043 3915/3915
f 4042/4042 4043/4043 3914/3914
f 3915/3915 4044/4044 3916/3916
f 4043/4043 4044/4044 3915/3915
f 3916/3916 4045/4045 3917/3917
f 4044/4044 4045/4045 3916/3916
f 3917/3917 4046/4046 3918/3918
f 4045/4045 4046/4046 3917/3917
f 3919/3919 3918/3918 4046/4046
f 3919/3919 4046/4046 4047/4047
f 3920/3920 4032/4032 3904/3904
f 3920/3920 4048/4048 4032/4032
f 4047/4047 3921/3921 3919/3919
f 4049/4049 3921/3921 4047/4047
f 3922/3922 4048/4048 3920/3920
f 3922/3922 4050/4050 4048/4048
f 4049/4049 3923/3923 3921/3921
f 4051/4051 3923/3923 4049/4049
f 3924/3924 4050/4050 3922/3922
f 3924/3924 4052/4052 4050/4050
f 4051/4051 3925/3925 3923/3923
f 4053/4053 3925/3925 4051/4051
f 3926/3926 4052/4052 3924/3924
f 3926/3926 4054/4054 4052/4052
f 4053/4053 3927/3927 3925/3925
f 4055/4055 3927/3927 4053/4053
f 3928/3928 4054/4054 3926/3926
f 3928/3928 4056/4056 4054/4054
f 4055/4055 3929/3929 3927/3927
f 4057/4057 3929/3929 4055/4055
f 3930/3930 4056/4056 3928/3928
f 3930/3930 4058/4058 4056/4056
f 4057/4057 3931/3931 3929/3929
f 4059/4059 3931/3931 4057/4057
f 3932/3932 4058/4058 3930/3930
f 3932/3932 4060/4060 4058/4058
f 4059/4059 3933/3933 3931/3931
f 4061/4061 3933/3933 4059/4059
f 3934/3934 4060/4060 3932/3932
f 3934/3934 4062/4062 4060/4060
f 4061/4061 3935/3935 3933/3933
f 4063/4063 3935/3935 4061/4061
f 3936/3936 4062/4062 3934/3934
f 3936/3936 4064/4064 4062/4062
f 4063/4063 3937/3937 3935/3935
f 4065/4065 3937/3937 4063/4063
f 3938/3938 4064/4064 3936/3936
f 3938/3938 4066/4066 4064/4064
f 4069/4069 4068/4068 4067/4067
f 4065/4065 4069/4069 4067/4067
f 3939/3939 4065/4065 4067/4067
f 3937/3937 4065/4065 3939/3939
f 3940/3940 4066/4066 3938/3938
f 3940/3940 4070/4070 4066/4066
f 4068/4068 4071/4071 4067/4067
f 4071/4071 4073/4073 4072/4072
f 4071/4071 4072/4072 3941/3941
f 4067/4067 4071/4071 3941/3941
f 3939/3939 4067/4067 3941/3941
f 4074/4074 3942/3942 3941/3941
f 4074/4074 3941/3941 4072/4072
f 4074/4074 3943/3943 3942/3942
f 3944/3944 4070/4070 3940/3940
f 3944/3944 4075/4075 4070/4070
f 4073/4073 4076/4076 4072/4072
f 4072/4072 4076/4076 4074/4074
f 4074/4074 4076/4076 4077/4077
f 3943/3943 4074/4074 4077/4077
f 4078/4078 3943/3943 4077/4077
f 3945/3945 3943/3943 4078/4078
f 3946/3946 4075/4075 3944/3944
f 3946/3946 4079/4079 4075/4075
f 4078/4078 3948/3948 3945/3945
f 4080/4080 3948/3948 4078/4078
f 3949/3949 4079/4079 3946/3946
f 3949/3949 4081/4081 4079/4079
f 4080/4080 3951/3951 3948/3948
f 4082/4082 3951/3951 4080/4080
f 3952/3952 4081/4081 3949/3949
f 3952/3952 4083/4083 4081/4081
f 3953/3953 3951/3951 4084/4084
f 3951/3951 4085/4085 4084/4084
f 3951/3951 4082/4082 4085/4085
f 4084/4084 3955/3955 3953/3953
f 3956/3956 4083/4083 3952/3952
f 3956/3956 4086/4086 4083/4083
f 4085/4085 4087/4087 4084/4084
f 3955/3955 4084/4084 4087/4087
f 4088/4088 3955/3955 4087/4087
f 3957/3957 3955/3955 4088/4088
f 3958/3958 4086/4086 3956/3956
f 3958/3958 4089/4089 4086/4086
f 4088/4088 3959/3959 3957/3957
f 4090/4090 3959/3959 4088/4088
f 3960/3960 4089/4089 3958/3958
f 3960/3960 4091/4091 4089/4089
f 4092/4092 3961/3961 3962/3962
f 3963/3963 4093/4093 3962/3962
f 3962/3962 4093/4093 4092/4092
f 4094/4094 4093/4093 3963/3963
f 3959/3959 4094/4094 3963/3963
f 4090/4090 4094/4094 3959/3959
f 3964/3964 4091/4091 3960/3960
f 3964/3964 4095/4095 4091/4091
f 4096/4096 3965/3965 3966/3966
f 4097/4097 4096/4096 3966/3966
f 4097/4097 3966/3966 3961/3961
f 4098/4098 4097/4097 3961/3961
f 4092/4092 4098/4098 3961/3961
f 4098/4098 4092/4092 4093/4093
f 4098/4098 4093/4093 4099/4099
f 4099/4099 4093/4093 4094/4094
f 3967/3967 4095/4095 3964/3964
f 3967/3967 4100/4100 4095/4095
f 4102/4102 4101/4101 4096/4096
f 4101/4101 3965/3965 4096/4096
f 4101/4101 3969/3969 3965/3965
f 4102/4102 4096/4096 4097/4097
f 3970/3970 4100/4100 3967/3967
f 3970/3970 4103/4103 4100/4100
f 4104/4104 3971/3971 3972/3972
f 4105/4105 4104/4104 3972/3972
f 3969/3969 4105/4105 3972/3972
f 4101/4101 4105/4105 3969/3969
f 3973/3973 4103/4103 3970/3970
f 3973/3973 4106/4106 4103/4103
f 4108/4108 4107/4107 4104/4104
f 4107/4107 3971/3971 4104/4104
f 4107/4107 3974/3974 3971/3971
f 4108/4108 4104/4104 4105/4105
f 3975/3975 4106/4106 3973/3973
f 3975/3975 4109/4109 4106/4106
f 4107/4107 3977/3977 3974/3974
f 4110/4110 3977/3977 4107/4107
f 3978/3978 4109/4109 3975/3975
f 3978/3978 4111/4111 4109/4109
f 4113/4113 4112/4112 3980/3980
f 3980/3980 4112/4112 3979/3979
f 3980/3980 3977/3977 4110/4110
f 3980/3980 4110/4110 4113/4113
f 3981/3981 4111/4111 3978/3978
f 3981/3981 4114/4114 4111/4111
f 4112/4112 3982/3982 3979/3979
f 4115/4115 3982/3982 4112/4112
f 3983/3983 4114/4114 3981/3981
f 3983/3983 4116/4116 4114/4114
f 4117/4117 3985/3985 3986/3986
f 4118/4118 4117/4117 3986/3986
f 3982/3982 4118/4118 3986/3986
f 4115/4115 4118/4118 3982/3982
f 3987/3987 4116/4116 3983/3983
f 3987/3987 4119/4119 4116/4116
f 4121/4121 4120/4120 4117/4117
f 4120/4120 3985/3985 4117/4117
f 4120/4120 3988/3988 3985/3985
f 4121/4121 4117/4117 4118/4118
f 3989/3989 4119/4119 3987/3987
f 3989/3989 4122/4122 4119/4119
f 4120/4120 3991/3991 3988/3988
f 4123/4123 3991/3991 4120/4120
f 3992/3992 4122/4122 3989/3989
f 3992/3992 4124/4124 4122/4122
f 4126/4126 4125/4125 3995/3995
f 3995/3995 4125/4125 3994/3994
f 3995/3995 3991/3991 4123/4123
f 3995/3995 4123/4123 4126/4126
f 3996/3996 4124/4124 3992/3992
f 3996/3996 4127/4127 4124/4124
f 4125/4125 3998/3998 3994/3994
f 4128/4128 3998/3998 4125/4125
f 3999/3999 4127/4127 3996/3996
f 3999/3999 4129/4129 4127/4127
f 4130/4130 4000/4000 4001/4001
f 4131/4131 4130/4130 4001/4001
f 3998/3998 4131/4131 4001/4001
f 4128/4128 4131/4131 3998/3998
f 4002/4002 4129/4129 3999/3999
f 4002/4002 4132/4132 4129/4129
f 4134/4134 4133/4133 4130/4130
f 4133/4133 4000/4000 4130/4130
f 4133/4133 4004/4004 4000/4000
f 4134/4134 4130/4130 4131/4131
f 4005/4005 4132/4132 4002/4002
f 4005/4005 4135/4135 4132/4132
f 4136/4136 4006/4006 4007/4007
f 4137/4137 4136/4136 4007/4007
f 4004/4004 4137/4137 4007/4007
f 4133/4133 4137/4137 4004/4004
f 4008/4008 4135/4135 4005/4005
f 4008/4008 4138/4138 4135/4135
f 4140/4140 4139/4139 4136/4136
f 4139/4139 4006/4006 4136/4136
f 4139/4139 4009/4009 4006/4006
f 4140/4140 4136/4136 4137/4137
f 4010/4010 4138/4138 4008/4008
f 4010/4010 4141/4141 4138/4138
f 4142/4142 4011/4011 4012/4012
f 4143/4143 4142/4142 4012/4012
f 4009/4009 4143/4143 4012/4012
f 4139/4139 4143/4143 4009/4009
f 4013/4013 4141/4141 4010/4010
f 4013/4013 4144/4144 4141/4141
f 4146/4146 4145/4145 4142/4142
f 4145/4145 4011/4011 4142/4142
f 4145/4145 4014/4014 4011/4011
f 4146/4146 4142/4142 4143/4143
f 4015/4015 4144/4144 4013/4013
f 4015/4015 4147/4147 4144/4144
f 4145/4145 4017/4017 4014/4014
f 4148/4148 4017/4017 4145/4145
f 4018/4018 4147/4147 4015/4015
f 4018/4018 4149/4149 4147/4147
f 4148/4148 4020/4020 4017/4017
f 4150/4150 4020/4020 4148/4148
f 4021/4021 4149/4149 4018/4018
f 4021/4021 4151/4151 4149/4149
f 4152/4152 4022/4022 4023/4023
f 4153/4153 4152/4152 4023/4023
f 4020/4020 4153/4153 4023/4023
f 4150/4150 4153/4153 4020/4020
f 4154/4154 4151/4151 4021/4021
f 4154/4154 4021/4021 4024/4024
f 4155/4155 4024/4024 4025/4025
f 4155/4155 4154/4154 4024/4024
f 4156/4156 4025/4025 4026/4026
f 4156/4156 4155/4155 4025/4025
f 4157/4157 4026/4026 4027/4027
f 4157/4157 4156/4156 4026/4026
f 4158/4158 4027/4027 4028/4028
f 4158/4158 4157/4157 4027/4027
f 4159/4159 4028/4028 4029/4029
f 4159/4159 4158/4158 4028/4028
f 4160/4160 4029/4029 4030/4030
f 4160/4160 4159/4159 4029/4029
f 4030/4030 4022/4022 4152/4152
f 4161/4161 4030/4030 4152/4152
f 4160/4160 4030/4030 4161/4161
f 4161/4161 4152/4152 4153/4153
f 4163/4163 4162/4162 4031/4031
f 4163/4163 4031/4031 4032/4032
f 4031/4031 4164/4164 4033/4033
f 4162/4162 4164/4164 4031/4031
f 4033/4033 4165/4165 4034/4034
f 4164/4164 4165/4165 4033/4033
f 4034/4034 4166/4166 4035/4035
f 4165/4165 4166/4166 4034/4034
f 4035/4035 4167/4167 4036/4036
f 4166/4166 4167/4167 4035/4035
f 4036/4036 4168/4168 4037/4037
f 4167/4167 4168/4168 4036/4036
f 4037/4037 4169/4169 4038/4038
f 4168/4168 4169/4169 4037/4037
f 4038/4038 4170/4170 4039/4039
f 4169/4169 4170/4170 4038/4038
f 4039/4039 4171/4171 4040/4040
f 4170/4170 4171/4171 4039/4039
f 4040/4040 4172/4172 4041/4041
f 4171/4171 4172/4172 4040/4040
f 4041/4041 4173/4173 4042/4042
f 4172/4172 4173/4173 4041/4041
f 4042/4042 4174/4174 4043/4043
f 4173/4173 4174/4174 4042/4042
f 4043/4043 4175/4175 4044/4044
f 4174/4174 4175/4175 4043/4043
f 4044/4044 4176/4176 4045/4045
f 4175/4175 4176/4176 4044/4044
f 4045/4045 4177/4177 4046/4046
f 4176/4176 4177/4177 4045/4045
f 4047/4047 4046/4046 4177/4177
f 4047/4047 4177/4177 4178/4178
f 4048/4048 4163/4163 4032/4032
f 4048/4048 4179/4179 4163/4163
f 4178/4178 4049/4049 4047/4047
f 4180/4180 4049/4049 4178/4178
f 4050/4050 4179/4179 4048/4048
f 4050/4050 4181/4181 4179/4179
f 4180/4180 4051/4051 4049/4049
f 4182/4182 4051/4051 4180/4180
f 4052/4052 4181/4181 4050/4050
f 4052/4052 4183/4183 4181/4181
f 4182/4182 4053/4053 4051/4051
f 4184/4184 4053/4053 4182/4182
f 4054/4054 4183/4183 4052/4052
f 4054/4054 4185/4185 4183/4183
f 4184/4184 4055/4055 4053/4053
f 4186/4186 4055/4055 4184/4184
f 4056/4056 4185/4185 4054/4054
f 4056/4056 4187/4187 4185/4185
f 4186/4186 4057/4057 4055/4055
f 4188/4188 4057/4057 4186/4186
f 4058/4058 4187/4187 4056/4056
f 4058/4058 4189/4189 4187/4187
f 4188/4188 4059/4059 4057/4057
f 4190/4190 4059/4059 4188/4188
f 4060/4060 4189/4189 4058/4058
f 4060/4060 4191/4191 4189/4189
f 4190/4190 4061/4061 4059/4059
f 4192/4192 4061/4061 4190/4190
f 4062/4062 4191/4191 4060/4060
f 4062/4062 4193/4193 4191/4191
f 4192/4192 4063/4063 4061/4061
f 4194/4194 4063/4063 4192/4192
f 4064/4064 4193/4193 4062/4062
f 4064/4064 4195/4195 4193/4193
f 4194/4194 4065/4065 4063/4063
f 4196/4196 4065/4065 4194/4194
f 4066/4066 4195/4195 4064/4064
f 4066/4066 4197/4197 4195/4195
f 4198/4198 4068/4068 4069/4069
f 4199/4199 4198/4198 4069/4069
f 4065/4065 4199/4199 4069/4069
f 4196/4196 4199/4199 4065/4065
f 4070/4070 4197/4197 4066/4066
f 4070/4070 4200/4200 4197/4197
f 4198/4198 4071/4071 4068/4068
f 4073/4073 4071/4071 4198/4198
f 4199/4199 4073/4073 4198/4198
f 4201/4201 4073/4073 4199/4199
f 4075/4075 4200/4200 4070/4070
f 4075/4075 4202/4202 4200/4200
f 4201/4201 4203/4203 4073/4073
f 4073/4073 4203/4203 4076/4076
f 4203/4203 4205/4205 4204/4204
f 4077/4077 4203/4203 4204/4204
f 4076/4076 4203/4203 4077/4077
f 4204/4204 4078/4078 4077/4077
f 4079/4079 4202/4202 4075/4075
f 4079/4079 4206/4206 4202/4202
f 4205/4205 4207/4207 4204/4204
f 4078/4078 4204/4204 4207/4207
f 4208/4208 4078/4078 4207/4207
f 4080/4080 4078/4078 4208/4208
f 4081/4081 4206/4206 4079/4079
f 4081/4081 4209/4209 4206/4206
f 4208/4208 4082/4082 4080/4080
f 4210/4210 4082/4082 4208/4208
f 4083/4083 4209/4209 4081/4081
f 4083/4083 4211/4211 4209/4209
f 4210/4210 4085/4085 4082/4082
f 4212/4212 4085/4085 4210/4210
f 4086/4086 4211/4211 4083/4083
f 4086/4086 4213/4213 4211/4211
f 4212/4212 4214/4214 4085/4085
f 4085/4085 4214/4214 4087/4087
f 4088/4088 4087/4087 4214/4214
f 4088/4088 4214/4214 4215/4215
f 4089/4089 4213/4213 4086/4086
f 4089/4089 4216/4216 4213/4213
f 4215/4215 4090/4090 4088/4088
f 4217/4217 4090/4090 4215/4215
f 4091/4091 4216/4216 4089/4089
f 4091/4091 4218/4218 4216/4216
f 4217/4217 4094/4094 4090/4090
f 4219/4219 4094/4094 4217/4217
f 4095/4095 4218/4218 4091/4091
f 4095/4095 4220/4220 4218/4218
f 4221/4221 4097/4097 4098/4098
f 4099/4099 4222/4222 4098/4098
f 4098/4098 4222/4222 4221/4221
f 4223/4223 4222/4222 4099/4099
f 4094/4094 4223/4223 4099/4099
f 4219/4219 4223/4223 4094/4094
f 4100/4100 4220/4220 4095/4095
f 4100/4100 4224/4224 4220/4220
f 4225/4225 4101/4101 4102/4102
f 4226/4226 4225/4225 4102/4102
f 4226/4226 4102/4102 4097/4097
f 4227/4227 4226/4226 4097/4097
f 4221/4221 4227/4227 4097/4097
f 4227/4227 4221/4221 4222/4222
f 4227/4227 4222/4222 4228/4228
f 4228/4228 4222/4222 4223/4223
f 4103/4103 4224/4224 4100/4100
f 4103/4103 4229/4229 4224/4224
f 4231/4231 4230/4230 4225/4225
f 4230/4230 4101/4101 4225/4225
f 4230/4230 4105/4105 4101/4101
f 4231/4231 4225/4225 4226/4226
f 4106/4106 4229/4229 4103/4103
f 4106/4106 4232/4232 4229/4229
f 4233/4233 4107/4107 4108/4108
f 4234/4234 4233/4233 4108/4108
f 4105/4105 4234/4234 4108/4108
f 4230/4230 4234/4234 4105/4105
f 4109/4109 4232/4232 4106/4106
f 4109/4109 4235/4235 4232/4232
f 4237/4237 4236/4236 4233/4233
f 4236/4236 4107/4107 4233/4233
f 4236/4236 4110/4110 4107/4107
f 4237/4237 4233/4233 4234/4234
f 4111/4111 4235/4235 4109/4109
f 4111/4111 4238/4238 4235/4235
f 4240/4240 4239/4239 4113/4113
f 4113/4113 4239/4239 4112/4112
f 4113/4113 4110/4110 4236/4236
f 4113/4113 4236/4236 4240/4240
f 4114/4114 4238/4238 4111/4111
f 4114/4114 4241/4241 4238/4238
f 4239/4239 4115/4115 4112/4112
f 4242/4242 4115/4115 4239/4239
f 4116/4116 4241/4241 4114/4114
f 4116/4116 4243/4243 4241/4241
f 4242/4242 4118/4118 4115/4115
f 4244/4244 4118/4118 4242/4242
f 4119/4119 4243/4243 4116/4116
f 4119/4119 4245/4245 4243/4243
f 4247/4247 4246/4246 4121/4121
f 4121/4121 4246/4246 4120/4120
f 4121/4121 4118/4118 4244/4244
f 4121/4121 4244/4244 4247/4247
f 4122/4122 4245/4245 4119/4119
f 4122/4122 4248/4248 4245/4245
f 4246/4246 4123/4123 4120/4120
f 4249/4249 4123/4123 4246/4246
f 4124/4124 4248/4248 4122/4122
f 4124/4124 4250/4250 4248/4248
f 4251/4251 4125/4125 4126/4126
f 4252/4252 4251/4251 4126/4126
f 4123/4123 4252/4252 4126/4126
f 4249/4249 4252/4252 4123/4123
f 4127/4127 4250/4250 4124/4124
f 4127/4127 4253/4253 4250/4250
f 4255/4255 4254/4254 4251/4251
f 4254/4254 4125/4125 4251/4251
f 4254/4254 4128/4128 4125/4125
f 4255/4255 4251/4251 4252/4252
f 4129/4129 4253/4253 4127/4127
f 4129/4129 4256/4256 4253/4253
f 4254/4254 4131/4131 4128/4128
f 4257/4257 4131/4131 4254/4254
f 4132/4132 4256/4256 4129/4129
f 4132/4132 4258/4258 4256/4256
f 4259/4259 4133/4133 4134/4134
f 4260/4260 4259/4259 4134/4134
f 4131/4131 4260/4260 4134/4134
f 4257/4257 4260/4260 4131/4131
f 4135/4135 4258/4258 4132/4132
f 4135/4135 4261/4261 4258/4258
f 4263/4263 4262/4262 4259/4259
f 4262/4262 4133/4133 4259/4259
f 4262/4262 4137/4137 4133/4133
f 4263/4263 4259/4259 4260/4260
f 4138/4138 4261/4261 4135/4135
f 4138/4138 4264/4264 4261/4261
f 4265/4265 4139/4139 4140/4140
f 4266/4266 4265/4265 4140/4140
f 4137/4137 4266/4266 4140/4140
f 4262/4262 4266/4266 4137/4137
f 4141/4141 4264/4264 4138/4138
f 4141/4141 4267/4267 4264/4264
f 4269/4269 4268/4268 4265/4265
f 4268/4268 4139/4139 4265/4265
f 4268/4268 4143/4143 4139/4139
f 4269/4269 4265/4265 4266/4266
f 4144/4144 4267/4267 4141/4141
f 4144/4144 4270/4270 4267/4267
f 4271/4271 4145/4145 4146/4146
f 4272/4272 4271/4271 4146/4146
f 4143/4143 4272/4272 4146/4146
f 4268/4268 4272/4272 4143/4143
f 4147/4147 4270/4270 4144/4144
f 4147/4147 4273/4273 4270/4270
f 4275/4275 4274/4274 4271/4271
f 4274/4274 4145/4145 4271/4271
f 4274/4274 4148/4148 4145/4145
f 4275/4275 4271/4271 4272/4272
f 4149/4149 4273/4273 4147/4147
f 4149/4149 4276/4276 4273/4273
f 4274/4274 4150/4150 4148/4148
f 4277/4277 4150/4150 4274/4274
f 4151/4151 4276/4276 4149/4149
f 4151/4151 4278/4278 4276/4276
f 4277/4277 4153/4153 4150/4150
f 4279/4279 4153/4153 4277/4277
f 4280/4280 4278/4278 4151/4151
f 4280/4280 4151/4151 4154/4154
f 4281/4281 4154/4154 4155/4155
f 4281/4281 4280/4280 4154/4154
f 4282/4282 4155/4155 4156/4156
f 4282/4282 4281/4281 4155/4155
f 4283/4283 4156/4156 4157/4157
f 4283/4283 4282/4282 4156/4156
f 4284/4284 4157/4157 4158/4158
f 4284/4284 4283/4283 4157/4157
f 4285/4285 4158/4158 4159/4159
f 4285/4285 4284/4284 4158/4158
f 4286/4286 4159/4159 4160/4160
f 4286/4286 4285/4285 4159/4159
f 4287/4287 4160/4160 4161/4161
f 4287/4287 4286/4286 4160/4160
f 4161/4161 4153/4153 4279/4279
f 4161/4161 4279/4279 4287/4287
f 4289/4289 4288/4288 4162/4162
f 4289/4289 4162/4162 4163/4163
f 4162/4162 4290/4290 4164/4164
f 4288/4288 4290/4290 4162/4162
f 4164/4164 4291/4291 4165/4165
f 4290/4290 4291/4291 4164/4164
f 4165/4165 4292/4292 4166/4166
f 4291/4291 4292/4292 4165/4165
f 4166/4166 4293/4293 4167/4167
f 4292/4292 4293/4293 4166/4166
f 4167/4167 4294/4294 4168/4168
f 4293/4293 4294/4294 4167/4167
f 4168/4168 4295/4295 4169/4169
f 4294/4294 4295/4295 4168/4168
f 4169/4169 4296/4296 4170/4170
f 4295/4295 4296/4296 4169/4169
f 4170/4170 4297/4297 4171/4171
f 4296/4296 4297/4297 4170/4170
f 4171/4171 4298/4298 4172/4172
f 4297/4297 4298/4298 4171/4171
f 4172/4172 4299/4299 4173/4173
f 4298/4298 4299/4299 4172/4172
f 4173/4173 4300/4300 4174/4174
f 4299/4299 4300/4300 4173/4173
f 4174/4174 4301/4301 4175/4175
f 4300/4300 4301/4301 4174/4174
f 4175/4175 4302/4302 4176/4176
f 4301/4301 4302/4302 4175/4175
f 4176/4176 4303/4303 4177/4177
f 4302/4302 4303/4303 4176/4176
f 4178/4178 4177/4177 4303/4303
f 4178/4178 4303/4303 4304/4304
f 4179/4179 4289/4289 4163/4163
f 4179/4179 4305/4305 4289/4289
f 4304/4304 4180/4180 4178/4178
f 4306/4306 4180/4180 4304/4304
f 4181/4181 4305/4305 4179/4179
f 4181/4181 4307/4307 4305/4305
f 4306/4306 4182/4182 4180/4180
f 4308/4308 4182/4182 4306/4306
f 4183/4183 4307/4307 4181/4181
f 4183/4183 4309/4309 4307/4307
f 4308/4308 4184/4184 4182/4182
f 4310/4310 4184/4184 4308/4308
f 4185/4185 4309/4309 4183/4183
f 4185/4185 4311/4311 4309/4309
f 4310/4310 4186/4186 4184/4184
f 4312/4312 4186/4186 4310/4310
f 4187/4187 4311/4311 4185/4185
f 4187/4187 4313/4313 4311/4311
f 4312/4312 4188/4188 4186/4186
f 4314/4314 4188/4188 4312/4312
f 4189/4189 4313/4313 4187/4187
f 4189/4189 4315/4315 4313/4313
f 4314/4314 4190/4190 4188/4188
f 4316/4316 4190/4190 4314/4314
f 4191/4191 4315/4315 4189/4189
f 4191/4191 4317/4317 4315/4315
f 4316/4316 4192/4192 4190/4190
f 4318/4318 4192/4192 4316/4316
f 4193/4193 4317/4317 4191/4191
f 4193/4193 4319/4319 4317/4317
f 4318/4318 4194/4194 4192/4192
f 4320/4320 4194/4194 4318/4318
f 4195/4195 4319/4319 4193/4193
f 4195/4195 4321/4321 4319/4319
f 4320/4320 4196/4196 4194/4194
f 4322/4322 4196/4196 4320/4320
f 4197/4197 4321/4321 4195/4195
f 4197/4197 4323/4323 4321/4321
f 4322/4322 4199/4199 4196/4196
f 4324/4324 4199/4199 4322/4322
f 4200/4200 4323/4323 4197/4197
f 4200/4200 4325/4325 4323/4323
f 4324/4324 4201/4201 4199/4199
f 4326/4326 4201/4201 4324/4324
f 4202/4202 4325/4325 4200/4200
f 4202/4202 4327/4327 4325/4325
f 4203/4203 4201/4201 4328/4328
f 4201/4201 4329/4329 4328/4328
f 4201/4201 4326/4326 4329/4329
f 4328/4328 4205/4205 4203/4203
f 4206/4206 4327/4327 4202/4202
f 4206/4206 4330/4330 4327/4327
f 4329/4329 4331/4331 4328/4328
f 4331/4331 4333/4333 4332/4332
f 4331/4331 4332/4332 4207/4207
f 4328/4328 4331/4331 4207/4207
f 4205/4205 4328/4328 4207/4207
f 4332/4332 4208/4208 4207/4207
f 4209/4209 4330/4330 4206/4206
f 4209/4209 4334/4334 4330/4330
f 4333/4333 4335/4335 4332/4332
f 4208/4208 4332/4332 4335/4335
f 4336/4336 4208/4208 4335/4335
f 4210/4210 4208/4208 4336/4336
f 4211/4211 4334/4334 4209/4209
f 4211/4211 4337/4337 4334/4334
f 4336/4336 4212/4212 4210/4210
f 4338/4338 4212/4212 4336/4336
f 4213/4213 4337/4337 4211/4211
f 4213/4213 4339/4339 4337/4337
f 4214/4214 4212/4212 4340/4340
f 4212/4212 4341/4341 4340/4340
f 4212/4212 4338/4338 4341/4341
f 4340/4340 4215/4215 4214/4214
f 4216/4216 4339/4339 4213/4213
f 4216/4216 4342/4342 4339/4339
f 4341/4341 4343/4343 4340/4340
f 4215/4215 4340/4340 4343/4343
f 4344/4344 4215/4215 4343/4343
f 4217/4217 4215/4215 4344/4344
f 4218/4218 4342/4342 4216/4216
f 4218/4218 4345/4345 4342/4342
f 4344/4344 4219/4219 4217/4217
f 4346/4346 4219/4219 4344/4344
f 4220/4220 4345/4345 4218/4218
f 4220/4220 4347/4347 4345/4345
f 4349/4349 4223/4223 4348/4348
f 4223/4223 4346/4346 4348/4348
f 4223/4223 4219/4219 4346/4346
f 4350/4350 4349/4349 4348/4348
f 4224/4224 4347/4347 4220/4220
f 4224/4224 4351/4351 4347/4347
f 4352/4352 4226/4226 4227/4227
f 4228/4228 4353/4353 4227/4227
f 4227/4227 4353/4353 4352/4352
f 4223/4223 4349/4349 4228/4228
f 4349/4349 4353/4353 4228/4228
f 4349/4349 4354/4354 4353/4353
f 4349/4349 4350/4350 4355/4355
f 4349/4349 4355/4355 4354/4354
f 4229/4229 4351/4351 4224/4224
f 4229/4229 4356/4356 4351/4351
f 4357/4357 4230/4230 4231/4231
f 4226/4226 4352/4352 4231/4231
f 4352/4352 4357/4357 4231/4231
f 4352/4352 4358/4358 4357/4357
f 4353/4353 4360/4360 4359/4359
f 4358/4358 4353/4353 4359/4359
f 4352/4352 4353/4353 4358/4358
f 4360/4360 4353/4353 4354/4354
f 4360/4360 4354/4354 4361/4361
f 4361/4361 4354/4354 4355/4355
f 4232/4232 4356/4356 4229/4229
f 4232/4232 4362/4362 4356/4356
f 4363/4363 4234/4234 4357/4357
f 4357/4357 4234/4234 4230/4230
f 4364/4364 4357/4357 4358/4358
f 4363/4363 4357/4357 4364/4364
f 4358/4358 4359/4359 4365/4365
f 4358/4358 4365/4365 4364/4364
f 4235/4235 4362/4362 4232/4232
f 4235/4235 4366/4366 4362/4362
f 4367/4367 4236/4236 4237/4237
f 4368/4368 4367/4367 4237/4237
f 4368/4368 4237/4237 4234/4234
f 4369/4369 4368/4368 4234/4234
f 4363/4363 4369/4369 4234/4234
f 4369/4369 4363/4363 4364/4364
f 4369/4369 4364/4364 4370/4370
f 4370/4370 4364/4364 4365/4365
f 4238/4238 4366/4366 4235/4235
f 4238/4238 4371/4371 4366/4366
f 4372/4372 4239/4239 4240/4240
f 4373/4373 4372/4372 4240/4240
f 4373/4373 4240/4240 4236/4236
f 4374/4374 4373/4373 4236/4236
f 4367/4367 4374/4374 4236/4236
f 4374/4374 4367/4367 4368/4368
f 4241/4241 4371/4371 4238/4238
f 4241/4241 4375/4375 4371/4371
f 4377/4377 4376/4376 4372/4372
f 4376/4376 4239/4239 4372/4372
f 4376/4376 4242/4242 4239/4239
f 4377/4377 4372/4372 4373/4373
f 4243/4243 4375/4375 4241/4241
f 4243/4243 4378/4378 4375/4375
f 4376/4376 4244/4244 4242/4242
f 4379/4379 4244/4244 4376/4376
f 4245/4245 4378/4378 4243/4243
f 4245/4245 4380/4380 4378/4378
f 4381/4381 4246/4246 4247/4247
f 4382/4382 4381/4381 4247/4247
f 4244/4244 4382/4382 4247/4247
f 4379/4379 4382/4382 4244/4244
f 4248/4248 4380/4380 4245/4245
f 4248/4248 4383/4383 4380/4380
f 4385/4385 4384/4384 4381/4381
f 4384/4384 4246/4246 4381/4381
f 4384/4384 4249/4249 4246/4246
f 4385/4385 4381/4381 4382/4382
f 4250/4250 4383/4383 4248/4248
f 4250/4250 4386/4386 4383/4383
f 4384/4384 4252/4252 4249/4249
f 4387/4387 4252/4252 4384/4384
f 4253/4253 4386/4386 4250/4250
f 4253/4253 4388/4388 4386/4386
f 4389/4389 4254/4254 4255/4255
f 4390/4390 4389/4389 4255/4255
f 4252/4252 4390/4390 4255/4255
f 4387/4387 4390/4390 4252/4252
f 4256/4256 4388/4388 4253/4253
f 4256/4256 4391/4391 4388/4388
f 4393/4393 4392/4392 4389/4389
f 4392/4392 4254/4254 4389/4389
f 4392/4392 4257/4257 4254/4254
f 4393/4393 4389/4389 4390/4390
f 4258/4258 4391/4391 4256/4256
f 4258/4258 4394/4394 4391/4391
f 4392/4392 4260/4260 4257/4257
f 4395/4395 4260/4260 4392/4392
f 4261/4261 4394/4394 4258/4258
f 4261/4261 4396/4396 4394/4394
f 4397/4397 4262/4262 4263/4263
f 4398/4398 4397/4397 4263/4263
f 4260/4260 4398/4398 4263/4263
f 4395/4395 4398/4398 4260/4260
f 4264/4264 4396/4396 4261/4261
f 4264/4264 4399/4399 4396/4396
f 4401/4401 4400/4400 4397/4397
f 4400/4400 4262/4262 4397/4397
f 4400/4400 4266/4266 4262/4262
f 4401/4401 4397/4397 4398/4398
f 4267/4267 4399/4399 4264/4264
f 4267/4267 4402/4402 4399/4399
f 4403/4403 4268/4268 4269/4269
f 4404/4404 4403/4403 4269/4269
f 4266/4266 4404/4404 4269/4269
f 4400/4400 4404/4404 4266/4266
f 4270/4270 4402/4402 4267/4267
f 4270/4270 4405/4405 4402/4402
f 4407/4407 4406/4406 4403/4403
f 4406/4406 4268/4268 4403/4403
f 4406/4406 4272/4272 4268/4268
f 4407/4407 4403/4403 4404/4404
f 4273/4273 4405/4405 4270/4270
f 4273/4273 4408/4408 4405/4405
f 4410/4410 4409/4409 4275/4275
f 4275/4275 4409/4409 4274/4274
f 4275/4275 4272/4272 4406/4406
f 4275/4275 4406/4406 4410/4410
f 4276/4276 4408/4408 4273/4273
f 4276/4276 4411/4411 4408/4408
f 4409/4409 4277/4277 4274/4274
f 4412/4412 4277/4277 4409/4409
f 4278/4278 4411/4411 4276/4276
f 4278/4278 4413/4413 4411/4411
f 4412/4412 4279/4279 4277/4277
f 4414/4414 4279/4279 4412/4412
f 4415/4415 4413/4413 4278/4278
f 4415/4415 4278/4278 4280/4280
f 4416/4416 4280/4280 4281/4281
f 4416/4416 4415/4415 4280/4280
f 4417/4417 4281/4281 4282/4282
f 4417/4417 4416/4416 4281/4281
f 4418/4418 4282/4282 4283/4283
f 4418/4418 4417/4417 4282/4282
f 4419/4419 4283/4283 4284/4284
f 4419/4419 4418/4418 4283/4283
f 4420/4420 4284/4284 4285/4285
f 4420/4420 4419/4419 4284/4284
f 4421/4421 4285/4285 4286/4286
f 4421/4421 4420/4420 4285/4285
f 4422/4422 4286/4286 4287/4287
f 4422/4422 4421/4421 4286/4286
f 4287/4287 4279/4279 4414/4414
f 4287/4287 4414/4414 4422/4422
f 4424/4424 4423/4423 4288/4288
f 4424/4424 4288/4288 4289/4289
f 4288/4288 4425/4425 4290/4290
f 4423/4423 4425/4425 4288/4288
f 4290/4290 4426/4426 4291/4291
f 4425/4425 4426/4426 4290/4290
f 4291/4291 4427/4427 4292/4292
f 4426/4426 4427/4427 4291/4291
f 4292/4292 4428/4428 4293/4293
f 4427/4427 4428/4428 4292/4292
f 4293/4293 4429/4429 4294/4294
f 4428/4428 4429/4429 4293/4293
f 4294/4294 4430/4430 4295/4295
f 4429/4429 4430/4430 4294/4294
f 4295/4295 4431/4431 4296/4296
f 4430/4430 4431/4431 4295/4295
f 4296/4296 4432/4432 4297/4297
f 4431/4431 4432/4432 4296/4296
f 4297/4297 4433/4433 4298/4298
f 4432/4432 4433/4433 4297/4297
f 4298/4298 4434/4434 4299/4299
f 4433/4433 4434/4434 4298/4298
f 4299/4299 4435/4435 4300/4300
f 4434/4434 4435/4435 4299/4299
f 4300/4300 4436/4436 4301/4301
f 4435/4435 4436/4436 4300/4300
f 4301/4301 4437/4437 4302/4302
f 4436/4436 4437/4437 4301/4301
f 4302/4302 4438/4438 4303/4303
f 4437/4437 4438/4438 4302/4302
f 4304/4304 4303/4303 4438/4438
f 4304/4304 4438/4438 4439/4439
f 4305/4305 4424/4424 4289/4289
f 4305/4305 4440/4440 4424/4424
f 4439/4439 4306/4306 4304/4304
f 4441/4441 4306/4306 4439/4439
f 4307/4307 4440/4440 4305/4305
f 4307/4307 4442/4442 4440/4440
f 4441/4441 4308/4308 4306/4306
f 4443/4443 4308/4308 4441/4441
f 4309/4309 4442/4442 4307/4307
f 4309/4309 4444/4444 4442/4442
f 4443/4443 4310/4310 4308/4308
f 4445/4445 4310/4310 4443/4443
f 4311/4311 4444/4444 4309/4309
f 4311/4311 4446/4446 4444/4444
f 4445/4445 4312/4312 4310/4310
f 4447/4447 4312/4312 4445/4445
f 4313/4313 4446/4446 4311/4311
f 4313/4313 4448/4448 4446/4446
f 4447/4447 4314/4314 4312/4312
f 4449/4449 4314/4314 4447/4447
f 4315/4315 4448/4448 4313/4313
f 4315/4315 4450/4450 4448/4448
f 4449/4449 4316/4316 4314/4314
f 4451/4451 4316/4316 4449/4449
f 4317/4317 4450/4450 4315/4315
f 4317/4317 4452/4452 4450/4450
f 4451/4451 4318/4318 4316/4316
f 4453/4453 4318/4318 4451/4451
f 4319/4319 4452/4452 4317/4317
f 4319/4319 4454/4454 4452/4452
f 4453/4453 4320/4320 4318/4318
f 4455/4455 4320/4320 4453/4453
f 4321/4321 4454/4454 4319/4319
f 4321/4321 4456/4456 4454/4454
f 4455/4455 4322/4322 4320/4320
f 4457/4457 4322/4322 4455/4455
f 4323/4323 4456/4456 4321/4321
f 4323/4323 4458/4458 4456/4456
f 4457/4457 4324/4324 4322/4322
f 4459/4459 4324/4324 4457/4457
f 4325/4325 4458/4458 4323/4323
f 4325/4325 4460/4460 4458/4458
f 4459/4459 4326/4326 4324/4324
f 4461/4461 4326/4326 4459/4459
f 4327/4327 4460/4460 4325/4325
f 4327/4327 4462/4462 4460/4460
f 4461/4461 4329/4329 4326/4326
f 4463/4463 4329/4329 4461/4461
f 4330/4330 4462/4462 4327/4327
f 4330/4330 4464/4464 4462/4462
f 4331/4331 4329/4329 4465/4465
f 4329/4329 4466/4466 4465/4465
f 4329/4329 4463/4463 4466/4466
f 4465/4465 4333/4333 4331/4331
f 4334/4334 4464/4464 4330/4330
f 4334/4334 4467/4467 4464/4464
f 4466/4466 4468/4468 4465/4465
f 4465/4465 4468/4468 4333/4333
f 4468/4468 4335/4335 4333/4333
f 4468/4468 4469/4469 4335/4335
f 4336/4336 4335/4335 4469/4469
f 4336/4336 4469/4469 4470/4470
f 4337/4337 4467/4467 4334/4334
f 4337/4337 4471/4471 4467/4467
f 4470/4470 4338/4338 4336/4336
f 4472/4472 4338/4338 4470/4470
f 4339/4339 4471/4471 4337/4337
f 4339/4339 4473/4473 4471/4471
f 4472/4472 4341/4341 4338/4338
f 4474/4474 4341/4341 4472/4472
f 4342/4342 4473/4473 4339/4339
f 4342/4342 4475/4475 4473/4473
f 4474/4474 4476/4476 4341/4341
f 4341/4341 4476/4476 4343/4343
f 4344/4344 4343/4343 4476/4476
f 4344/4344 4476/4476 4477/4477
f 4345/4345 4475/4475 4342/4342
f 4345/4345 4478/4478 4475/4475
f 4480/4480 4346/4346 4479/4479
f 4346/4346 4477/4477 4479/4479
f 4346/4346 4344/4344 4477/4477
f 4481/4481 4480/4480 4479/4479
f 4347/4347 4478/4478 4345/4345
f 4347/4347 4482/4482 4478/4478
f 4480/4480 4348/4348 4346/4346
f 4350/4350 4348/4348 4480/4480
f 4481/4481 4350/4350 4480/4480
f 4483/4483 4350/4350 4481/4481
f 4351/4351 4482/4482 4347/4347
f 4351/4351 4484/4484 4482/4482
f 4483/4483 4355/4355 4350/4350
f 4485/4485 4355/4355 4483/4483
f 4356/4356 4484/4484 4351/4351
f 4356/4356 4486/4486 4484/4484
f 4487/4487 4359/4359 4360/4360
f 4361/4361 4488/4488 4360/4360
f 4360/4360 4488/4488 4487/4487
f 4489/4489 4488/4488 4361/4361
f 4355/4355 4489/4489 4361/4361
f 4485/4485 4489/4489 4355/4355
f 4362/4362 4486/4486 4356/4356
f 4362/4362 4490/4490 4486/4486
f 4491/4491 4365/4365 4487/4487
f 4487/4487 4365/4365 4359/4359
f 4492/4492 4487/4487 4488/4488
f 4491/4491 4487/4487 4492/4492
f 4488/4488 4489/4489 4493/4493
f 4488/4488 4493/4493 4492/4492
f 4366/4366 4490/4490 4362/4362
f 4366/4366 4494/4494 4490/4490
f 4495/4495 4368/4368 4369/4369
f 4370/4370 4496/4496 4369/4369
f 4369/4369 4496/4496 4495/4495
f 4365/4365 4491/4491 4370/4370
f 4491/4491 4496/4496 4370/4370
f 4491/4491 4497/4497 4496/4496
f 4498/4498 4491/4491 4492/4492
f 4497/4497 4491/4491 4498/4498
f 4492/4492 4493/4493 4499/4499
f 4492/4492 4499/4499 4498/4498
f 4371/4371 4494/4494 4366/4366
f 4371/4371 4500/4500 4494/4494
f 4501/4501 4373/4373 4374/4374
f 4368/4368 4495/4495 4374/4374
f 4495/4495 4501/4501 4374/4374
f 4495/4495 4502/4502 4501/4501
f 4496/4496 4504/4504 4503/4503
f 4502/4502 4496/4496 4503/4503
f 4495/4495 4496/4496 4502/4502
f 4504/4504 4496/4496 4497/4497
f 4504/4504 4497/4497 4505/4505
f 4505/4505 4497/4497 4498/4498
f 4505/4505 4498/4498 4506/4506
f 4506/4506 4498/4498 4499/4499
f 4375/4375 4500/4500 4371/4371
f 4375/4375 4507/4507 4500/4500
f 4508/4508 4376/4376 4377/4377
f 4509/4509 4508/4508 4377/4377
f 4509/4509 4377/4377 4373/4373
f 4510/4510 4509/4509 4373/4373
f 4501/4501 4510/4510 4373/4373
f 4510/4510 4501/4501 4502/4502
f 4510/4510 4502/4502 4511/4511
f 4511/4511 4502/4502 4503/4503
f 4378/4378 4507/4507 4375/4375
f 4378/4378 4512/4512 4507/4507
f 4513/4513 4379/4379 4508/4508
f 4508/4508 4379/4379 4376/4376
f 4508/4508 4509/4509 4514/4514
f 4508/4508 4514/4514 4513/4513
f 4380/4380 4512/4512 4378/4378
f 4380/4380 4515/4515 4512/4512
f 4517/4517 4516/4516 4513/4513
f 4516/4516 4379/4379 4513/4513
f 4516/4516 4382/4382 4379/4379
f 4517/4517 4513/4513 4514/4514
f 4383/4383 4515/4515 4380/4380
f 4383/4383 4518/4518 4515/4515
f 4519/4519 4384/4384 4385/4385
f 4520/4520 4519/4519 4385/4385
f 4382/4382 4520/4520 4385/4385
f 4516/4516 4520/4520 4382/4382
f 4386/4386 4518/4518 4383/4383
f 4386/4386 4521/4521 4518/4518
f 4523/4523 4522/4522 4519/4519
f 4522/4522 4384/4384 4519/4519
f 4522/4522 4387/4387 4384/4384
f 4523/4523 4519/4519 4520/4520
f 4388/4388 4521/4521 4386/4386
f 4388/4388 4524/4524 4521/4521
f 4522/4522 4390/4390 4387/4387
f 4525/4525 4390/4390 4522/4522
f 4391/4391 4524/4524 4388/4388
f 4391/4391 4526/4526 4524/4524
f 4527/4527 4392/4392 4393/4393
f 4528/4528 4527/4527 4393/4393
f 4390/4390 4528/4528 4393/4393
f 4525/4525 4528/4528 4390/4390
f 4394/4394 4526/4526 4391/4391
f 4394/4394 4529/4529 4526/4526
f 4531/4531 4530/4530 4527/4527
f 4530/4530 4392/4392 4527/4527
f 4530/4530 4395/4395 4392/4392
f 4531/4531 4527/4527 4528/4528
f 4396/4396 4529/4529 4394/4394
f 4396/4396 4532/4532 4529/4529
f 4530/4530 4398/4398 4395/4395
f 4533/4533 4398/4398 4530/4530
f 4399/4399 4532/4532 4396/4396
f 4399/4399 4534/4534 4532/4532
f 4535/4535 4400/4400 4401/4401
f 4536/4536 4535/4535 4401/4401
f 4398/4398 4536/4536 4401/4401
f 4533/4533 4536/4536 4398/4398
f 4402/4402 4534/4534 4399/4399
f 4402/4402 4537/4537 4534/4534
f 4538/4538 4404/4404 4535/4535
f 4535/4535 4404/4404 4400/4400
f 4535/4535 4536/4536 4539/4539
f 4535/4535 4539/4539 4538/4538
f 4405/4405 4537/4537 4402/4402
f 4405/4405 4540/4540 4537/4537
f 4541/4541 4406/4406 4407/4407
f 4542/4542 4541/4541 4407/4407
f 4542/4542 4407/4407 4404/4404
f 4543/4543 4542/4542 4404/4404
f 4538/4538 4543/4543 4404/4404
f 4543/4543 4538/4538 4539/4539
f 4408/4408 4540/4540 4405/4405
f 4408/4408 4544/4544 4540/4540
f 4545/4545 4409/4409 4410/4410
f 4546/4546 4545/4545 4410/4410
f 4546/4546 4410/4410 4406/4406
f 4547/4547 4546/4546 4406/4406
f 4541/4541 4547/4547 4406/4406
f 4547/4547 4541/4541 4542/4542
f 4411/4411 4544/4544 4408/4408
f 4411/4411 4548/4548 4544/4544
f 4550/4550 4549/4549 4545/4545
f 4549/4549 4409/4409 4545/4545
f 4549/4549 4412/4412 4409/4409
f 4550/4550 4545/4545 4546/4546
f 4413/4413 4548/4548 4411/4411
f 4413/4413 4551/4551 4548/4548
f 4549/4549 4414/4414 4412/4412
f 4552/4552 4414/4414 4549/4549
f 4553/4553 4551/4551 4413/4413
f 4553/4553 4413/4413 4415/4415
f 4554/4554 4415/4415 4416/4416
f 4554/4554 4553/4553 4415/4415
f 4555/4555 4416/4416 4417/4417
f 4555/4555 4554/4554 4416/4416
f 4556/4556 4417/4417 4418/4418
f 4556/4556 4555/4555 4417/4417
f 4557/4557 4418/4418 4419/4419
f 4557/4557 4556/4556 4418/4418
f 4558/4558 4419/4419 4420/4420
f 4558/4558 4557/4557 4419/4419
f 4559/4559 4420/4420 4421/4421
f 4559/4559 4558/4558 4420/4420
f 4560/4560 4421/4421 4422/4422
f 4560/4560 4559/4559 4421/4421
f 4422/4422 4414/4414 4552/4552
f 4422/4422 4552/4552 4560/4560
f 4562/4562 4561/4561 4423/4423
f 4562/4562 4423/4423 4424/4424
f 4423/4423 4563/4563 4425/4425
f 4561/4561 4563/4563 4423/4423
f 4425/4425 4564/4564 4426/4426
f 4563/4563 4564/4564 4425/4425
f 4426/4426 4565/4565 4427/4427
f 4564/4564 4565/4565 4426/4426
f 4427/4427 4566/4566 4428/4428
f 4565/4565 4566/4566 4427/4427
f 4428/4428 4567/4567 4429/4429
f 4566/4566 4567/4567 4428/4428
f 4429/4429 4568/4568 4430/4430
f 4567/4567 4568/4568 4429/4429
f 4430/4430 4569/4569 4431/4431
f 4568/4568 4569/4569 4430/4430
f 4431/4431 4570/4570 4432/4432
f 4569/4569 4570/4570 4431/4431
f 4432/4432 4571/4571 4433/4433
f 4570/4570 4571/4571 4432/4432
f 4433/4433 4572/4572 4434/4434
f 4571/4571 4572/4572 4433/4433
f 4434/4434 4573/4573 4435/4435
f 4572/4572 4573/4573 4434/4434
f 4435/4435 4574/4574 4436/4436
f 4573/4573 4574/4574 4435/4435
f 4436/4436 4575/4575 4437/4437
f 4574/4574 4575/4575 4436/4436
f 4437/4437 4576/4576 4438/4438
f 4575/4575 4576/4576 4437/4437
f 4439/4439 4438/4438 4576/4576
f 4439/4439 4576/4576 4577/4577
f 4440/4440 4562/4562 4424/4424
f 4440/4440 4578/4578 4562/4562
f 4577/4577 4441/4441 4439/4439
f 4579/4579 4441/4441 4577/4577
f 4442/4442 4578/4578 4440/4440
f 4442/4442 4580/4580 4578/4578
f 4579/4579 4443/4443 4441/4441
f 4581/4581 4443/4443 4579/4579
f 4444/4444 4580/4580 4442/4442
f 4444/4444 4582/4582 4580/4580
f 4581/4581 4445/4445 4443/4443
f 4583/4583 4445/4445 4581/4581
f 4446/4446 4582/4582 4444/4444
f 4446/4446 4584/4584 4582/4582
f 4583/4583 4447/4447 4445/4445
f 4585/4585 4447/4447 4583/4583
f 4448/4448 4584/4584 4446/4446
f 4448/4448 4586/4586 4584/4584
f 4585/4585 4449/4449 4447/4447
f 4587/4587 4449/4449 4585/4585
f 4450/4450 4586/4586 4448/4448
f 4450/4450 4588/4588 4586/4586
f 4587/4587 4451/4451 4449/4449
f 4589/4589 4451/4451 4587/4587
f 4452/4452 4588/4588 4450/4450
f 4452/4452 4590/4590 4588/4588
f 4589/4589 4453/4453 4451/4451
f 4591/4591 4453/4453 4589/4589
f 4454/4454 4590/4590 4452/4452
f 4454/4454 4592/4592 4590/4590
f 4591/4591 4455/4455 4453/4453
f 4593/4593 4455/4455 4591/4591
f 4456/4456 4592/4592 4454/4454
f 4456/4456 4594/4594 4592/4592
f 4593/4593 4457/4457 4455/4455
f 4595/4595 4457/4457 4593/4593
f 4458/4458 4594/4594 4456/4456
f 4458/4458 4596/4596 4594/4594
f 4595/4595 4459/4459 4457/4457
f 4597/4597 4459/4459 4595/4595
f 4460/4460 4596/4596 4458/4458
f 4460/4460 4598/4598 4596/4596
f 4597/4597 4461/4461 4459/4459
f 4599/4599 4461/4461 4597/4597
f 4462/4462 4598/4598 4460/4460
f 4462/4462 4600/4600 4598/4598
f 4599/4599 4463/4463 4461/4461
f 4601/4601 4463/4463 4599/4599
f 4464/4464 4600/4600 4462/4462
f 4464/4464 4602/4602 4600/4600
f 4601/4601 4466/4466 4463/4463
f 4603/4603 4466/4466 4601/4601
f 4467/4467 4602/4602 4464/4464
f 4467/4467 4604/4604 4602/4602
f 4468/4468 4466/4466 4605/4605
f 4466/4466 4606/4606 4605/4605
f 4466/4466 4603/4603 4606/4606
f 4607/4607 4469/4469 4468/4468
f 4607/4607 4468/4468 4605/4605
f 4607/4607 4470/4470 4469/4469
f 4471/4471 4604/4604 4467/4467
f 4471/4471 4608/4608 4604/4604
f 4606/4606 4609/4609 4605/4605
f 4611/4611 4610/4610 4609/4609
f 4610/4610 4605/4605 4609/4609
f 4610/4610 4607/4607 4605/4605
f 4610/4610 4472/4472 4470/4470
f 4610/4610 4470/4470 4607/4607
f 4473/4473 4608/4608 4471/4471
f 4473/4473 4612/4612 4608/4608
f 4611/4611 4613/4613 4610/4610
f 4472/4472 4610/4610 4613/4613
f 4614/4614 4472/4472 4613/4613
f 4474/4474 4472/4472 4614/4614
f 4475/4475 4612/4612 4473/4473
f 4475/4475 4615/4615 4612/4612
f 4614/4614 4616/4616 4474/4474
f 4474/4474 4616/4616 4476/4476
f 4477/4477 4476/4476 4616/4616
f 4477/4477 4616/4616 4617/4617
f 4478/4478 4615/4615 4475/4475
f 4478/4478 4618/4618 4615/4615
f 4479/4479 4477/4477 4619/4619
f 4477/4477 4620/4620 4619/4619
f 4477/4477 4617/4617 4620/4620
f 4619/4619 4481/4481 4479/4479
f 4482/4482 4618/4618 4478/4478
f 4482/4482 4621/4621 4618/4618
f 4620/4620 4622/4622 4619/4619
f 4481/4481 4619/4619 4622/4622
f 4623/4623 4481/4481 4622/4622
f 4483/4483 4481/4481 4623/4623
f 4484/4484 4621/4621 4482/4482
f 4484/4484 4624/4624 4621/4621
f 4623/4623 4485/4485 4483/4483
f 4625/4625 4485/4485 4623/4623
f 4486/4486 4624/4624 4484/4484
f 4486/4486 4626/4626 4624/4624
f 4625/4625 4489/4489 4485/4485
f 4627/4627 4489/4489 4625/4625
f 4490/4490 4626/4626 4486/4486
f 4490/4490 4628/4628 4626/4626
f 4627/4627 4493/4493 4489/4489
f 4629/4629 4493/4493 4627/4627
f 4494/4494 4628/4628 4490/4490
f 4494/4494 4630/4630 4628/4628
f 4629/4629 4499/4499 4493/4493
f 4631/4631 4499/4499 4629/4629
f 4500/4500 4630/4630 4494/4494
f 4500/4500 4632/4632 4630/4630
f 4633/4633 4503/4503 4504/4504
f 4505/4505 4634/4634 4504/4504
f 4504/4504 4634/4634 4633/4633
f 4634/4634 4505/4505 4635/4635
f 4505/4505 4636/4636 4635/4635
f 4505/4505 4506/4506 4636/4636
f 4506/4506 4499/4499 4631/4631
f 4506/4506 4631/4631 4636/4636
f 4507/4507 4632/4632 4500/4500
f 4507/4507 4637/4637 4632/4632
f 4638/4638 4509/4509 4510/4510
f 4511/4511 4639/4639 4510/4510
f 4510/4510 4639/4639 4638/4638
f 4503/4503 4633/4633 4511/4511
f 4633/4633 4639/4639 4511/4511
f 4633/4633 4640/4640 4639/4639
f 4634/4634 4642/4642 4641/4641
f 4640/4640 4634/4634 4641/4641
f 4633/4633 4634/4634 4640/4640
f 4642/4642 4634/4634 4635/4635
f 4512/4512 4637/4637 4507/4507
f 4512/4512 4643/4643 4637/4637
f 4644/4644 4514/4514 4638/4638
f 4638/4638 4514/4514 4509/4509
f 4645/4645 4638/4638 4639/4639
f 4644/4644 4638/4638 4645/4645
f 4640/4640 4647/4647 4646/4646
f 4645/4645 4640/4640 4646/4646
f 4639/4639 4640/4640 4645/4645
f 4647/4647 4640/4640 4641/4641
f 4515/4515 4643/4643 4512/4512
f 4515/4515 4648/4648 4643/4643
f 4649/4649 4516/4516 4517/4517
f 4514/4514 4644/4644 4517/4517
f 4644/4644 4649/4649 4517/4517
f 4644/4644 4650/4650 4649/4649
f 4645/4645 4652/4652 4651/4651
f 4650/4650 4645/4645 4651/4651
f 4644/4644 4645/4645 4650/4650
f 4652/4652 4645/4645 4646/4646
f 4518/4518 4648/4648 4515/4515
f 4518/4518 4653/4653 4648/4648
f 4655/4655 4654/4654 4649/4649
f 4654/4654 4516/4516 4649/4649
f 4654/4654 4520/4520 4516/4516
f 4655/4655 4649/4649 4650/4650
f 4655/4655 4650/4650 4656/4656
f 4656/4656 4650/4650 4651/4651
f 4521/4521 4653/4653 4518/4518
f 4521/4521 4657/4657 4653/4653
f 4658/4658 4522/4522 4523/4523
f 4659/4659 4658/4658 4523/4523
f 4520/4520 4659/4659 4523/4523
f 4654/4654 4659/4659 4520/4520
f 4524/4524 4657/4657 4521/4521
f 4524/4524 4660/4660 4657/4657
f 4661/4661 4525/4525 4658/4658
f 4658/4658 4525/4525 4522/4522
f 4658/4658 4659/4659 4662/4662
f 4658/4658 4662/4662 4661/4661
f 4526/4526 4660/4660 4524/4524
f 4526/4526 4663/4663 4660/4660
f 4664/4664 4528/4528 4661/4661
f 4661/4661 4528/4528 4525/4525
f 4661/4661 4662/4662 4665/4665
f 4661/4661 4665/4665 4664/4664
f 4529/4529 4663/4663 4526/4526
f 4529/4529 4666/4666 4663/4663
f 4667/4667 4530/4530 4531/4531
f 4668/4668 4667/4667 4531/4531
f 4668/4668 4531/4531 4528/4528
f 4669/4669 4668/4668 4528/4528
f 4664/4664 4669/4669 4528/4528
f 4669/4669 4664/4664 4665/4665
f 4532/4532 4666/4666 4529/4529
f 4532/4532 4670/4670 4666/4666
f 4671/4671 4533/4533 4667/4667
f 4667/4667 4533/4533 4530/4530
f 4667/4667 4668/4668 4672/4672
f 4667/4667 4672/4672 4671/4671
f 4534/4534 4670/4670 4532/4532
f 4534/4534 4673/4673 4670/4670
f 4675/4675 4674/4674 4671/4671
f 4674/4674 4533/4533 4671/4671
f 4674/4674 4536/4536 4533/4533
f 4675/4675 4671/4671 4672/4672
f 4537/4537 4673/4673 4534/4534
f 4537/4537 4676/4676 4673/4673
f 4674/4674 4539/4539 4536/4536
f 4677/4677 4539/4539 4674/4674
f 4540/4540 4676/4676 4537/4537
f 4540/4540 4678/4678 4676/4676
f 4679/4679 4542/4542 4543/4543
f 4680/4680 4679/4679 4543/4543
f 4539/4539 4680/4680 4543/4543
f 4677/4677 4680/4680 4539/4539
f 4544/4544 4678/4678 4540/4540
f 4544/4544 4681/4681 4678/4678
f 4682/4682 4546/4546 4547/4547
f 4683/4683 4682/4682 4547/4547
f 4683/4683 4547/4547 4542/4542
f 4684/4684 4683/4683 4542/4542
f 4679/4679 4684/4684 4542/4542
f 4684/4684 4679/4679 4680/4680
f 4548/4548 4681/4681 4544/4544
f 4548/4548 4685/4685 4681/4681
f 4686/4686 4549/4549 4550/4550
f 4687/4687 4686/4686 4550/4550
f 4687/4687 4550/4550 4546/4546
f 4688/4688 4687/4687 4546/4546
f 4682/4682 4688/4688 4546/4546
f 4688/4688 4682/4682 4683/4683
f 4551/4551 4685/4685 4548/4548
f 4551/4551 4689/4689 4685/4685
f 4691/4691 4690/4690 4686/4686
f 4690/4690 4549/4549 4686/4686
f 4690/4690 4552/4552 4549/4549
f 4691/4691 4686/4686 4687/4687
f 4692/4692 4689/4689 4551/4551
f 4692/4692 4551/4551 4553/4553
f 4693/4693 4553/4553 4554/4554
f 4693/4693 4692/4692 4553/4553
f 4694/4694 4554/4554 4555/4555
f 4694/4694 4693/4693 4554/4554
f 4695/4695 4555/4555 4556/4556
f 4695/4695 4694/4694 4555/4555
f 4696/4696 4556/4556 4557/4557
f 4696/4696 4695/4695 4556/4556
f 4697/4697 4557/4557 4558/4558
f 4697/4697 4696/4696 4557/4557
f 4698/4698 4558/4558 4559/4559
f 4698/4698 4697/4697 4558/4558
f 4699/4699 4559/4559 4560/4560
f 4699/4699 4698/4698 4559/4559
f 4560/4560 4552/4552 4690/4690
f 4560/4560 4690/4690 4699/4699
f 4701/4701 4700/4700 4561/4561
f 4701/4701 4561/4561 4562/4562
f 4561/4561 4702/4702 4563/4563
f 4700/4700 4702/4702 4561/4561
f 4563/4563 4703/4703 4564/4564
f 4702/4702 4703/4703 4563/4563
f 4564/4564 4704/4704 4565/4565
f 4703/4703 4704/4704 4564/4564
f 4565/4565 4705/4705 4566/4566
f 4704/4704 4705/4705 4565/4565
f 4566/4566 4706/4706 4567/4567
f 4705/4705 4706/4706 4566/4566
f 4567/4567 4707/4707 4568/4568
f 4706/4706 4707/4707 4567/4567
f 4568/4568 4708/4708 4569/4569
f 4707/4707 4708/4708 4568/4568
f 4569/4569 4709/4709 4570/4570
f 4708/4708 4709/4709 4569/4569
f 4570/4570 4710/4710 4571/4571
f 4709/4709 4710/4710 4570/4570
f 4571/4571 4711/4711 4572/4572
f 4710/4710 4711/4711 4571/4571
f 4572/4572 4712/4712 4573/4573
f 4711/4711 4712/4712 4572/4572
f 4573/4573 4713/4713 4574/4574
f 4712/4712 4713/4713 4573/4573
f 4574/4574 4714/4714 4575/4575
f 4713/4713 4714/4714 4574/4574
f 4575/4575 4715/4715 4576/4576
f 4714/4714 4715/4715 4575/4575
f 4577/4577 4576/4576 4715/4715
f 4577/4577 4715/4715 4716/4716
f 4578/4578 4701/4701 4562/4562
f 4578/4578 4717/4717 4701/4701
f 4716/4716 4579/4579 4577/4577
f 4718/4718 4579/4579 4716/4716
f 4580/4580 4717/4717 4578/4578
f 4580/4580 4719/4719 4717/4717
f 4718/4718 4581/4581 4579/4579
f 4720/4720 4581/4581 4718/4718
f 4582/4582 4719/4719 4580/4580
f 4582/4582 4721/4721 4719/4719
f 4720/4720 4583/4583 4581/4581
f 4722/4722 4583/4583 4720/4720
f 4584/4584 4721/4721 4582/4582
f 4584/4584 4723/4723 4721/4721
f 4722/4722 4585/4585 4583/4583
f 4724/4724 4585/4585 4722/4722
f 4586/4586 4723/4723 4584/4584
f 4586/4586 4725/4725 4723/4723
f 4724/4724 4587/4587 4585/4585
f 4726/4726 4587/4587 4724/4724
f 4588/4588 4725/4725 4586/4586
f 4588/4588 4727/4727 4725/4725
f 4726/4726 4589/4589 4587/4587
f 4728/4728 4589/4589 4726/4726
f 4590/4590 4727/4727 4588/4588
f 4590/4590 4729/4729 4727/4727
f 4728/4728 4591/4591 4589/4589
f 4730/4730 4591/4591 4728/4728
f 4592/4592 4729/4729 4590/4590
f 4592/4592 4731/4731 4729/4729
f 4730/4730 4593/4593 4591/4591
f 4732/4732 4593/4593 4730/4730
f 4594/4594 4731/4731 4592/4592
f 4594/4594 4733/4733 4731/4731
f 4732/4732 4595/4595 4593/4593
f 4734/4734 4595/4595 4732/4732
f 4596/4596 4733/4733 4594/4594
f 4596/4596 4735/4735 4733/4733
f 4734/4734 4597/4597 4595/4595
f 4736/4736 4597/4597 4734/4734
f 4598/4598 4735/4735 4596/4596
f 4598/4598 4737/4737 4735/4735
f 4736/4736 4599/4599 4597/4597
f 4738/4738 4599/4599 4736/4736
f 4600/4600 4737/4737 4598/4598
f 4600/4600 4739/4739 4737/4737
f 4738/4738 4601/4601 4599/4599
f 4740/4740 4601/4601 4738/4738
f 4602/4602 4739/4739 4600/4600
f 4602/4602 4741/4741 4739/4739
f 4740/4740 4603/4603 4601/4601
f 4742/4742 4603/4603 4740/4740
f 4604/4604 4741/4741 4602/4602
f 4604/4604 4743/4743 4741/4741
f 4742/4742 4606/4606 4603/4603
f 4744/4744 4606/4606 4742/4742
f 4608/4608 4743/4743 4604/4604
f 4608/4608 4745/4745 4743/4743
f 4744/4744 4746/4746 4606/4606
f 4606/4606 4746/4746 4609/4609
f 4611/4611 4609/4609 4746/4746
f 4611/4611 4746/4746 4747/4747
f 4612/4612 4745/4745 4608/4608
f 4612/4612 4748/4748 4745/4745
f 4613/4613 4611/4611 4749/4749
f 4611/4611 4750/4750 4749/4749
f 4611/4611 4747/4747 4750/4750
f 4749/4749 4614/4614 4613/4613
f 4615/4615 4748/4748 4612/4612
f 4615/4615 4751/4751 4748/4748
f 4750/4750 4752/4752 4749/4749
f 4752/4752 4754/4754 4753/4753
f 4752/4752 4753/4753 4616/4616
f 4749/4749 4752/4752 4616/4616
f 4614/4614 4749/4749 4616/4616
f 4753/4753 4617/4617 4616/4616
f 4618/4618 4751/4751 4615/4615
f 4618/4618 4755/4755 4751/4751
f 4754/4754 4756/4756 4753/4753
f 4617/4617 4753/4753 4756/4756
f 4757/4757 4617/4617 4756/4756
f 4620/4620 4617/4617 4757/4757
f 4621/4621 4755/4755 4618/4618
f 4621/4621 4758/4758 4755/4755
f 4622/4622 4620/4620 4759/4759
f 4620/4620 4760/4760 4759/4759
f 4620/4620 4757/4757 4760/4760
f 4759/4759 4623/4623 4622/4622
f 4624/4624 4758/4758 4621/4621
f 4624/4624 4761/4761 4758/4758
f 4760/4760 4762/4762 4759/4759
f 4623/4623 4759/4759 4762/4762
f 4763/4763 4623/4623 4762/4762
f 4625/4625 4623/4623 4763/4763
f 4626/4626 4761/4761 4624/4624
f 4626/4626 4764/4764 4761/4761
f 4763/4763 4627/4627 4625/4625
f 4765/4765 4627/4627 4763/4763
f 4628/4628 4764/4764 4626/4626
f 4628/4628 4766/4766 4764/4764
f 4765/4765 4629/4629 4627/4627
f 4767/4767 4629/4629 4765/4765
f 4630/4630 4766/4766 4628/4628
f 4630/4630 4768/4768 4766/4766
f 4771/4771 4770/4770 4769/4769
f 4767/4767 4771/4771 4769/4769
f 4631/4631 4767/4767 4769/4769
f 4629/4629 4767/4767 4631/4631
f 4632/4632 4768/4768 4630/4630
f 4632/4632 4772/4772 4768/4768
f 4769/4769 4770/4770 4636/4636
f 4770/4770 4635/4635 4636/4636
f 4770/4770 4773/4773 4635/4635
f 4769/4769 4636/4636 4631/4631
f 4637/4637 4772/4772 4632/4632
f 4637/4637 4774/4774 4772/4772
f 4775/4775 4641/4641 4642/4642
f 4776/4776 4775/4775 4642/4642
f 4635/4635 4776/4776 4642/4642
f 4773/4773 4776/4776 4635/4635
f 4643/4643 4774/4774 4637/4637
f 4643/4643 4777/4777 4774/4774
f 4778/4778 4646/4646 4647/4647
f 4641/4641 4775/4775 4647/4647
f 4775/4775 4778/4778 4647/4647
f 4775/4775 4779/4779 4778/4778
f 4775/4775 4776/4776 4780/4780
f 4775/4775 4780/4780 4779/4779
f 4648/4648 4777/4777 4643/4643
f 4648/4648 4781/4781 4777/4777
f 4782/4782 4651/4651 4652/4652
f 4646/4646 4778/4778 4652/4652
f 4778/4778 4782/4782 4652/4652
f 4778/4778 4783/4783 4782/4782
f 4779/4779 4785/4785 4784/4784
f 4783/4783 4779/4779 4784/4784
f 4778/4778 4779/4779 4783/4783
f 4785/4785 4779/4779 4780/4780
f 4653/4653 4781/4781 4648/4648
f 4653/4653 4786/4786 4781/4781
f 4787/4787 4654/4654 4655/4655
f 4656/4656 4788/4788 4655/4655
f 4655/4655 4788/4788 4787/4787
f 4651/4651 4782/4782 4656/4656
f 4782/4782 4788/4788 4656/4656
f 4782/4782 4789/4789 4788/4788
f 4783/4783 4791/4791 4790/4790
f 4789/4789 4783/4783 4790/4790
f 4782/4782 4783/4783 4789/4789
f 4791/4791 4783/4783 4784/4784
f 4657/4657 4786/4786 4653/4653
f 4657/4657 4792/4792 4786/4786
f 4793/4793 4659/4659 4787/4787
f 4787/4787 4659/4659 4654/4654
f 4794/4794 4787/4787 4788/4788
f 4793/4793 4787/4787 4794/4794
f 4795/4795 4788/4788 4789/4789
f 4794/4794 4788/4788 4795/4795
f 4789/4789 4790/4790 4796/4796
f 4789/4789 4796/4796 4795/4795
f 4660/4660 4792/4792 4657/4657
f 4660/4660 4797/4797 4792/4792
f 4798/4798 4662/4662 4793/4793
f 4793/4793 4662/4662 4659/4659
f 4794/4794 4800/4800 4799/4799
f 4798/4798 4794/4794 4799/4799
f 4793/4793 4794/4794 4798/4798
f 4800/4800 4794/4794 4795/4795
f 4800/4800 4795/4795 4801/4801
f 4801/4801 4795/4795 4796/4796
f 4663/4663 4797/4797 4660/4660
f 4663/4663 4802/4802 4797/4797
f 4804/4804 4803/4803 4798/4798
f 4803/4803 4662/4662 4798/4798
f 4803/4803 4665/4665 4662/4662
f 4804/4804 4798/4798 4799/4799
f 4666/4666 4802/4802 4663/4663
f 4666/4666 4805/4805 4802/4802
f 4806/4806 4668/4668 4669/4669
f 4807/4807 4806/4806 4669/4669
f 4665/4665 4807/4807 4669/4669
f 4803/4803 4807/4807 4665/4665
f 4670/4670 4805/4805 4666/4666
f 4670/4670 4808/4808 4805/4805
f 4809/4809 4672/4672 4806/4806
f 4806/4806 4672/4672 4668/4668
f 4806/4806 4807/4807 4810/4810
f 4806/4806 4810/4810 4809/4809
f 4673/4673 4808/4808 4670/4670
f 4673/4673 4811/4811 4808/4808
f 4812/4812 4674/4674 4675/4675
f 4813/4813 4812/4812 4675/4675
f 4813/4813 4675/4675 4672/4672
f 4814/4814 4813/4813 4672/4672
f 4809/4809 4814/4814 4672/4672
f 4814/4814 4809/4809 4810/4810
f 4676/4676 4811/4811 4673/4673
f 4676/4676 4815/4815 4811/4811
f 4816/4816 4677/4677 4812/4812
f 4812/4812 4677/4677 4674/4674
f 4812/4812 4813/4813 4817/4817
f 4812/4812 4817/4817 4816/4816
f 4678/4678 4815/4815 4676/4676
f 4678/4678 4818/4818 4815/4815
f 4820/4820 4819/4819 4816/4816
f 4819/4819 4677/4677 4816/4816
f 4819/4819 4680/4680 4677/4677
f 4820/4820 4816/4816 4817/4817
f 4681/4681 4818/4818 4678/4678
f 4681/4681 4821/4821 4818/4818
f 4822/4822 4683/4683 4684/4684
f 4823/4823 4822/4822 4684/4684
f 4680/4680 4823/4823 4684/4684
f 4819/4819 4823/4823 4680/4680
f 4685/4685 4821/4821 4681/4681
f 4685/4685 4824/4824 4821/4821
f 4825/4825 4687/4687 4688/4688
f 4826/4826 4825/4825 4688/4688
f 4826/4826 4688/4688 4683/4683
f 4827/4827 4826/4826 4683/4683
f 4822/4822 4827/4827 4683/4683
f 4827/4827 4822/4822 4823/4823
f 4689/4689 4824/4824 4685/4685
f 4689/4689 4828/4828 4824/4824
f 4829/4829 4690/4690 4691/4691
f 4830/4830 4829/4829 4691/4691
f 4830/4830 4691/4691 4687/4687
f 4831/4831 4830/4830 4687/4687
f 4825/4825 4831/4831 4687/4687
f 4831/4831 4825/4825 4826/4826
f 4832/4832 4828/4828 4689/4689
f 4832/4832 4689/4689 4692/4692
f 4833/4833 4692/4692 4693/4693
f 4833/4833 4832/4832 4692/4692
f 4834/4834 4693/4693 4694/4694
f 4834/4834 4833/4833 4693/4693
f 4835/4835 4694/4694 4695/4695
f 4835/4835 4834/4834 4694/4694
f 4836/4836 4695/4695 4696/4696
f 4836/4836 4835/4835 4695/4695
f 4837/4837 4696/4696 4697/4697
f 4837/4837 4836/4836 4696/4696
f 4838/4838 4697/4697 4698/4698
f 4838/4838 4837/4837 4697/4697
f 4839/4839 4698/4698 4699/4699
f 4839/4839 4838/4838 4698/4698
f 4699/4699 4690/4690 4829/4829
f 4840/4840 4699/4699 4829/4829
f 4839/4839 4699/4699 4840/4840
f 4840/4840 4829/4829 4830/4830
f 4842/4842 4841/4841 4700/4700
f 4842/4842 4700/4700 4701/4701
f 4700/4700 4843/4843 4702/4702
f 4841/4841 4843/4843 4700/4700
f 4702/4702 4844/4844 4703/4703
f 4843/4843 4844/4844 4702/4702
f 4703/4703 4845/4845 4704/4704
f 4844/4844 4845/4845 4703/4703
f 4704/4704 4846/4846 4705/4705
f 4845/4845 4846/4846 4704/4704
f 4705/4705 4847/4847 4706/4706
f 4846/4846 4847/4847 4705/4705
f 4706/4706 4848/4848 4707/4707
f 4847/4847 4848/4848 4706/4706
f 4707/4707 4849/4849 4708/4708
f 4848/4848 4849/4849 4707/4707
f 4708/4708 4850/4850 4709/4709
f 4849/4849 4850/4850 4708/4708
f 4709/4709 4851/4851 4710/4710
f 4850/4850 4851/4851 4709/4709
f 4710/4710 4852/4852 4711/4711
f 4851/4851 4852/4852 4710/4710
f 4711/4711 4853/4853 4712/4712
f 4852/4852 4853/4853 4711/4711
f 4712/4712 4854/4854 4713/4713
f 4853/4853 4854/4854 4712/4712
f 4713/4713 4855/4855 4714/4714
f 4854/4854 4855/4855 4713/4713
f 4714/4714 4856/4856 4715/4715
f 4855/4855 4856/4856 4714/4714
f 4716/4716 4715/4715 4856/4856
f 4716/4716 4856/4856 4857/4857
f 4717/4717 4842/4842 4701/4701
f 4717/4717 4858/4858 4842/4842
f 4857/4857 4718/4718 4716/4716
f 4859/4859 4718/4718 4857/4857
f 4719/4719 4858/4858 4717/4717
f 4719/4719 4860/4860 4858/4858
f 4859/4859 4720/4720 4718/4718
f 4861/4861 4720/4720 4859/4859
f 4721/4721 4860/4860 4719/4719
f 4721/4721 4862/4862 4860/4860
f 4861/4861 4722/4722 4720/4720
f 4863/4863 4722/4722 4861/4861
f 4723/4723 4862/4862 4721/4721
f 4723/4723 4864/4864 4862/4862
f 4863/4863 4724/4724 4722/4722
f 4865/4865 4724/4724 4863/4863
f 4725/4725 4864/4864 4723/4723
f 4725/4725 4866/4866 4864/4864
f 4865/4865 4726/4726 4724/4724
f 4867/4867 4726/4726 4865/4865
f 4727/4727 4866/4866 4725/4725
f 4727/4727 4868/4868 4866/4866
f 4867/4867 4728/4728 4726/4726
f 4869/4869 4728/4728 4867/4867
f 4729/4729 4868/4868 4727/4727
f 4729/4729 4870/4870 4868/4868
f 4869/4869 4730/4730 4728/4728
f 4871/4871 4730/4730 4869/4869
f 4731/4731 4870/4870 4729/4729
f 4731/4731 4872/4872 4870/4870
f 4871/4871 4732/4732 4730/4730
f 4873/4873 4732/4732 4871/4871
f 4733/4733 4872/4872 4731/4731
f 4733/4733 4874/4874 4872/4872
f 4873/4873 4734/4734 4732/4732
f 4875/4875 4734/4734 4873/4873
f 4735/4735 4874/4874 4733/4733
f 4735/4735 4876/4876 4874/4874
f 4875/4875 4736/4736 4734/4734
f 4877/4877 4736/4736 4875/4875
f 4737/4737 4876/4876 4735/4735
f 4737/4737 4878/4878 4876/4876
f 4877/4877 4738/4738 4736/4736
f 4879/4879 4738/4738 4877/4877
f 4739/4739 4878/4878 4737/4737
f 4739/4739 4880/4880 4878/4878
f 4879/4879 4740/4740 4738/4738
f 4881/4881 4740/4740 4879/4879
f 4741/4741 4880/4880 4739/4739
f 4741/4741 4882/4882 4880/4880
f 4881/4881 4742/4742 4740/4740
f 4883/4883 4742/4742 4881/4881
f 4743/4743 4882/4882 4741/4741
f 4743/4743 4884/4884 4882/4882
f 4883/4883 4744/4744 4742/4742
f 4885/4885 4744/4744 4883/4883
f 4745/4745 4884/4884 4743/4743
f 4745/4745 4886/4886 4884/4884
f 4746/4746 4744/4744 4887/4887
f 4744/4744 4888/4888 4887/4887
f 4744/4744 4885/4885 4888/4888
f 4887/4887 4747/4747 4746/4746
f 4748/4748 4886/4886 4745/4745
f 4748/4748 4889/4889 4886/4886
f 4887/4887 4888/4888 4890/4890
f 4890/4890 4888/4888 4891/4891
f 4890/4890 4750/4750 4747/4747
f 4890/4890 4747/4747 4887/4887
f 4751/4751 4889/4889 4748/4748
f 4751/4751 4892/4892 4889/4889
f 4891/4891 4893/4893 4890/4890
f 4893/4893 4895/4895 4894/4894
f 4893/4893 4894/4894 4752/4752
f 4890/4890 4893/4893 4752/4752
f 4750/4750 4890/4890 4752/4752
f 4894/4894 4754/4754 4752/4752
f 4755/4755 4892/4892 4751/4751
f 4755/4755 4896/4896 4892/4892
f 4895/4895 4897/4897 4894/4894
f 4897/4897 4899/4899 4898/4898
f 4897/4897 4898/4898 4756/4756
f 4894/4894 4897/4897 4756/4756
f 4754/4754 4894/4894 4756/4756
f 4898/4898 4757/4757 4756/4756
f 4758/4758 4896/4896 4755/4755
f 4758/4758 4900/4900 4896/4896
f 4899/4899 4901/4901 4898/4898
f 4757/4757 4898/4898 4901/4901
f 4902/4902 4757/4757 4901/4901
f 4760/4760 4757/4757 4902/4902
f 4761/4761 4900/4900 4758/4758
f 4761/4761 4903/4903 4900/4900
f 4762/4762 4760/4760 4904/4904
f 4760/4760 4905/4905 4904/4904
f 4760/4760 4902/4902 4905/4905
f 4904/4904 4763/4763 4762/4762
f 4764/4764 4903/4903 4761/4761
f 4764/4764 4906/4906 4903/4903
f 4905/4905 4907/4907 4904/4904
f 4763/4763 4904/4904 4907/4907
f 4908/4908 4763/4763 4907/4907
f 4765/4765 4763/4763 4908/4908
f 4766/4766 4906/4906 4764/4764
f 4766/4766 4909/4909 4906/4906
f 4912/4912 4911/4911 4910/4910
f 4908/4908 4912/4912 4910/4910
f 4767/4767 4908/4908 4910/4910
f 4765/4765 4908/4908 4767/4767
f 4768/4768 4909/4909 4766/4766
f 4768/4768 4913/4913 4909/4909
f 4910/4910 4911/4911 4771/4771
f 4911/4911 4770/4770 4771/4771
f 4911/4911 4914/4914 4770/4770
f 4910/4910 4771/4771 4767/4767
f 4772/4772 4913/4913 4768/4768
f 4772/4772 4915/4915 4913/4913
f 4918/4918 4917/4917 4916/4916
f 4914/4914 4918/4918 4916/4916
f 4773/4773 4914/4914 4916/4916
f 4770/4770 4914/4914 4773/4773
f 4774/4774 4915/4915 4772/4772
f 4774/4774 4919/4919 4915/4915
f 4917/4917 4920/4920 4916/4916
f 4773/4773 4916/4916 4920/4920
f 4921/4921 4773/4773 4920/4920
f 4776/4776 4773/4773 4921/4921
f 4777/4777 4919/4919 4774/4774
f 4777/4777 4922/4922 4919/4919
f 4921/4921 4780/4780 4776/4776
f 4923/4923 4780/4780 4921/4921
f 4781/4781 4922/4922 4777/4777
f 4781/4781 4924/4924 4922/4922
f 4925/4925 4784/4784 4785/4785
f 4926/4926 4925/4925 4785/4785
f 4780/4780 4926/4926 4785/4785
f 4923/4923 4926/4926 4780/4780
f 4786/4786 4924/4924 4781/4781
f 4786/4786 4927/4927 4924/4924
f 4928/4928 4790/4790 4791/4791
f 4929/4929 4928/4928 4791/4791
f 4929/4929 4791/4791 4784/4784
f 4930/4930 4929/4929 4784/4784
f 4925/4925 4930/4930 4784/4784
f 4930/4930 4925/4925 4926/4926
f 4792/4792 4927/4927 4786/4786
f 4792/4792 4931/4931 4927/4927
f 4932/4932 4796/4796 4928/4928
f 4928/4928 4796/4796 4790/4790
f 4928/4928 4929/4929 4933/4933
f 4928/4928 4933/4933 4932/4932
f 4797/4797 4931/4931 4792/4792
f 4797/4797 4934/4934 4931/4931
f 4935/4935 4799/4799 4800/4800
f 4801/4801 4936/4936 4800/4800
f 4800/4800 4936/4936 4935/4935
f 4796/4796 4932/4932 4801/4801
f 4932/4932 4936/4936 4801/4801
f 4932/4932 4937/4937 4936/4936
f 4932/4932 4933/4933 4938/4938
f 4932/4932 4938/4938 4937/4937
f 4802/4802 4934/4934 4797/4797
f 4802/4802 4939/4939 4934/4934
f 4940/4940 4803/4803 4804/4804
f 4799/4799 4935/4935 4804/4804
f 4935/4935 4940/4940 4804/4804
f 4935/4935 4941/4941 4940/4940
f 4942/4942 4935/4935 4936/4936
f 4941/4941 4935/4935 4942/4942
f 4943/4943 4936/4936 4937/4937
f 4942/4942 4936/4936 4943/4943
f 4937/4937 4938/4938 4944/4944
f 4937/4937 4944/4944 4943/4943
f 4805/4805 4939/4939 4802/4802
f 4805/4805 4945/4945 4939/4939
f 4946/4946 4807/4807 4940/4940
f 4940/4940 4807/4807 4803/4803
f 4947/4947 4940/4940 4941/4941
f 4946/4946 4940/4940 4947/4947
f 4942/4942 4949/4949 4948/4948
f 4947/4947 4942/4942 4948/4948
f 4941/4941 4942/4942 4947/4947
f 4949/4949 4942/4942 4943/4943
f 4949/4949 4943/4943 4950/4950
f 4950/4950 4943/4943 4944/4944
f 4808/4808 4945/4945 4805/4805
f 4808/4808 4951/4951 4945/4945
f 4952/4952 4810/4810 4946/4946
f 4946/4946 4810/4810 4807/4807
f 4947/4947 4954/4954 4953/4953
f 4952/4952 4947/4947 4953/4953
f 4946/4946 4947/4947 4952/4952
f 4954/4954 4947/4947 4948/4948
f 4811/4811 4951/4951 4808/4808
f 4811/4811 4955/4955 4951/4951
f 4956/4956 4813/4813 4814/4814
f 4810/4810 4952/4952 4814/4814
f 4952/4952 4956/4956 4814/4814
f 4952/4952 4957/4957 4956/4956
f 4952/4952 4953/4953 4958/4958
f 4952/4952 4958/4958 4957/4957
f 4815/4815 4955/4955 4811/4811
f 4815/4815 4959/4959 4955/4955
f 4960/4960 4817/4817 4956/4956
f 4956/4956 4817/4817 4813/4813
f 4961/4961 4956/4956 4957/4957
f 4960/4960 4956/4956 4961/4961
f 4957/4957 4958/4958 4962/4962
f 4957/4957 4962/4962 4961/4961
f 4818/4818 4959/4959 4815/4815
f 4818/4818 4963/4963 4959/4959
f 4964/4964 4819/4819 4820/4820
f 4965/4965 4964/4964 4820/4820
f 4965/4965 4820/4820 4817/4817
f 4966/4966 4965/4965 4817/4817
f 4960/4960 4966/4966 4817/4817
f 4966/4966 4960/4960 4961/4961
f 4966/4966 4961/4961 4967/4967
f 4967/4967 4961/4961 4962/4962
f 4821/4821 4963/4963 4818/4818
f 4821/4821 4968/4968 4963/4963
f 4970/4970 4969/4969 4964/4964
f 4969/4969 4819/4819 4964/4964
f 4969/4969 4823/4823 4819/4819
f 4970/4970 4964/4964 4965/4965
f 4824/4824 4968/4968 4821/4821
f 4824/4824 4971/4971 4968/4968
f 4972/4972 4826/4826 4827/4827
f 4973/4973 4972/4972 4827/4827
f 4823/4823 4973/4973 4827/4827
f 4969/4969 4973/4973 4823/4823
f 4828/4828 4971/4971 4824/4824
f 4828/4828 4974/4974 4971/4971
f 4975/4975 4830/4830 4831/4831
f 4976/4976 4975/4975 4831/4831
f 4976/4976 4831/4831 4826/4826
f 4977/4977 4976/4976 4826/4826
f 4972/4972 4977/4977 4826/4826
f 4977/4977 4972/4972 4973/4973
f 4978/4978 4974/4974 4828/4828
f 4978/4978 4828/4828 4832/4832
f 4979/4979 4832/4832 4833/4833
f 4979/4979 4978/4978 4832/4832
f 4980/4980 4833/4833 4834/4834
f 4980/4980 4979/4979 4833/4833
f 4981/4981 4834/4834 4835/4835
f 4981/4981 4980/4980 4834/4834
f 4982/4982 4835/4835 4836/4836
f 4982/4982 4981/4981 4835/4835
f 4983/4983 4836/4836 4837/4837
f 4983/4983 4982/4982 4836/4836
f 4984/4984 4837/4837 4838/4838
f 4984/4984 4983/4983 4837/4837
f 4985/4985 4838/4838 4839/4839
f 4985/4985 4984/4984 4838/4838
f 4986/4986 4839/4839 4840/4840
f 4986/4986 4985/4985 4839/4839
f 4840/4840 4830/4830 4975/4975
f 4987/4987 4840/4840 4975/4975
f 4986/4986 4840/4840 4987/4987
f 4987/4987 4975/4975 4976/4976
f 4989/4989 4988/4988 4841/4841
f 4989/4989 4841/4841 4842/4842
f 4841/4841 4990/4990 4843/4843
f 4988/4988 4990/4990 4841/4841
f 4843/4843 4991/4991 4844/4844
f 4990/4990 4991/4991 4843/4843
f 4844/4844 4992/4992 4845/4845
f 4991/4991 4992/4992 4844/4844
f 4845/4845 4993/4993 4846/4846
f 4992/4992 4993/4993 4845/4845
f 4846/4846 4994/4994 4847/4847
f 4993/4993 4994/4994 4846/4846
f 4847/4847 4995/4995 4848/4848
f 4994/4994 4995/4995 4847/4847
f 4848/4848 4996/4996 4849/4849
f 4995/4995 4996/4996 4848/4848
f 4849/4849 4997/4997 4850/4850
f 4996/4996 4997/4997 4849/4849
f 4850/4850 4998/4998 4851/4851
f 4997/4997 4998/4998 4850/4850
f 4851/4851 4999/4999 4852/4852
f 4998/4998 4999/4999 4851/4851
f 4852/4852 5000/5000 4853/4853
f 4999/4999 5000/5000 4852/4852
f 4853/4853 5001/5001 4854/4854
f 5000/5000 5001/5001 4853/4853
f 4854/4854 5002/5002 4855/4855
f 5001/5001 5002/5002 4854/4854
f 4855/4855 5003/5003 4856/4856
f 5002/5002 5003/5003 4855/4855
f 4857/4857 4856/4856 5003/5003
f 4857/4857 5003/5003 5004/5004
f 4858/4858 4989/4989 4842/4842
f 4858/4858 5005/5005 4989/4989
f 5004/5004 4859/4859 4857/4857
f 5006/5006 4859/4859 5004/5004
f 4860/4860 5005/5005 4858/4858
f 4860/4860 5007/5007 5005/5005
f 5006/5006 4861/4861 4859/4859
f 5008/5008 4861/4861 5006/5006
f 4862/4862 5007/5007 4860/4860
f 4862/4862 5009/5009 5007/5007
f 5008/5008 4863/4863 4861/4861
f 5010/5010 4863/4863 5008/5008
f 4864/4864 5009/5009 4862/4862
f 4864/4864 5011/5011 5009/5009
f 5010/5010 4865/4865 4863/4863
f 5012/5012 4865/4865 5010/5010
f 4866/4866 5011/5011 4864/4864
f 4866/4866 5013/5013 5011/5011
f 5012/5012 4867/4867 4865/4865
f 5014/5014 4867/4867 5012/5012
f 4868/4868 5013/5013 4866/4866
f 4868/4868 5015/5015 5013/5013
f 5014/5014 4869/4869 4867/4867
f 5016/5016 4869/4869 5014/5014
f 4870/4870 5015/5015 4868/4868
f 4870/4870 5017/5017 5015/5015
f 5016/5016 4871/4871 4869/4869
f 5018/5018 4871/4871 5016/5016
f 4872/4872 5017/5017 4870/4870
f 4872/4872 5019/5019 5017/5017
f 5018/5018 4873/4873 4871/4871
f 5020/5020 4873/4873 5018/5018
f 4874/4874 5019/5019 4872/4872
f 4874/4874 5021/5021 5019/5019
f 5020/5020 4875/4875 4873/4873
f 5022/5022 4875/4875 5020/5020
f 4876/4876 5021/5021 4874/4874
f 4876/4876 5023/5023 5021/5021
f 5022/5022 4877/4877 4875/4875
f 5024/5024 4877/4877 5022/5022
f 4878/4878 5023/5023 4876/4876
f 4878/4878 5025/5025 5023/5023
f 5024/5024 4879/4879 4877/4877
f 5026/5026 4879/4879 5024/5024
f 4880/4880 5025/5025 4878/4878
f 4880/4880 5027/5027 5025/5025
f 5026/5026 4881/4881 4879/4879
f 5028/5028 4881/4881 5026/5026
f 4882/4882 5027/5027 4880/4880
f 4882/4882 5029/5029 5027/5027
f 5028/5028 4883/4883 4881/4881
f 5030/5030 4883/4883 5028/5028
f 4884/4884 5029/5029 4882/4882
f 4884/4884 5031/5031 5029/5029
f 5030/5030 4885/4885 4883/4883
f 5032/5032 4885/4885 5030/5030
f 4886/4886 5031/5031 4884/4884
f 4886/4886 5033/5033 5031/5031
f 5032/5032 4888/4888 4885/4885
f 5034/5034 4888/4888 5032/5032
f 4889/4889 5033/5033 4886/4886
f 4889/4889 5035/5035 5033/5033
f 5034/5034 4891/4891 4888/4888
f 5036/5036 4891/4891 5034/5034
f 4892/4892 5035/5035 4889/4889
f 4892/4892 5037/5037 5035/5035
f 5036/5036 5038/5038 4891/4891
f 4891/4891 5038/5038 4893/4893
f 4895/4895 4893/4893 5038/5038
f 4895/4895 5038/5038 5039/5039
f 4896/4896 5037/5037 4892/4892
f 4896/4896 5040/5040 5037/5037
f 5039/5039 5041/5041 4895/4895
f 4895/4895 5041/5041 4897/4897
f 4899/4899 4897/4897 5041/5041
f 4899/4899 5041/5041 5042/5042
f 4900/4900 5040/5040 4896/4896
f 4900/4900 5043/5043 5040/5040
f 4901/4901 4899/4899 5044/5044
f 4899/4899 5045/5045 5044/5044
f 4899/4899 5042/5042 5045/5045
f 5044/5044 4902/4902 4901/4901
f 4903/4903 5043/5043 4900/4900
f 4903/4903 5046/5046 5043/5043
f 5045/5045 5047/5047 5044/5044
f 4902/4902 5044/5044 5047/5047
f 5048/5048 4902/4902 5047/5047
f 4905/4905 4902/4902 5048/5048
f 4906/4906 5046/5046 4903/4903
f 4906/4906 5049/5049 5046/5046
f 4907/4907 4905/4905 5050/5050
f 4905/4905 5051/5051 5050/5050
f 4905/4905 5048/5048 5051/5051
f 5050/5050 4908/4908 4907/4907
f 4909/4909 5049/5049 4906/4906
f 4909/4909 5052/5052 5049/5049
f 5050/5050 5051/5051 4912/4912
f 5051/5051 4911/4911 4912/4912
f 5051/5051 5053/5053 4911/4911
f 5050/5050 4912/4912 4908/4908
f 4913/4913 5052/5052 4909/4909
f 4913/4913 5054/5054 5052/5052
f 5057/5057 5056/5056 5055/5055
f 5059/5059 5058/5058 5055/5055
f 5055/5055 5058/5058 5057/5057
f 5053/5053 5058/5058 5059/5059
f 4914/4914 5053/5053 5059/5059
f 4911/4911 5053/5053 4914/4914
f 4915/4915 5054/5054 4913/4913
f 4915/4915 5060/5060 5054/5054
f 5056/5056 5061/5061 5055/5055
f 5062/5062 4917/4917 4918/4918
f 5055/5055 5062/5062 4918/4918
f 5059/5059 5055/5055 4918/4918
f 5061/5061 5062/5062 5055/5055
f 5059/5059 4918/4918 4914/4914
f 4919/4919 5060/5060 4915/4915
f 4919/4919 5063/5063 5060/5060
f 5062/5062 5064/5064 4917/4917
f 4917/4917 5064/5064 4920/4920
f 4921/4921 4920/4920 5064/5064
f 4921/4921 5064/5064 5065/5065
f 4922/4922 5063/5063 4919/4919
f 4922/4922 5066/5066 5063/5063
f 5065/5065 4923/4923 4921/4921
f 5067/5067 4923/4923 5065/5065
f 4924/4924 5066/5066 4922/4922
f 4924/4924 5068/5068 5066/5066
f 5067/5067 4926/4926 4923/4923
f 5069/5069 4926/4926 5067/5067
f 4927/4927 5068/5068 4924/4924
f 4927/4927 5070/5070 5068/5068
f 5071/5071 4929/4929 4930/4930
f 5072/5072 5071/5071 4930/4930
f 4926/4926 5072/5072 4930/4930
f 5069/5069 5072/5072 4926/4926
f 4931/4931 5070/5070 4927/4927
f 4931/4931 5073/5073 5070/5070
f 5074/5074 4933/4933 5071/5071
f 5071/5071 4933/4933 4929/4929
f 5071/5071 5072/5072 5075/5075
f 5071/5071 5075/5075 5074/5074
f 4934/4934 5073/5073 4931/4931
f 4934/4934 5076/5076 5073/5073
f 5077/5077 4938/4938 5074/5074
f 5074/5074 4938/4938 4933/4933
f 5074/5074 5075/5075 5078/5078
f 5074/5074 5078/5078 5077/5077
f 4939/4939 5076/5076 4934/4934
f 4939/4939 5079/5079 5076/5076
f 5080/5080 4944/4944 5077/5077
f 5077/5077 4944/4944 4938/4938
f 5077/5077 5078/5078 5081/5081
f 5077/5077 5081/5081 5080/5080
f 4945/4945 5079/5079 4939/4939
f 4945/4945 5082/5082 5079/5079
f 5083/5083 4948/4948 4949/4949
f 4950/4950 5084/5084 4949/4949
f 4949/4949 5084/5084 5083/5083
f 5085/5085 5084/5084 4950/4950
f 5085/5085 4950/4950 4944/4944
f 5086/5086 5085/5085 4944/4944
f 5080/5080 5086/5086 4944/4944
f 5086/5086 5080/5080 5081/5081
f 4951/4951 5082/5082 4945/4945
f 4951/4951 5087/5087 5082/5082
f 5088/5088 4953/4953 4954/4954
f 4948/4948 5083/5083 4954/4954
f 5083/5083 5088/5088 4954/4954
f 5083/5083 5089/5089 5088/5088
f 5090/5090 5083/5083 5084/5084
f 5089/5089 5083/5083 5090/5090
f 5084/5084 5085/5085 5091/5091
f 5084/5084 5091/5091 5090/5090
f 4955/4955 5087/5087 4951/4951
f 4955/4955 5092/5092 5087/5087
f 5093/5093 4958/4958 5088/5088
f 5088/5088 4958/4958 4953/4953
f 5094/5094 5088/5088 5089/5089
f 5093/5093 5088/5088 5094/5094
f 5090/5090 5096/5096 5095/5095
f 5094/5094 5090/5090 5095/5095
f 5089/5089 5090/5090 5094/5094
f 5096/5096 5090/5090 5091/5091
f 4959/4959 5092/5092 4955/4955
f 4959/4959 5097/5097 5092/5092
f 5098/5098 4962/4962 5093/5093
f 5093/5093 4962/4962 4958/4958
f 5094/5094 5100/5100 5099/5099
f 5098/5098 5094/5094 5099/5099
f 5093/5093 5094/5094 5098/5098
f 5100/5100 5094/5094 5095/5095
f 4963/4963 5097/5097 4959/4959
f 4963/4963 5101/5101 5097/5097
f 5102/5102 4965/4965 4966/4966
f 4967/4967 5103/5103 4966/4966
f 4966/4966 5103/5103 5102/5102
f 5104/5104 5103/5103 4967/4967
f 5104/5104 4967/4967 4962/4962
f 5105/5105 5104/5104 4962/4962
f 5098/5098 5105/5105 4962/4962
f 5105/5105 5098/5098 5099/5099
f 4968/4968 5101/5101 4963/4963
f 4968/4968 5106/5106 5101/5101
f 5107/5107 4969/4969 4970/4970
f 4965/4965 5102/5102 4970/4970
f 5102/5102 5107/5107 4970/4970
f 5102/5102 5108/5108 5107/5107
f 5109/5109 5102/5102 5103/5103
f 5108/5108 5102/5102 5109/5109
f 5103/5103 5104/5104 5110/5110
f 5103/5103 5110/5110 5109/5109
f 4971/4971 5106/5106 4968/4968
f 4971/4971 5111/5111 5106/5106
f 5112/5112 4973/4973 5107/5107
f 5107/5107 4973/4973 4969/4969
f 5113/5113 5107/5107 5108/5108
f 5112/5112 5107/5107 5113/5113
f 5109/5109 5115/5115 5114/5114
f 5113/5113 5109/5109 5114/5114
f 5108/5108 5109/5109 5113/5113
f 5115/5115 5109/5109 5110/5110
f 4974/4974 5111/5111 4971/4971
f 4974/4974 5116/5116 5111/5111
f 5117/5117 4976/4976 4977/4977
f 4973/4973 5112/5112 4977/4977
f 5112/5112 5117/5117 4977/4977
f 5112/5112 5118/5118 5117/5117
f 5113/5113 5120/5120 5119/5119
f 5118/5118 5113/5113 5119/5119
f 5112/5112 5113/5113 5118/5118
f 5120/5120 5113/5113 5114/5114
f 5121/5121 5116/5116 4974/4974
f 5121/5121 4974/4974 4978/4978
f 5122/5122 4978/4978 4979/4979
f 5122/5122 5121/5121 4978/4978
f 5123/5123 4979/4979 4980/4980
f 5123/5123 5122/5122 4979/4979
f 5124/5124 4980/4980 4981/4981
f 5124/5124 5123/5123 4980/4980
f 5125/5125 4981/4981 4982/4982
f 5125/5125 5124/5124 4981/4981
f 5126/5126 4982/4982 4983/4983
f 5126/5126 5125/5125 4982/4982
f 5127/5127 4983/4983 4984/4984
f 5127/5127 5126/5126 4983/4983
f 5128/5128 4984/4984 4985/4985
f 5128/5128 5127/5127 4984/4984
f 5129/5129 4985/4985 4986/4986
f 5129/5129 5128/5128 4985/4985
f 5130/5130 4986/4986 4987/4987
f 5130/5130 5129/5129 4986/4986
f 4987/4987 4976/4976 5117/5117
f 5131/5131 4987/4987 5117/5117
f 5130/5130 4987/4987 5131/5131
f 5131/5131 5117/5117 5118/5118
f 5131/5131 5118/5118 5132/5132
f 5132/5132 5118/5118 5119/5119
f 5134/5134 5133/5133 4988/4988
f 5134/5134 4988/4988 4989/4989
f 4988/4988 5135/5135 4990/4990
f 5133/5133 5135/5135 4988/4988
f 4990/4990 5136/5136 4991/4991
f 5135/5135 5136/5136 4990/4990
f 4991/4991 5137/5137 4992/4992
f 5136/5136 5137/5137 4991/4991
f 4992/4992 5138/5138 4993/4993
f 5137/5137 5138/5138 4992/4992
f 4993/4993 5139/5139 4994/4994
f 5138/5138 5139/5139 4993/4993
f 4994/4994 5140/5140 4995/4995
f 5139/5139 5140/5140 4994/4994
f 4995/4995 5141/5141 4996/4996
f 5140/5140 5141/5141 4995/4995
f 4996/4996 5142/5142 4997/4997
f 5141/5141 5142/5142 4996/4996
f 4997/4997 5143/5143 4998/4998
f 5142/5142 5143/5143 4997/4997
f 4998/4998 5144/5144 4999/4999
f 5143/5143 5144/5144 4998/4998
f 4999/4999 5145/5145 5000/5000
f 5144/5144 5145/5145 4999/4999
f 5000/5000 5146/5146 5001/5001
f 5145/5145 5146/5146 5000/5000
f 5001/5001 5147/5147 5002/5002
f 5146/5146 5147/5147 5001/5001
f 5002/5002 5148/5148 5003/5003
f 5147/5147 5148/5148 5002/5002
f 5004/5004 5003/5003 5148/5148
f 5004/5004 5148/5148 5149/5149
f 5005/5005 5134/5134 4989/4989
f 5005/5005 5150/5150 5134/5134
f 5149/5149 5006/5006 5004/5004
f 5151/5151 5006/5006 5149/5149
f 5007/5007 5150/5150 5005/5005
f 5007/5007 5152/5152 5150/5150
f 5151/5151 5008/5008 5006/5006
f 5153/5153 5008/5008 5151/5151
f 5009/5009 5152/5152 5007/5007
f 5009/5009 5154/5154 5152/5152
f 5153/5153 5010/5010 5008/5008
f 5155/5155 5010/5010 5153/5153
f 5011/5011 5154/5154 5009/5009
f 5011/5011 5156/5156 5154/5154
f 5155/5155 5012/5012 5010/5010
f 5157/5157 5012/5012 5155/5155
f 5013/5013 5156/5156 5011/5011
f 5013/5013 5158/5158 5156/5156
f 5157/5157 5014/5014 5012/5012
f 5159/5159 5014/5014 5157/5157
f 5015/5015 5158/5158 5013/5013
f 5015/5015 5160/5160 5158/5158
f 5159/5159 5016/5016 5014/5014
f 5161/5161 5016/5016 5159/5159
f 5017/5017 5160/5160 5015/5015
f 5017/5017 5162/5162 5160/5160
f 5161/5161 5018/5018 5016/5016
f 5163/5163 5018/5018 5161/5161
f 5019/5019 5162/5162 5017/5017
f 5019/5019 5164/5164 5162/5162
f 5163/5163 5020/5020 5018/5018
f 5165/5165 5020/5020 5163/5163
f 5021/5021 5164/5164 5019/5019
f 5021/5021 5166/5166 5164/5164
f 5165/5165 5022/5022 5020/5020
f 5167/5167 5022/5022 5165/5165
f 5023/5023 5166/5166 5021/5021
f 5023/5023 5168/5168 5166/5166
f 5167/5167 5024/5024 5022/5022
f 5169/5169 5024/5024 5167/5167
f 5025/5025 5168/5168 5023/5023
f 5025/5025 5170/5170 5168/5168
f 5169/5169 5026/5026 5024/5024
f 5171/5171 5026/5026 5169/5169
f 5027/5027 5170/5170 5025/5025
f 5027/5027 5172/5172 5170/5170
f 5171/5171 5028/5028 5026/5026
f 5173/5173 5028/5028 5171/5171
f 5029/5029 5172/5172 5027/5027
f 5029/5029 5174/5174 5172/5172
f 5173/5173 5030/5030 5028/5028
f 5175/5175 5030/5030 5173/5173
f 5031/5031 5174/5174 5029/5029
f 5031/5031 5176/5176 5174/5174
f 5175/5175 5032/5032 5030/5030
f 5177/5177 5032/5032 5175/5175
f 5033/5033 5176/5176 5031/5031
f 5033/5033 5178/5178 5176/5176
f 5177/5177 5034/5034 5032/5032
f 5179/5179 5034/5034 5177/5177
f 5035/5035 5178/5178 5033/5033
f 5035/5035 5180/5180 5178/5178
f 5179/5179 5036/5036 5034/5034
f 5181/5181 5036/5036 5179/5179
f 5037/5037 5180/5180 5035/5035
f 5037/5037 5182/5182 5180/5180
f 5038/5038 5036/5036 5183/5183
f 5036/5036 5184/5184 5183/5183
f 5036/5036 5181/5181 5184/5184
f 5183/5183 5039/5039 5038/5038
f 5040/5040 5182/5182 5037/5037
f 5040/5040 5185/5185 5182/5182
f 5184/5184 5186/5186 5183/5183
f 5183/5183 5186/5186 5039/5039
f 5186/5186 5041/5041 5039/5039
f 5186/5186 5187/5187 5041/5041
f 5042/5042 5041/5041 5187/5187
f 5042/5042 5187/5187 5188/5188
f 5043/5043 5185/5185 5040/5040
f 5043/5043 5189/5189 5185/5185
f 5188/5188 5045/5045 5042/5042
f 5190/5190 5045/5045 5188/5188
f 5046/5046 5189/5189 5043/5043
f 5046/5046 5191/5191 5189/5189
f 5047/5047 5045/5045 5192/5192
f 5045/5045 5193/5193 5192/5192
f 5045/5045 5190/5190 5193/5193
f 5192/5192 5048/5048 5047/5047
f 5049/5049 5191/5191 5046/5046
f 5049/5049 5194/5194 5191/5191
f 5193/5193 5195/5195 5192/5192
f 5048/5048 5192/5192 5195/5195
f 5196/5196 5048/5048 5195/5195
f 5051/5051 5048/5048 5196/5196
f 5052/5052 5194/5194 5049/5049
f 5052/5052 5197/5197 5194/5194
f 5196/5196 5053/5053 5051/5051
f 5198/5198 5053/5053 5196/5196
f 5054/5054 5197/5197 5052/5052
f 5054/5054 5199/5199 5197/5197
f 5200/5200 5056/5056 5057/5057
f 5058/5058 5201/5201 5057/5057
f 5057/5057 5201/5201 5200/5200
f 5202/5202 5201/5201 5058/5058
f 5053/5053 5202/5202 5058/5058
f 5198/5198 5202/5202 5053/5053
f 5060/5060 5199/5199 5054/5054
f 5060/5060 5203/5203 5199/5199
f 5200/5200 5061/5061 5056/5056
f 5061/5061 5200/5200 5062/5062
f 5200/5200 5204/5204 5062/5062
f 5200/5200 5201/5201 5204/5204
f 5201/5201 5202/5202 5205/5205
f 5201/5201 5205/5205 5204/5204
f 5063/5063 5203/5203 5060/5060
f 5063/5063 5206/5206 5203/5203
f 5204/5204 5064/5064 5062/5062
f 5065/5065 5064/5064 5204/5204
f 5205/5205 5065/5065 5204/5204
f 5207/5207 5065/5065 5205/5205
f 5066/5066 5206/5206 5063/5063
f 5066/5066 5208/5208 5206/5206
f 5207/5207 5067/5067 5065/5065
f 5209/5209 5067/5067 5207/5207
f 5068/5068 5208/5208 5066/5066
f 5068/5068 5210/5210 5208/5208
f 5209/5209 5069/5069 5067/5067
f 5211/5211 5069/5069 5209/5209
f 5070/5070 5210/5210 5068/5068
f 5070/5070 5212/5212 5210/5210
f 5211/5211 5072/5072 5069/5069
f 5213/5213 5072/5072 5211/5211
f 5073/5073 5212/5212 5070/5070
f 5073/5073 5214/5214 5212/5212
f 5213/5213 5075/5075 5072/5072
f 5215/5215 5075/5075 5213/5213
f 5076/5076 5214/5214 5073/5073
f 5076/5076 5216/5216 5214/5214
f 5215/5215 5078/5078 5075/5075
f 5217/5217 5078/5078 5215/5215
f 5079/5079 5216/5216 5076/5076
f 5079/5079 5218/5218 5216/5216
f 5217/5217 5081/5081 5078/5078
f 5219/5219 5081/5081 5217/5217
f 5082/5082 5218/5218 5079/5079
f 5082/5082 5220/5220 5218/5218
f 5221/5221 5085/5085 5086/5086
f 5222/5222 5221/5221 5086/5086
f 5081/5081 5222/5222 5086/5086
f 5219/5219 5222/5222 5081/5081
f 5087/5087 5220/5220 5082/5082
f 5087/5087 5223/5223 5220/5220
f 5224/5224 5091/5091 5221/5221
f 5221/5221 5091/5091 5085/5085
f 5221/5221 5222/5222 5225/5225
f 5221/5221 5225/5225 5224/5224
f 5092/5092 5223/5223 5087/5087
f 5092/5092 5226/5226 5223/5223
f 5227/5227 5095/5095 5096/5096
f 5091/5091 5224/5224 5096/5096
f 5224/5224 5227/5227 5096/5096
f 5224/5224 5228/5228 5227/5227
f 5224/5224 5225/5225 5229/5229
f 5224/5224 5229/5229 5228/5228
f 5097/5097 5226/5226 5092/5092
f 5097/5097 5230/5230 5226/5226
f 5231/5231 5099/5099 5100/5100
f 5232/5232 5231/5231 5100/5100
f 5232/5232 5100/5100 5095/5095
f 5233/5233 5232/5232 5095/5095
f 5227/5227 5233/5233 5095/5095
f 5233/5233 5227/5227 5228/5228
f 5233/5233 5228/5228 5234/5234
f 5234/5234 5228/5228 5229/5229
f 5101/5101 5230/5230 5097/5097
f 5101/5101 5235/5235 5230/5230
f 5236/5236 5104/5104 5105/5105
f 5099/5099 5231/5231 5105/5105
f 5231/5231 5236/5236 5105/5105
f 5231/5231 5237/5237 5236/5236
f 5231/5231 5232/5232 5238/5238
f 5231/5231 5238/5238 5237/5237
f 5106/5106 5235/5235 5101/5101
f 5106/5106 5239/5239 5235/5235
f 5240/5240 5110/5110 5236/5236
f 5236/5236 5110/5110 5104/5104
f 5241/5241 5236/5236 5237/5237
f 5240/5240 5236/5236 5241/5241
f 5237/5237 5238/5238 5242/5242
f 5237/5237 5242/5242 5241/5241
f 5111/5111 5239/5239 5106/5106
f 5111/5111 5243/5243 5239/5239
f 5244/5244 5114/5114 5115/5115
f 5110/5110 5240/5240 5115/5115
f 5240/5240 5244/5244 5115/5115
f 5240/5240 5245/5245 5244/5244
f 5241/5241 5247/5247 5246/5246
f 5245/5245 5241/5241 5246/5246
f 5240/5240 5241/5241 5245/5245
f 5247/5247 5241/5241 5242/5242
f 5116/5116 5243/5243 5111/5111
f 5116/5116 5248/5248 5243/5243
f 5249/5249 5119/5119 5120/5120
f 5114/5114 5244/5244 5120/5120
f 5244/5244 5249/5249 5120/5120
f 5244/5244 5250/5250 5249/5249
f 5245/5245 5252/5252 5251/5251
f 5250/5250 5245/5245 5251/5251
f 5244/5244 5245/5245 5250/5250
f 5252/5252 5245/5245 5246/5246
f 5253/5253 5248/5248 5116/5116
f 5253/5253 5116/5116 5121/5121
f 5254/5254 5121/5121 5122/5122
f 5254/5254 5253/5253 5121/5121
f 5255/5255 5122/5122 5123/5123
f 5255/5255 5254/5254 5122/5122
f 5256/5256 5123/5123 5124/5124
f 5256/5256 5255/5255 5123/5123
f 5257/5257 5124/5124 5125/5125
f 5257/5257 5256/5256 5124/5124
f 5258/5258 5125/5125 5126/5126
f 5258/5258 5257/5257 5125/5125
f 5259/5259 5126/5126 5127/5127
f 5259/5259 5258/5258 5126/5126
f 5260/5260 5127/5127 5128/5128
f 5260/5260 5259/5259 5127/5127
f 5261/5261 5128/5128 5129/5129
f 5261/5261 5260/5260 5128/5128
f 5262/5262 5129/5129 5130/5130
f 5262/5262 5261/5261 5129/5129
f 5263/5263 5130/5130 5131/5131
f 5263/5263 5262/5262 5130/5130
f 5264/5264 5131/5131 5132/5132
f 5264/5264 5263/5263 5131/5131
f 5132/5132 5119/5119 5249/5249
f 5265/5265 5132/5132 5249/5249
f 5264/5264 5132/5132 5265/5265
f 5265/5265 5249/5249 5250/5250
f 5265/5265 5250/5250 5266/5266
f 5266/5266 5250/5250 5251/5251
f 5268/5268 5267/5267 5133/5133
f 5268/5268 5133/5133 5134/5134
f 5133/5133 5269/5269 5135/5135
f 5267/5267 5269/5269 5133/5133
f 5135/5135 5270/5270 5136/5136
f 5269/5269 5270/5270 5135/5135
f 5136/5136 5271/5271 5137/5137
f 5270/5270 5271/5271 5136/5136
f 5137/5137 5272/5272 5138/5138
f 5271/5271 5272/5272 5137/5137
f 5138/5138 5273/5273 5139/5139
f 5272/5272 5273/5273 5138/5138
f 5139/5139 5274/5274 5140/5140
f 5273/5273 5274/5274 5139/5139
f 5140/5140 5275/5275 5141/5141
f 5274/5274 5275/5275 5140/5140
f 5141/5141 5276/5276 5142/5142
f 5275/5275 5276/5276 5141/5141
f 5142/5142 5277/5277 5143/5143
f 5276/5276 5277/5277 5142/5142
f 5143/5143 5278/5278 5144/5144
f 5277/5277 5278/5278 5143/5143
f 5144/5144 5279/5279 5145/5145
f 5278/5278 5279/5279 5144/5144
f 5145/5145 5280/5280 5146/5146
f 5279/5279 5280/5280 5145/5145
f 5146/5146 5281/5281 5147/5147
f 5280/5280 5281/5281 5146/5146
f 5147/5147 5282/5282 5148/5148
f 5281/5281 5282/5282 5147/5147
f 5149/5149 5148/5148 5282/5282
f 5149/5149 5282/5282 5283/5283
f 5150/5150 5268/5268 5134/5134
f 5150/5150 5284/5284 5268/5268
f 5283/5283 5151/5151 5149/5149
f 5285/5285 5151/5151 5283/5283
f 5152/5152 5284/5284 5150/5150
f 5152/5152 5286/5286 5284/5284
f 5285/5285 5153/5153 5151/5151
f 5287/5287 5153/5153 5285/5285
f 5154/5154 5286/5286 5152/5152
f 5154/5154 5288/5288 5286/5286
f 5287/5287 5155/5155 5153/5153
f 5289/5289 5155/5155 5287/5287
f 5156/5156 5288/5288 5154/5154
f 5156/5156 5290/5290 5288/5288
f 5289/5289 5157/5157 5155/5155
f 5291/5291 5157/5157 5289/5289
f 5158/5158 5290/5290 5156/5156
f 5158/5158 5292/5292 5290/5290
f 5291/5291 5159/5159 5157/5157
f 5293/5293 5159/5159 5291/5291
f 5160/5160 5292/5292 5158/5158
f 5160/5160 5294/5294 5292/5292
f 5293/5293 5161/5161 5159/5159
f 5295/5295 5161/5161 5293/5293
f 5162/5162 5294/5294 5160/5160
f 5162/5162 5296/5296 5294/5294
f 5295/5295 5163/5163 5161/5161
f 5297/5297 5163/5163 5295/5295
f 5164/5164 5296/5296 5162/5162
f 5164/5164 5298/5298 5296/5296
f 5297/5297 5165/5165 5163/5163
f 5299/5299 5165/5165 5297/5297
f 5166/5166 5298/5298 5164/5164
f 5166/5166 5300/5300 5298/5298
f 5299/5299 5167/5167 5165/5165
f 5301/5301 5167/5167 5299/5299
f 5168/5168 5300/5300 5166/5166
f 5168/5168 5302/5302 5300/5300
f 5301/5301 5169/5169 5167/5167
f 5303/5303 5169/5169 5301/5301
f 5170/5170 5302/5302 5168/5168
f 5170/5170 5304/5304 5302/5302
f 5303/5303 5171/5171 5169/5169
f 5305/5305 5171/5171 5303/5303
f 5172/5172 5304/5304 5170/5170
f 5172/5172 5306/5306 5304/5304
f 5305/5305 5173/5173 5171/5171
f 5307/5307 5173/5173 5305/5305
f 5174/5174 5306/5306 5172/5172
f 5174/5174 5308/5308 5306/5306
f 5307/5307 5175/5175 5173/5173
f 5309/5309 5175/5175 5307/5307
f 5176/5176 5308/5308 5174/5174
f 5176/5176 5310/5310 5308/5308
f 5309/5309 5177/5177 5175/5175
f 5311/5311 5177/5177 5309/5309
f 5178/5178 5310/5310 5176/5176
f 5178/5178 5312/5312 5310/5310
f 5311/5311 5179/5179 5177/5177
f 5313/5313 5179/5179 5311/5311
f 5180/5180 5312/5312 5178/5178
f 5180/5180 5314/5314 5312/5312
f 5313/5313 5181/5181 5179/5179
f 5315/5315 5181/5181 5313/5313
f 5182/5182 5314/5314 5180/5180
f 5182/5182 5316/5316 5314/5314
f 5315/5315 5184/5184 5181/5181
f 5317/5317 5184/5184 5315/5315
f 5185/5185 5316/5316 5182/5182
f 5185/5185 5318/5318 5316/5316
f 5186/5186 5184/5184 5319/5319
f 5184/5184 5320/5320 5319/5319
f 5184/5184 5317/5317 5320/5320
f 5321/5321 5187/5187 5186/5186
f 5321/5321 5186/5186 5319/5319
f 5321/5321 5188/5188 5187/5187
f 5189/5189 5318/5318 5185/5185
f 5189/5189 5322/5322 5318/5318
f 5320/5320 5323/5323 5319/5319
f 5319/5319 5323/5323 5321/5321
f 5321/5321 5323/5323 5324/5324
f 5188/5188 5321/5321 5324/5324
f 5325/5325 5188/5188 5324/5324
f 5190/5190 5188/5188 5325/5325
f 5191/5191 5322/5322 5189/5189
f 5191/5191 5326/5326 5322/5322
f 5325/5325 5193/5193 5190/5190
f 5327/5327 5193/5193 5325/5325
f 5194/5194 5326/5326 5191/5191
f 5194/5194 5328/5328 5326/5326
f 5327/5327 5329/5329 5193/5193
f 5193/5193 5329/5329 5195/5195
f 5196/5196 5195/5195 5329/5329
f 5196/5196 5329/5329 5330/5330
f 5197/5197 5328/5328 5194/5194
f 5197/5197 5331/5331 5328/5328
f 5330/5330 5198/5198 5196/5196
f 5332/5332 5198/5198 5330/5330
f 5199/5199 5331/5331 5197/5197
f 5199/5199 5333/5333 5331/5331
f 5332/5332 5202/5202 5198/5198
f 5334/5334 5202/5202 5332/5332
f 5203/5203 5333/5333 5199/5199
f 5203/5203 5335/5335 5333/5333
f 5334/5334 5205/5205 5202/5202
f 5336/5336 5205/5205 5334/5334
f 5206/5206 5335/5335 5203/5203
f 5206/5206 5337/5337 5335/5335
f 5336/5336 5207/5207 5205/5205
f 5338/5338 5207/5207 5336/5336
f 5208/5208 5337/5337 5206/5206
f 5208/5208 5339/5339 5337/5337
f 5338/5338 5209/5209 5207/5207
f 5340/5340 5209/5209 5338/5338
f 5210/5210 5339/5339 5208/5208
f 5210/5210 5341/5341 5339/5339
f 5340/5340 5211/5211 5209/5209
f 5342/5342 5211/5211 5340/5340
f 5212/5212 5341/5341 5210/5210
f 5212/5212 5343/5343 5341/5341
f 5342/5342 5213/5213 5211/5211
f 5344/5344 5213/5213 5342/5342
f 5214/5214 5343/5343 5212/5212
f 5214/5214 5345/5345 5343/5343
f 5344/5344 5215/5215 5213/5213
f 5346/5346 5215/5215 5344/5344
f 5216/5216 5345/5345 5214/5214
f 5216/5216 5347/5347 5345/5345
f 5346/5346 5217/5217 5215/5215
f 5348/5348 5217/5217 5346/5346
f 5218/5218 5347/5347 5216/5216
f 5218/5218 5349/5349 5347/5347
f 5348/5348 5219/5219 5217/5217
f 5350/5350 5219/5219 5348/5348
f 5220/5220 5349/5349 5218/5218
f 5220/5220 5351/5351 5349/5349
f 5350/5350 5222/5222 5219/5219
f 5352/5352 5222/5222 5350/5350
f 5223/5223 5351/5351 5220/5220
f 5223/5223 5353/5353 5351/5351
f 5352/5352 5225/5225 5222/5222
f 5354/5354 5225/5225 5352/5352
f 5226/5226 5353/5353 5223/5223
f 5226/5226 5355/5355 5353/5353
f 5354/5354 5229/5229 5225/5225
f 5356/5356 5229/5229 5354/5354
f 5230/5230 5355/5355 5226/5226
f 5230/5230 5357/5357 5355/5355
f 5358/5358 5232/5232 5233/5233
f 5234/5234 5359/5359 5233/5233
f 5233/5233 5359/5359 5358/5358
f 5360/5360 5359/5359 5234/5234
f 5229/5229 5360/5360 5234/5234
f 5356/5356 5360/5360 5229/5229
f 5235/5235 5357/5357 5230/5230
f 5235/5235 5361/5361 5357/5357
f 5362/5362 5238/5238 5358/5358
f 5358/5358 5238/5238 5232/5232
f 5363/5363 5358/5358 5359/5359
f 5362/5362 5358/5358 5363/5363
f 5359/5359 5360/5360 5364/5364
f 5359/5359 5364/5364 5363/5363
f 5239/5239 5361/5361 5235/5235
f 5239/5239 5365/5365 5361/5361
f 5366/5366 5242/5242 5362/5362
f 5362/5362 5242/5242 5238/5238
f 5363/5363 5368/5368 5367/5367
f 5366/5366 5363/5363 5367/5367
f 5362/5362 5363/5363 5366/5366
f 5368/5368 5363/5363 5364/5364
f 5243/5243 5365/5365 5239/5239
f 5243/5243 5369/5369 5365/5365
f 5370/5370 5246/5246 5247/5247
f 5371/5371 5370/5370 5247/5247
f 5371/5371 5247/5247 5242/5242
f 5372/5372 5371/5371 5242/5242
f 5366/5366 5372/5372 5242/5242
f 5372/5372 5366/5366 5367/5367
f 5248/5248 5369/5369 5243/5243
f 5248/5248 5373/5373 5369/5369
f 5374/5374 5251/5251 5252/5252
f 5246/5246 5370/5370 5252/5252
f 5370/5370 5374/5374 5252/5252
f 5370/5370 5375/5375 5374/5374
f 5370/5370 5371/5371 5376/5376
f 5370/5370 5376/5376 5375/5375
f 5377/5377 5373/5373 5248/5248
f 5377/5377 5248/5248 5253/5253
f 5378/5378 5253/5253 5254/5254
f 5378/5378 5377/5377 5253/5253
f 5379/5379 5254/5254 5255/5255
f 5379/5379 5378/5378 5254/5254
f 5380/5380 5255/5255 5256/5256
f 5380/5380 5379/5379 5255/5255
f 5381/5381 5256/5256 5257/5257
f 5381/5381 5380/5380 5256/5256
f 5382/5382 5257/5257 5258/5258
f 5382/5382 5381/5381 5257/5257
f 5383/5383 5258/5258 5259/5259
f 5383/5383 5382/5382 5258/5258
f 5384/5384 5259/5259 5260/5260
f 5384/5384 5383/5383 5259/5259
f 5385/5385 5260/5260 5261/5261
f 5385/5385 5384/5384 5260/5260
f 5386/5386 5261/5261 5262/5262
f 5386/5386 5385/5385 5261/5261
f 5387/5387 5262/5262 5263/5263
f 5387/5387 5386/5386 5262/5262
f 5388/5388 5263/5263 5264/5264
f 5388/5388 5387/5387 5263/5263
f 5389/5389 5264/5264 5265/5265
f 5389/5389 5388/5388 5264/5264
f 5390/5390 5265/5265 5266/5266
f 5390/5390 5389/5389 5265/5265
f 5266/5266 5251/5251 5374/5374
f 5391/5391 5266/5266 5374/5374
f 5390/5390 5266/5266 5391/5391
f 5391/5391 5374/5374 5375/5375
f 5391/5391 5375/5375 5392/5392
f 5392/5392 5375/5375 5376/5376
f 5394/5394 5393/5393 5267/5267
f 5394/5394 5267/5267 5268/5268
f 5267/5267 5395/5395 5269/5269
f 5393/5393 5395/5395 5267/5267
f 5269/5269 5396/5396 5270/5270
f 5395/5395 5396/5396 5269/5269
f 5270/5270 5397/5397 5271/5271
f 5396/5396 5397/5397 5270/5270
f 5271/5271 5398/5398 5272/5272
f 5397/5397 5398/5398 5271/5271
f 5272/5272 5399/5399 5273/5273
f 5398/5398 5399/5399 5272/5272
f 5273/5273 5400/5400 5274/5274
f 5399/5399 5400/5400 5273/5273
f 5274/5274 5401/5401 5275/5275
f 5400/5400 5401/5401 5274/5274
f 5275/5275 5402/5402 5276/5276
f 5401/5401 5402/5402 5275/5275
f 5276/5276 5403/5403 5277/5277
f 5402/5402 5403/5403 5276/5276
f 5277/5277 5404/5404 5278/5278
f 5403/5403 5404/5404 5277/5277
f 5278/5278 5405/5405 5279/5279
f 5404/5404 5405/5405 5278/5278
f 5279/5279 5406/5406 5280/5280
f 5405/5405 5406/5406 5279/5279
f 5280/5280 5407/5407 5281/5281
f 5406/5406 5407/5407 5280/5280
f 5281/5281 5408/5408 5282/5282
f 5407/5407 5408/5408 5281/5281
f 5283/5283 5282/5282 5408/5408
f 5283/5283 5408/5408 5409/5409
f 5284/5284 5394/5394 5268/5268
f 5284/5284 5410/5410 5394/5394
f 5409/5409 5285/5285 5283/5283
f 5411/5411 5285/5285 5409/5409
f 5286/5286 5410/5410 5284/5284
f 5286/5286 5412/5412 5410/5410
f 5411/5411 5287/5287 5285/5285
f 5413/5413 5287/5287 5411/5411
f 5288/5288 5412/5412 5286/5286
f 5288/5288 5414/5414 5412/5412
f 5413/5413 5289/5289 5287/5287
f 5415/5415 5289/5289 5413/5413
f 5290/5290 5414/5414 5288/5288
f 5290/5290 5416/5416 5414/5414
f 5415/5415 5291/5291 5289/5289
f 5417/5417 5291/5291 5415/5415
f 5292/5292 5416/5416 5290/5290
f 5292/5292 5418/5418 5416/5416
f 5417/5417 5293/5293 5291/5291
f 5419/5419 5293/5293 5417/5417
f 5294/5294 5418/5418 5292/5292
f 5294/5294 5420/5420 5418/5418
f 5419/5419 5295/5295 5293/5293
f 5421/5421 5295/5295 5419/5419
f 5296/5296 5420/5420 5294/5294
f 5296/5296 5422/5422 5420/5420
f 5421/5421 5297/5297 5295/5295
f 5423/5423 5297/5297 5421/5421
f 5298/5298 5422/5422 5296/5296
f 5298/5298 5424/5424 5422/5422
f 5423/5423 5299/5299 5297/5297
f 5425/5425 5299/5299 5423/5423
f 5300/5300 5424/5424 5298/5298
f 5300/5300 5426/5426 5424/5424
f 5425/5425 5301/5301 5299/5299
f 5427/5427 5301/5301 5425/5425
f 5302/5302 5426/5426 5300/5300
f 5302/5302 5428/5428 5426/5426
f 5427/5427 5303/5303 5301/5301
f 5429/5429 5303/5303 5427/5427
f 5304/5304 5428/5428 5302/5302
f 5304/5304 5430/5430 5428/5428
f 5429/5429 5305/5305 5303/5303
f 5431/5431 5305/5305 5429/5429
f 5306/5306 5430/5430 5304/5304
f 5306/5306 5432/5432 5430/5430
f 5431/5431 5307/5307 5305/5305
f 5433/5433 5307/5307 5431/5431
f 5308/5308 5432/5432 5306/5306
f 5308/5308 5434/5434 5432/5432
f 5433/5433 5309/5309 5307/5307
f 5435/5435 5309/5309 5433/5433
f 5310/5310 5434/5434 5308/5308
f 5310/5310 5436/5436 5434/5434
f 5435/5435 5311/5311 5309/5309
f 5437/5437 5311/5311 5435/5435
f 5312/5312 5436/5436 5310/5310
f 5312/5312 5438/5438 5436/5436
f 5437/5437 5313/5313 5311/5311
f 5439/5439 5313/5313 5437/5437
f 5314/5314 5438/5438 5312/5312
f 5314/5314 5440/5440 5438/5438
f 5439/5439 5315/5315 5313/5313
f 5441/5441 5315/5315 5439/5439
f 5316/5316 5440/5440 5314/5314
f 5316/5316 5442/5442 5440/5440
f 5441/5441 5317/5317 5315/5315
f 5443/5443 5317/5317 5441/5441
f 5318/5318 5442/5442 5316/5316
f 5318/5318 5444/5444 5442/5442
f 5443/5443 5320/5320 5317/5317
f 5445/5445 5320/5320 5443/5443
f 5322/5322 5444/5444 5318/5318
f 5322/5322 5446/5446 5444/5444
f 5445/5445 5447/5447 5320/5320
f 5320/5320 5447/5447 5323/5323
f 5323/5323 5448/5448 5324/5324
f 5447/5447 5448/5448 5323/5323
f 5325/5325 5324/5324 5448/5448
f 5325/5325 5448/5448 5449/5449
f 5326/5326 5446/5446 5322/5322
f 5326/5326 5450/5450 5446/5446
f 5449/5449 5327/5327 5325/5325
f 5451/5451 5327/5327 5449/5449
f 5328/5328 5450/5450 5326/5326
f 5328/5328 5452/5452 5450/5450
f 5329/5329 5327/5327 5453/5453
f 5327/5327 5454/5454 5453/5453
f 5327/5327 5451/5451 5454/5454
f 5453/5453 5330/5330 5329/5329
f 5331/5331 5452/5452 5328/5328
f 5331/5331 5455/5455 5452/5452
f 5453/5453 5454/5454 5456/5456
f 5456/5456 5454/5454 5457/5457
f 5456/5456 5332/5332 5330/5330
f 5456/5456 5330/5330 5453/5453
f 5333/5333 5455/5455 5331/5331
f 5333/5333 5458/5458 5455/5455
f 5457/5457 5459/5459 5456/5456
f 5332/5332 5456/5456 5459/5459
f 5460/5460 5332/5332 5459/5459
f 5334/5334 5332/5332 5460/5460
f 5335/5335 5458/5458 5333/5333
f 5335/5335 5461/5461 5458/5458
f 5460/5460 5336/5336 5334/5334
f 5462/5462 5336/5336 5460/5460
f 5337/5337 5461/5461 5335/5335
f 5337/5337 5463/5463 5461/5461
f 5462/5462 5338/5338 5336/5336
f 5464/5464 5338/5338 5462/5462
f 5339/5339 5463/5463 5337/5337
f 5339/5339 5465/5465 5463/5463
f 5464/5464 5340/5340 5338/5338
f 5466/5466 5340/5340 5464/5464
f 5341/5341 5465/5465 5339/5339
f 5341/5341 5467/5467 5465/5465
f 5466/5466 5342/5342 5340/5340
f 5468/5468 5342/5342 5466/5466
f 5343/5343 5467/5467 5341/5341
f 5343/5343 5469/5469 5467/5467
f 5468/5468 5344/5344 5342/5342
f 5470/5470 5344/5344 5468/5468
f 5345/5345 5469/5469 5343/5343
f 5345/5345 5471/5471 5469/5469
f 5470/5470 5346/5346 5344/5344
f 5472/5472 5346/5346 5470/5470
f 5347/5347 5471/5471 5345/5345
f 5347/5347 5473/5473 5471/5471
f 5472/5472 5348/5348 5346/5346
f 5474/5474 5348/5348 5472/5472
f 5349/5349 5473/5473 5347/5347
f 5349/5349 5475/5475 5473/5473
f 5474/5474 5350/5350 5348/5348
f 5476/5476 5350/5350 5474/5474
f 5351/5351 5475/5475 5349/5349
f 5351/5351 5477/5477 5475/5475
f 5476/5476 5352/5352 5350/5350
f 5478/5478 5352/5352 5476/5476
f 5353/5353 5477/5477 5351/5351
f 5353/5353 5479/5479 5477/5477
f 5478/5478 5354/5354 5352/5352
f 5480/5480 5354/5354 5478/5478
f 5355/5355 5479/5479 5353/5353
f 5355/5355 5481/5481 5479/5479
f 5480/5480 5356/5356 5354/5354
f 5482/5482 5356/5356 5480/5480
f 5357/5357 5481/5481 5355/5355
f 5357/5357 5483/5483 5481/5481
f 5482/5482 5360/5360 5356/5356
f 5484/5484 5360/5360 5482/5482
f 5361/5361 5483/5483 5357/5357
f 5361/5361 5485/5485 5483/5483
f 5484/5484 5364/5364 5360/5360
f 5486/5486 5364/5364 5484/5484
f 5365/5365 5485/5485 5361/5361
f 5365/5365 5487/5487 5485/5485
f 5488/5488 5367/5367 5368/5368
f 5489/5489 5488/5488 5368/5368
f 5364/5364 5489/5489 5368/5368
f 5486/5486 5489/5489 5364/5364
f 5369/5369 5487/5487 5365/5365
f 5369/5369 5490/5490 5487/5487
f 5491/5491 5371/5371 5372/5372
f 5367/5367 5488/5488 5372/5372
f 5488/5488 5491/5491 5372/5372
f 5488/5488 5492/5492 5491/5491
f 5488/5488 5489/5489 5493/5493
f 5488/5488 5493/5493 5492/5492
f 5373/5373 5490/5490 5369/5369
f 5373/5373 5494/5494 5490/5490
f 5495/5495 5376/5376 5491/5491
f 5491/5491 5376/5376 5371/5371
f 5492/5492 5497/5497 5496/5496
f 5495/5495 5492/5492 5496/5496
f 5491/5491 5492/5492 5495/5495
f 5497/5497 5492/5492 5493/5493
f 5498/5498 5494/5494 5373/5373
f 5498/5498 5373/5373 5377/5377
f 5499/5499 5377/5377 5378/5378
f 5499/5499 5498/5498 5377/5377
f 5500/5500 5378/5378 5379/5379
f 5500/5500 5499/5499 5378/5378
f 5501/5501 5379/5379 5380/5380
f 5501/5501 5500/5500 5379/5379
f 5502/5502 5380/5380 5381/5381
f 5502/5502 5501/5501 5380/5380
f 5503/5503 5381/5381 5382/5382
f 5503/5503 5502/5502 5381/5381
f 5504/5504 5382/5382 5383/5383
f 5504/5504 5503/5503 5382/5382
f 5505/5505 5383/5383 5384/5384
f 5505/5505 5504/5504 5383/5383
f 5506/5506 5384/5384 5385/5385
f 5506/5506 5505/5505 5384/5384
f 5507/5507 5385/5385 5386/5386
f 5507/5507 5506/5506 5385/5385
f 5508/5508 5386/5386 5387/5387
f 5508/5508 5507/5507 5386/5386
f 5509/5509 5387/5387 5388/5388
f 5509/5509 5508/5508 5387/5387
f 5510/5510 5388/5388 5389/5389
f 5510/5510 5509/5509 5388/5388
f 5511/5511 5389/5389 5390/5390
f 5511/5511 5510/5510 5389/5389
f 5512/5512 5390/5390 5391/5391
f 5512/5512 5511/5511 5390/5390
f 5513/5513 5391/5391 5392/5392
f 5513/5513 5512/5512 5391/5391
f 5392/5392 5376/5376 5495/5495
f 5514/5514 5392/5392 5495/5495
f 5513/5513 5392/5392 5514/5514
f 5514/5514 5495/5495 5496/5496
f 5516/5516 5515/5515 5393/5393
f 5516/5516 5393/5393 5394/5394
f 5393/5393 5517/5517 5395/5395
f 5515/5515 5517/5517 5393/5393
f 5395/5395 5518/5518 5396/5396
f 5517/5517 5518/5518 5395/5395
f 5396/5396 5519/5519 5397/5397
f 5518/5518 5519/5519 5396/5396
f 5397/5397 5520/5520 5398/5398
f 5519/5519 5520/5520 5397/5397
f 5398/5398 5521/5521 5399/5399
f 5520/5520 5521/5521 5398/5398
f 5399/5399 5522/5522 5400/5400
f 5521/5521 5522/5522 5399/5399
f 5400/5400 5523/5523 5401/5401
f 5522/5522 5523/5523 5400/5400
f 5401/5401 5524/5524 5402/5402
f 5523/5523 5524/5524 5401/5401
f 5402/5402 5525/5525 5403/5403
f 5524/5524 5525/5525 5402/5402
f 5403/5403 5526/5526 5404/5404
f 5525/5525 5526/5526 5403/5403
f 5404/5404 5527/5527 5405/5405
f 5526/5526 5527/5527 5404/5404
f 5405/5405 5528/5528 5406/5406
f 5527/5527 5528/5528 5405/5405
f 5406/5406 5529/5529 5407/5407
f 5528/5528 5529/5529 5406/5406
f 5407/5407 5530/5530 5408/5408
f 5529/5529 5530/5530 5407/5407
f 5409/5409 5408/5408 5530/5530
f 5409/5409 5530/5530 5531/5531
f 5410/5410 5516/5516 5394/5394
f 5410/5410 5532/5532 5516/5516
f 5531/5531 5411/5411 5409/5409
f 5533/5533 5411/5411 5531/5531
f 5412/5412 5532/5532 5410/5410
f 5412/5412 5534/5534 5532/5532
f 5533/5533 5413/5413 5411/5411
f 5535/5535 5413/5413 5533/5533
f 5414/5414 5534/5534 5412/5412
f 5414/5414 5536/5536 5534/5534
f 5535/5535 5415/5415 5413/5413
f 5537/5537 5415/5415 5535/5535
f 5416/5416 5536/5536 5414/5414
f 5416/5416 5538/5538 5536/5536
f 5537/5537 5417/5417 5415/5415
f 5539/5539 5417/5417 5537/5537
f 5418/5418 5538/5538 5416/5416
f 5418/5418 5540/5540 5538/5538
f 5539/5539 5419/5419 5417/5417
f 5541/5541 5419/5419 5539/5539
f 5420/5420 5540/5540 5418/5418
f 5420/5420 5542/5542 5540/5540
f 5541/5541 5421/5421 5419/5419
f 5543/5543 5421/5421 5541/5541
f 5422/5422 5542/5542 5420/5420
f 5422/5422 5544/5544 5542/5542
f 5543/5543 5423/5423 5421/5421
f 5545/5545 5423/5423 5543/5543
f 5424/5424 5544/5544 5422/5422
f 5424/5424 5546/5546 5544/5544
f 5545/5545 5425/5425 5423/5423
f 5547/5547 5425/5425 5545/5545
f 5426/5426 5546/5546 5424/5424
f 5426/5426 5548/5548 5546/5546
f 5547/5547 5427/5427 5425/5425
f 5549/5549 5427/5427 5547/5547
f 5428/5428 5548/5548 5426/5426
f 5428/5428 5550/5550 5548/5548
f 5549/5549 5429/5429 5427/5427
f 5551/5551 5429/5429 5549/5549
f 5430/5430 5550/5550 5428/5428
f 5430/5430 5552/5552 5550/5550
f 5551/5551 5431/5431 5429/5429
f 5553/5553 5431/5431 5551/5551
f 5432/5432 5552/5552 5430/5430
f 5432/5432 5554/5554 5552/5552
f 5553/5553 5433/5433 5431/5431
f 5555/5555 5433/5433 5553/5553
f 5434/5434 5554/5554 5432/5432
f 5434/5434 5556/5556 5554/5554
f 5555/5555 5435/5435 5433/5433
f 5557/5557 5435/5435 5555/5555
f 5436/5436 5556/5556 5434/5434
f 5436/5436 5558/5558 5556/5556
f 5557/5557 5437/5437 5435/5435
f 5559/5559 5437/5437 5557/5557
f 5438/5438 5558/5558 5436/5436
f 5438/5438 5560/5560 5558/5558
f 5559/5559 5439/5439 5437/5437
f 5561/5561 5439/5439 5559/5559
f 5440/5440 5560/5560 5438/5438
f 5440/5440 5562/5562 5560/5560
f 5561/5561 5441/5441 5439/5439
f 5563/5563 5441/5441 5561/5561
f 5442/5442 5562/5562 5440/5440
f 5442/5442 5564/5564 5562/5562
f 5563/5563 5443/5443 5441/5441
f 5565/5565 5443/5443 5563/5563
f 5444/5444 5564/5564 5442/5442
f 5444/5444 5566/5566 5564/5564
f 5565/5565 5445/5445 5443/5443
f 5567/5567 5445/5445 5565/5565
f 5446/5446 5566/5566 5444/5444
f 5446/5446 5568/5568 5566/5566
f 5567/5567 5569/5569 5445/5445
f 5445/5445 5569/5569 5447/5447
f 5447/5447 5570/5570 5448/5448
f 5569/5569 5570/5570 5447/5447
f 5449/5449 5448/5448 5570/5570
f 5449/5449 5570/5570 5571/5571
f 5450/5450 5568/5568 5446/5446
f 5450/5450 5572/5572 5568/5568
f 5574/5574 5451/5451 5573/5573
f 5451/5451 5571/5571 5573/5573
f 5451/5451 5449/5449 5571/5571
f 5575/5575 5574/5574 5573/5573
f 5452/5452 5572/5572 5450/5450
f 5452/5452 5576/5576 5572/5572
f 5578/5578 5577/5577 5574/5574
f 5577/5577 5451/5451 5574/5574
f 5577/5577 5454/5454 5451/5451
f 5578/5578 5574/5574 5575/5575
f 5455/5455 5576/5576 5452/5452
f 5455/5455 5579/5579 5576/5576
f 5577/5577 5457/5457 5454/5454
f 5580/5580 5457/5457 5577/5577
f 5458/5458 5579/5579 5455/5455
f 5458/5458 5581/5581 5579/5579
f 5459/5459 5457/5457 5582/5582
f 5457/5457 5583/5583 5582/5582
f 5457/5457 5580/5580 5583/5583
f 5582/5582 5460/5460 5459/5459
f 5461/5461 5581/5581 5458/5458
f 5461/5461 5584/5584 5581/5581
f 5583/5583 5585/5585 5582/5582
f 5460/5460 5582/5582 5585/5585
f 5586/5586 5460/5460 5585/5585
f 5462/5462 5460/5460 5586/5586
f 5463/5463 5584/5584 5461/5461
f 5463/5463 5587/5587 5584/5584
f 5586/5586 5464/5464 5462/5462
f 5588/5588 5464/5464 5586/5586
f 5465/5465 5587/5587 5463/5463
f 5465/5465 5589/5589 5587/5587
f 5588/5588 5466/5466 5464/5464
f 5590/5590 5466/5466 5588/5588
f 5467/5467 5589/5589 5465/5465
f 5467/5467 5591/5591 5589/5589
f 5590/5590 5468/5468 5466/5466
f 5592/5592 5468/5468 5590/5590
f 5469/5469 5591/5591 5467/5467
f 5469/5469 5593/5593 5591/5591
f 5592/5592 5470/5470 5468/5468
f 5594/5594 5470/5470 5592/5592
f 5471/5471 5593/5593 5469/5469
f 5471/5471 5595/5595 5593/5593
f 5594/5594 5472/5472 5470/5470
f 5596/5596 5472/5472 5594/5594
f 5473/5473 5595/5595 5471/5471
f 5473/5473 5597/5597 5595/5595
f 5596/5596 5474/5474 5472/5472
f 5598/5598 5474/5474 5596/5596
f 5475/5475 5597/5597 5473/5473
f 5475/5475 5599/5599 5597/5597
f 5598/5598 5476/5476 5474/5474
f 5600/5600 5476/5476 5598/5598
f 5477/5477 5599/5599 5475/5475
f 5477/5477 5601/5601 5599/5599
f 5600/5600 5478/5478 5476/5476
f 5602/5602 5478/5478 5600/5600
f 5479/5479 5601/5601 5477/5477
f 5479/5479 5603/5603 5601/5601
f 5602/5602 5480/5480 5478/5478
f 5604/5604 5480/5480 5602/5602
f 5481/5481 5603/5603 5479/5479
f 5481/5481 5605/5605 5603/5603
f 5604/5604 5482/5482 5480/5480
f 5606/5606 5482/5482 5604/5604
f 5483/5483 5605/5605 5481/5481
f 5483/5483 5607/5607 5605/5605
f 5606/5606 5484/5484 5482/5482
f 5608/5608 5484/5484 5606/5606
f 5485/5485 5607/5607 5483/5483
f 5485/5485 5609/5609 5607/5607
f 5608/5608 5486/5486 5484/5484
f 5610/5610 5486/5486 5608/5608
f 5487/5487 5609/5609 5485/5485
f 5487/5487 5611/5611 5609/5609
f 5610/5610 5489/5489 5486/5486
f 5612/5612 5489/5489 5610/5610
f 5490/5490 5611/5611 5487/5487
f 5490/5490 5613/5613 5611/5611
f 5612/5612 5493/5493 5489/5489
f 5614/5614 5493/5493 5612/5612
f 5494/5494 5613/5613 5490/5490
f 5494/5494 5615/5615 5613/5613
f 5616/5616 5496/5496 5497/5497
f 5617/5617 5616/5616 5497/5497
f 5493/5493 5617/5617 5497/5497
f 5614/5614 5617/5617 5493/5493
f 5618/5618 5615/5615 5494/5494
f 5618/5618 5494/5494 5498/5498
f 5619/5619 5498/5498 5499/5499
f 5619/5619 5618/5618 5498/5498
f 5620/5620 5499/5499 5500/5500
f 5620/5620 5619/5619 5499/5499
f 5621/5621 5500/5500 5501/5501
f 5621/5621 5620/5620 5500/5500
f 5622/5622 5501/5501 5502/5502
f 5622/5622 5621/5621 5501/5501
f 5623/5623 5502/5502 5503/5503
f 5623/5623 5622/5622 5502/5502
f 5624/5624 5503/5503 5504/5504
f 5624/5624 5623/5623 5503/5503
f 5625/5625 5504/5504 5505/5505
f 5625/5625 5624/5624 5504/5504
f 5626/5626 5505/5505 5506/5506
f 5626/5626 5625/5625 5505/5505
f 5627/5627 5506/5506 5507/5507
f 5627/5627 5626/5626 5506/5506
f 5628/5628 5507/5507 5508/5508
f 5628/5628 5627/5627 5507/5507
f 5629/5629 5508/5508 5509/5509
f 5629/5629 5628/5628 5508/5508
f 5630/5630 5509/5509 5510/5510
f 5630/5630 5629/5629 5509/5509
f 5631/5631 5510/5510 5511/5511
f 5631/5631 5630/5630 5510/5510
f 5632/5632 5511/5511 5512/5512
f 5632/5632 5631/5631 5511/5511
f 5633/5633 5512/5512 5513/5513
f 5633/5633 5632/5632 5512/5512
f 5634/5634 5513/5513 5514/5514
f 5634/5634 5633/5633 5513/5513
f 5514/5514 5496/5496 5616/5616
f 5635/5635 5514/5514 5616/5616
f 5634/5634 5514/5514 5635/5635
f 5635/5635 5616/5616 5617/5617
f 5516/5516 5636/5636 5515/5515
f 5637/5637 5517/5517 5515/5515
f 5637/5637 5515/5515 5636/5636
f 5638/5638 5518/5518 5517/5517
f 5638/5638 5517/5517 5637/5637
f 5639/5639 5519/5519 5518/5518
f 5639/5639 5518/5518 5638/5638
f 5640/5640 5520/5520 5519/5519
f 5640/5640 5519/5519 5639/5639
f 5641/5641 5521/5521 5520/5520
f 5641/5641 5520/5520 5640/5640
f 5642/5642 5522/5522 5521/5521
f 5642/5642 5521/5521 5641/5641
f 5643/5643 5523/5523 5522/5522
f 5643/5643 5522/5522 5642/5642
f 5644/5644 5524/5524 5523/5523
f 5644/5644 5523/5523 5643/5643
f 5645/5645 5525/5525 5524/5524
f 5645/5645 5524/5524 5644/5644
f 5646/5646 5526/5526 5525/5525
f 5646/5646 5525/5525 5645/5645
f 5647/5647 5527/5527 5526/5526
f 5647/5647 5526/5526 5646/5646
f 5648/5648 5528/5528 5527/5527
f 5648/5648 5527/5527 5647/5647
f 5649/5649 5529/5529 5528/5528
f 5649/5649 5528/5528 5648/5648
f 5650/5650 5530/5530 5529/5529
f 5650/5650 5529/5529 5649/5649
f 5650/5650 5531/5531 5530/5530
f 5532/5532 5651/5651 5636/5636
f 5532/5532 5636/5636 5516/5516
f 5636/5636 5652/5652 5637/5637
f 5636/5636 5651/5651 5652/5652
f 5637/5637 5653/5653 5638/5638
f 5637/5637 5652/5652 5653/5653
f 5638/5638 5654/5654 5639/5639
f 5638/5638 5653/5653 5654/5654
f 5639/5639 5655/5655 5640/5640
f 5639/5639 5654/5654 5655/5655
f 5640/5640 5656/5656 5641/5641
f 5640/5640 5655/5655 5656/5656
f 5641/5641 5657/5657 5642/5642
f 5641/5641 5656/5656 5657/5657
f 5642/5642 5658/5658 5643/5643
f 5642/5642 5657/5657 5658/5658
f 5643/5643 5659/5659 5644/5644
f 5643/5643 5658/5658 5659/5659
f 5644/5644 5660/5660 5645/5645
f 5644/5644 5659/5659 5660/5660
f 5645/5645 5661/5661 5646/5646
f 5645/5645 5660/5660 5661/5661
f 5646/5646 5662/5662 5647/5647
f 5646/5646 5661/5661 5662/5662
f 5647/5647 5663/5663 5648/5648
f 5647/5647 5662/5662 5663/5663
f 5648/5648 5664/5664 5649/5649
f 5648/5648 5663/5663 5664/5664
f 5649/5649 5665/5665 5650/5650
f 5649/5649 5664/5664 5665/5665
f 5665/5665 5533/5533 5531/5531
f 5665/5665 5531/5531 5650/5650
f 5534/5534 5666/5666 5651/5651
f 5534/5534 5651/5651 5532/5532
f 5651/5651 5667/5667 5652/5652
f 5651/5651 5666/5666 5667/5667
f 5652/5652 5668/5668 5653/5653
f 5652/5652 5667/5667 5668/5668
f 5653/5653 5669/5669 5654/5654
f 5653/5653 5668/5668 5669/5669
f 5654/5654 5670/5670 5655/5655
f 5654/5654 5669/5669 5670/5670
f 5655/5655 5671/5671 5656/5656
f 5655/5655 5670/5670 5671/5671
f 5656/5656 5672/5672 5657/5657
f 5656/5656 5671/5671 5672/5672
f 5657/5657 5673/5673 5658/5658
f 5657/5657 5672/5672 5673/5673
f 5658/5658 5674/5674 5659/5659
f 5658/5658 5673/5673 5674/5674
f 5659/5659 5675/5675 5660/5660
f 5659/5659 5674/5674 5675/5675
f 5660/5660 5676/5676 5661/5661
f 5660/5660 5675/5675 5676/5676
f 5661/5661 5677/5677 5662/5662
f 5661/5661 5676/5676 5677/5677
f 5662/5662 5678/5678 5663/5663
f 5662/5662 5677/5677 5678/5678
f 5663/5663 5679/5679 5664/5664
f 5663/5663 5678/5678 5679/5679
f 5664/5664 5680/5680 5665/5665
f 5664/5664 5679/5679 5680/5680
f 5680/5680 5535/5535 5533/5533
f 5680/5680 5533/5533 5665/5665
f 5536/5536 5681/5681 5666/5666
f 5536/5536 5666/5666 5534/5534
f 5666/5666 5682/5682 5667/5667
f 5666/5666 5681/5681 5682/5682
f 5667/5667 5683/5683 5668/5668
f 5667/5667 5682/5682 5683/5683
f 5668/5668 5684/5684 5669/5669
f 5668/5668 5683/5683 5684/5684
f 5669/5669 5685/5685 5670/5670
f 5669/5669 5684/5684 5685/5685
f 5670/5670 5686/5686 5671/5671
f 5670/5670 5685/5685 5686/5686
f 5671/5671 5687/5687 5672/5672
f 5671/5671 5686/5686 5687/5687
f 5672/5672 5688/5688 5673/5673
f 5672/5672 5687/5687 5688/5688
f 5673/5673 5689/5689 5674/5674
f 5673/5673 5688/5688 5689/5689
f 5674/5674 5690/5690 5675/5675
f 5674/5674 5689/5689 5690/5690
f 5675/5675 5691/5691 5676/5676
f 5675/5675 5690/5690 5691/5691
f 5676/5676 5692/5692 5677/5677
f 5676/5676 5691/5691 5692/5692
f 5677/5677 5693/5693 5678/5678
f 5677/5677 5692/5692 5693/5693
f 5678/5678 5694/5694 5679/5679
f 5678/5678 5693/5693 5694/5694
f 5679/5679 5695/5695 5680/5680
f 5679/5679 5694/5694 5695/5695
f 5695/5695 5537/5537 5535/5535
f 5695/5695 5535/5535 5680/5680
f 5538/5538 5696/5696 5681/5681
f 5538/5538 5681/5681 5536/5536
f 5681/5681 5697/5697 5682/5682
f 5681/5681 5696/5696 5697/5697
f 5682/5682 5698/5698 5683/5683
f 5682/5682 5697/5697 5698/5698
f 5683/5683 5699/5699 5684/5684
f 5683/5683 5698/5698 5699/5699
f 5684/5684 5700/5700 5685/5685
f 5684/5684 5699/5699 5700/5700
f 5685/5685 5701/5701 5686/5686
f 5685/5685 5700/5700 5701/5701
f 5686/5686 5702/5702 5687/5687
f 5686/5686 5701/5701 5702/5702
f 5687/5687 5703/5703 5688/5688
f 5687/5687 5702/5702 5703/5703
f 5688/5688 5704/5704 5689/5689
f 5688/5688 5703/5703 5704/5704
f 5689/5689 5705/5705 5690/5690
f 5689/5689 5704/5704 5705/5705
f 5690/5690 5706/5706 5691/5691
f 5690/5690 5705/5705 5706/5706
f 5691/5691 5707/5707 5692/5692
f 5691/5691 5706/5706 5707/5707
f 5692/5692 5708/5708 5693/5693
f 5692/5692 5707/5707 5708/5708
f 5693/5693 5709/5709 5694/5694
f 5693/5693 5708/5708 5709/5709
f 5694/5694 5710/5710 5695/5695
f 5694/5694 5709/5709 5710/5710
f 5710/5710 5539/5539 5537/5537
f 5710/5710 5537/5537 5695/5695
f 5540/5540 5711/5711 5696/5696
f 5540/5540 5696/5696 5538/5538
f 5696/5696 5712/5712 5697/5697
f 5696/5696 5711/5711 5712/5712
f 5697/5697 5713/5713 5698/5698
f 5697/5697 5712/5712 5713/5713
f 5698/5698 5714/5714 5699/5699
f 5698/5698 5713/5713 5714/5714
f 5699/5699 5715/5715 5700/5700
f 5699/5699 5714/5714 5715/5715
f 5700/5700 5716/5716 5701/5701
f 5700/5700 5715/5715 5716/5716
f 5701/5701 5717/5717 5702/5702
f 5701/5701 5716/5716 5717/5717
f 5702/5702 5718/5718 5703/5703
f 5702/5702 5717/5717 5718/5718
f 5703/5703 5719/5719 5704/5704
f 5703/5703 5718/5718 5719/5719
f 5704/5704 5720/5720 5705/5705
f 5704/5704 5719/5719 5720/5720
f 5705/5705 5721/5721 5706/5706
f 5705/5705 5720/5720 5721/5721
f 5706/5706 5722/5722 5707/5707
f 5706/5706 5721/5721 5722/5722
f 5707/5707 5723/5723 5708/5708
f 5707/5707 5722/5722 5723/5723
f 5708/5708 5724/5724 5709/5709
f 5708/5708 5723/5723 5724/5724
f 5709/5709 5725/5725 5710/5710
f 5709/5709 5724/5724 5725/5725
f 5725/5725 5541/5541 5539/5539
f 5725/5725 5539/5539 5710/5710
f 5542/5542 5726/5726 5711/5711
f 5542/5542 5711/5711 5540/5540
f 5711/5711 5727/5727 5712/5712
f 5711/5711 5726/5726 5727/5727
f 5712/5712 5728/5728 5713/5713
f 5712/5712 5727/5727 5728/5728
f 5713/5713 5729/5729 5714/5714
f 5713/5713 5728/5728 5729/5729
f 5714/5714 5730/5730 5715/5715
f 5714/5714 5729/5729 5730/5730
f 5715/5715 5731/5731 5716/5716
f 5715/5715 5730/5730 5731/5731
f 5716/5716 5732/5732 5717/5717
f 5716/5716 5731/5731 5732/5732
f 5717/5717 5733/5733 5718/5718
f 5717/5717 5732/5732 5733/5733
f 5718/5718 5734/5734 5719/5719
f 5718/5718 5733/5733 5734/5734
f 5719/5719 5735/5735 5720/5720
f 5719/5719 5734/5734 5735/5735
f 5720/5720 5736/5736 5721/5721
f 5720/5720 5735/5735 5736/5736
f 5721/5721 5737/5737 5722/5722
f 5721/5721 5736/5736 5737/5737
f 5722/5722 5738/5738 5723/5723
f 5722/5722 5737/5737 5738/5738
f 5723/5723 5739/5739 5724/5724
f 5723/5723 5738/5738 5739/5739
f 5724/5724 5740/5740 5725/5725
f 5724/5724 5739/5739 5740/5740
f 5740/5740 5543/5543 5541/5541
f 5740/5740 5541/5541 5725/5725
f 5544/5544 5741/5741 5726/5726
f 5544/5544 5726/5726 5542/5542
f 5726/5726 5742/5742 5727/5727
f 5726/5726 5741/5741 5742/5742
f 5727/5727 5743/5743 5728/5728
f 5727/5727 5742/5742 5743/5743
f 5728/5728 5744/5744 5729/5729
f 5728/5728 5743/5743 5744/5744
f 5729/5729 5745/5745 5730/5730
f 5729/5729 5744/5744 5745/5745
f 5730/5730 5746/5746 5731/5731
f 5730/5730 5745/5745 5746/5746
f 5731/5731 5747/5747 5732/5732
f 5731/5731 5746/5746 5747/5747
f 5732/5732 5748/5748 5733/5733
f 5732/5732 5747/5747 5748/5748
f 5733/5733 5749/5749 5734/5734
f 5733/5733 5748/5748 5749/5749
f 5734/5734 5750/5750 5735/5735
f 5734/5734 5749/5749 5750/5750
f 5735/5735 5751/5751 5736/5736
f 5735/5735 5750/5750 5751/5751
f 5736/5736 5752/5752 5737/5737
f 5736/5736 5751/5751 5752/5752
f 5737/5737 5753/5753 5738/5738
f 5737/5737 5752/5752 5753/5753
f 5738/5738 5754/5754 5739/5739
f 5738/5738 5753/5753 5754/5754
f 5739/5739 5755/5755 5740/5740
f 5739/5739 5754/5754 5755/5755
f 5755/5755 5545/5545 5543/5543
f 5755/5755 5543/5543 5740/5740
f 5546/5546 5756/5756 5741/5741
f 5546/5546 5741/5741 5544/5544
f 5741/5741 5757/5757 5742/5742
f 5741/5741 5756/5756 5757/5757
f 5742/5742 5758/5758 5743/5743
f 5742/5742 5757/5757 5758/5758
f 5743/5743 5759/5759 5744/5744
f 5743/5743 5758/5758 5759/5759
f 5744/5744 5760/5760 5745/5745
f 5744/5744 5759/5759 5760/5760
f 5745/5745 5761/5761 5746/5746
f 5745/5745 5760/5760 5761/5761
f 5746/5746 5762/5762 5747/5747
f 5746/5746 5761/5761 5762/5762
f 5747/5747 5763/5763 5748/5748
f 5747/5747 5762/5762 5763/5763
f 5748/5748 5764/5764 5749/5749
f 5748/5748 5763/5763 5764/5764
f 5749/5749 5765/5765 5750/5750
f 5749/5749 5764/5764 5765/5765
f 5750/5750 5766/5766 5751/5751
f 5750/5750 5765/5765 5766/5766
f 5751/5751 5767/5767 5752/5752
f 5751/5751 5766/5766 5767/5767
f 5752/5752 5768/5768 5753/5753
f 5752/5752 5767/5767 5768/5768
f 5753/5753 5769/5769 5754/5754
f 5753/5753 5768/5768 5769/5769
f 5754/5754 5770/5770 5755/5755
f 5754/5754 5769/5769 5770/5770
f 5770/5770 5547/5547 5545/5545
f 5770/5770 5545/5545 5755/5755
f 5548/5548 5771/5771 5756/5756
f 5548/5548 5756/5756 5546/5546
f 5756/5756 5772/5772 5757/5757
f 5756/5756 5771/5771 5772/5772
f 5757/5757 5773/5773 5758/5758
f 5757/5757 5772/5772 5773/5773
f 5758/5758 5774/5774 5759/5759
f 5758/5758 5773/5773 5774/5774
f 5759/5759 5775/5775 5760/5760
f 5759/5759 5774/5774 5775/5775
f 5760/5760 5776/5776 5761/5761
f 5760/5760 5775/5775 5776/5776
f 5761/5761 5777/5777 5762/5762
f 5761/5761 5776/5776 5777/5777
f 5762/5762 5778/5778 5763/5763
f 5762/5762 5777/5777 5778/5778
f 5763/5763 5779/5779 5764/5764
f 5763/5763 5778/5778 5779/5779
f 5764/5764 5780/5780 5765/5765
f 5764/5764 5779/5779 5780/5780
f 5765/5765 5781/5781 5766/5766
f 5765/5765 5780/5780 5781/5781
f 5766/5766 5782/5782 5767/5767
f 5766/5766 5781/5781 5782/5782
f 5767/5767 5783/5783 5768/5768
f 5767/5767 5782/5782 5783/5783
f 5768/5768 5784/5784 5769/5769
f 5768/5768 5783/5783 5784/5784
f 5769/5769 5785/5785 5770/5770
f 5769/5769 5784/5784 5785/5785
f 5785/5785 5549/5549 5547/5547
f 5785/5785 5547/5547 5770/5770
f 5550/5550 5786/5786 5771/5771
f 5550/5550 5771/5771 5548/5548
f 5771/5771 5787/5787 5772/5772
f 5771/5771 5786/5786 5787/5787
f 5772/5772 5788/5788 5773/5773
f 5772/5772 5787/5787 5788/5788
f 5773/5773 5789/5789 5774/5774
f 5773/5773 5788/5788 5789/5789
f 5774/5774 5790/5790 5775/5775
f 5774/5774 5789/5789 5790/5790
f 5775/5775 5791/5791 5776/5776
f 5775/5775 5790/5790 5791/5791
f 5776/5776 5792/5792 5777/5777
f 5776/5776 5791/5791 5792/5792
f 5777/5777 5793/5793 5778/5778
f 5777/5777 5792/5792 5793/5793
f 5778/5778 5794/5794 5779/5779
f 5778/5778 5793/5793 5794/5794
f 5779/5779 5795/5795 5780/5780
f 5779/5779 5794/5794 5795/5795
f 5780/5780 5796/5796 5781/5781
f 5780/5780 5795/5795 5796/5796
f 5781/5781 5797/5797 5782/5782
f 5781/5781 5796/5796 5797/5797
f 5782/5782 5798/5798 5783/5783
f 5782/5782 5797/5797 5798/5798
f 5783/5783 5799/5799 5784/5784
f 5783/5783 5798/5798 5799/5799
f 5784/5784 5800/5800 5785/5785
f 5784/5784 5799/5799 5800/5800
f 5800/5800 5551/5551 5549/5549
f 5800/5800 5549/5549 5785/5785
f 5552/5552 5801/5801 5786/5786
f 5552/5552 5786/5786 5550/5550
f 5786/5786 5802/5802 5787/5787
f 5786/5786 5801/5801 5802/5802
f 5787/5787 5803/5803 5788/5788
f 5787/5787 5802/5802 5803/5803
f 5788/5788 5804/5804 5789/5789
f 5788/5788 5803/5803 5804/5804
f 5789/5789 5805/5805 5790/5790
f 5789/5789 5804/5804 5805/5805
f 5790/5790 5806/5806 5791/5791
f 5790/5790 5805/5805 5806/5806
f 5791/5791 5807/5807 5792/5792
f 5791/5791 5806/5806 5807/5807
f 5792/5792 5808/5808 5793/5793
f 5792/5792 5807/5807 5808/5808
f 5793/5793 5809/5809 5794/5794
f 5793/5793 5808/5808 5809/5809
f 5794/5794 5810/5810 5795/5795
f 5794/5794 5809/5809 5810/5810
f 5795/5795 5811/5811 5796/5796
f 5795/5795 5810/5810 5811/5811
f 5796/5796 5812/5812 5797/5797
f 5796/5796 5811/5811 5812/5812
f 5797/5797 5813/5813 5798/5798
f 5797/5797 5812/5812 5813/5813
f 5798/5798 5814/5814 5799/5799
f 5798/5798 5813/5813 5814/5814
f 5799/5799 5815/5815 5800/5800
f 5799/5799 5814/5814 5815/5815
f 5815/5815 5553/5553 5551/5551
f 5815/5815 5551/5551 5800/5800
f 5554/5554 5816/5816 5801/5801
f 5554/5554 5801/5801 5552/5552
f 5801/5801 5817/5817 5802/5802
f 5801/5801 5816/5816 5817/5817
f 5802/5802 5818/5818 5803/5803
f 5802/5802 5817/5817 5818/5818
f 5803/5803 5819/5819 5804/5804
f 5803/5803 5818/5818 5819/5819
f 5804/5804 5820/5820 5805/5805
f 5804/5804 5819/5819 5820/5820
f 5805/5805 5821/5821 5806/5806
f 5805/5805 5820/5820 5821/5821
f 5806/5806 5822/5822 5807/5807
f 5806/5806 5821/5821 5822/5822
f 5807/5807 5823/5823 5808/5808
f 5807/5807 5822/5822 5823/5823
f 5808/5808 5824/5824 5809/5809
f 5808/5808 5823/5823 5824/5824
f 5809/5809 5825/5825 5810/5810
f 5809/5809 5824/5824 5825/5825
f 5810/5810 5826/5826 5811/5811
f 5810/5810 5825/5825 5826/5826
f 5811/5811 5827/5827 5812/5812
f 5811/5811 5826/5826 5827/5827
f 5812/5812 5828/5828 5813/5813
f 5812/5812 5827/5827 5828/5828
f 5813/5813 5829/5829 5814/5814
f 5813/5813 5828/5828 5829/5829
f 5814/5814 5830/5830 5815/5815
f 5814/5814 5829/5829 5830/5830
f 5830/5830 5555/5555 5553/5553
f 5830/5830 5553/5553 5815/5815
f 5556/5556 5831/5831 5816/5816
f 5556/5556 5816/5816 5554/5554
f 5816/5816 5832/5832 5817/5817
f 5816/5816 5831/5831 5832/5832
f 5817/5817 5833/5833 5818/5818
f 5817/5817 5832/5832 5833/5833
f 5818/5818 5834/5834 5819/5819
f 5818/5818 5833/5833 5834/5834
f 5819/5819 5835/5835 5820/5820
f 5819/5819 5834/5834 5835/5835
f 5820/5820 5836/5836 5821/5821
f 5820/5820 5835/5835 5836/5836
f 5821/5821 5837/5837 5822/5822
f 5821/5821 5836/5836 5837/5837
f 5822/5822 5838/5838 5823/5823
f 5822/5822 5837/5837 5838/5838
f 5823/5823 5839/5839 5824/5824
f 5823/5823 5838/5838 5839/5839
f 5824/5824 5840/5840 5825/5825
f 5824/5824 5839/5839 5840/5840
f 5825/5825 5841/5841 5826/5826
f 5825/5825 5840/5840 5841/5841
f 5826/5826 5842/5842 5827/5827
f 5826/5826 5841/5841 5842/5842
f 5827/5827 5843/5843 5828/5828
f 5827/5827 5842/5842 5843/5843
f 5828/5828 5844/5844 5829/5829
f 5828/5828 5843/5843 5844/5844
f 5829/5829 5845/5845 5830/5830
f 5829/5829 5844/5844 5845/5845
f 5845/5845 5557/5557 5555/5555
f 5845/5845 5555/5555 5830/5830
f 5558/5558 5846/5846 5831/5831
f 5558/5558 5831/5831 5556/5556
f 5831/5831 5847/5847 5832/5832
f 5831/5831 5846/5846 5847/5847
f 5832/5832 5848/5848 5833/5833
f 5832/5832 5847/5847 5848/5848
f 5833/5833 5849/5849 5834/5834
f 5833/5833 5848/5848 5849/5849
f 5834/5834 5850/5850 5835/5835
f 5834/5834 5849/5849 5850/5850
f 5835/5835 5851/5851 5836/5836
f 5835/5835 5850/5850 5851/5851
f 5836/5836 5852/5852 5837/5837
f 5836/5836 5851/5851 5852/5852
f 5837/5837 5853/5853 5838/5838
f 5837/5837 5852/5852 5853/5853
f 5838/5838 5854/5854 5839/5839
f 5838/5838 5853/5853 5854/5854
f 5839/5839 5855/5855 5840/5840
f 5839/5839 5854/5854 5855/5855
f 5840/5840 5856/5856 5841/5841
f 5840/5840 5855/5855 5856/5856
f 5841/5841 5857/5857 5842/5842
f 5841/5841 5856/5856 5857/5857
f 5842/5842 5858/5858 5843/5843
f 5842/5842 5857/5857 5858/5858
f 5843/5843 5859/5859 5844/5844
f 5843/5843 5858/5858 5859/5859
f 5844/5844 5860/5860 5845/5845
f 5844/5844 5859/5859 5860/5860
f 5860/5860 5559/5559 5557/5557
f 5860/5860 5557/5557 5845/5845
f 5560/5560 5861/5861 5846/5846
f 5560/5560 5846/5846 5558/5558
f 5846/5846 5862/5862 5847/5847
f 5846/5846 5861/5861 5862/5862
f 5847/5847 5863/5863 5848/5848
f 5847/5847 5862/5862 5863/5863
f 5848/5848 5864/5864 5849/5849
f 5848/5848 5863/5863 5864/5864
f 5849/5849 5865/5865 5850/5850
f 5849/5849 5864/5864 5865/5865
f 5850/5850 5866/5866 5851/5851
f 5850/5850 5865/5865 5866/5866
f 5851/5851 5867/5867 5852/5852
f 5851/5851 5866/5866 5867/5867
f 5852/5852 5868/5868 5853/5853
f 5852/5852 5867/5867 5868/5868
f 5853/5853 5869/5869 5854/5854
f 5853/5853 5868/5868 5869/5869
f 5854/5854 5870/5870 5855/5855
f 5854/5854 5869/5869 5870/5870
f 5855/5855 5871/5871 5856/5856
f 5855/5855 5870/5870 5871/5871
f 5856/5856 5872/5872 5857/5857
f 5856/5856 5871/5871 5872/5872
f 5857/5857 5873/5873 5858/5858
f 5857/5857 5872/5872 5873/5873
f 5858/5858 5874/5874 5859/5859
f 5858/5858 5873/5873 5874/5874
f 5859/5859 5875/5875 5860/5860
f 5859/5859 5874/5874 5875/5875
f 5875/5875 5561/5561 5559/5559
f 5875/5875 5559/5559 5860/5860
f 5562/5562 5876/5876 5861/5861
f 5562/5562 5861/5861 5560/5560
f 5861/5861 5877/5877 5862/5862
f 5861/5861 5876/5876 5877/5877
f 5862/5862 5878/5878 5863/5863
f 5862/5862 5877/5877 5878/5878
f 5863/5863 5879/5879 5864/5864
f 5863/5863 5878/5878 5879/5879
f 5864/5864 5880/5880 5865/5865
f 5864/5864 5879/5879 5880/5880
f 5865/5865 5881/5881 5866/5866
f 5865/5865 5880/5880 5881/5881
f 5866/5866 5882/5882 5867/5867
f 5866/5866 5881/5881 5882/5882
f 5867/5867 5883/5883 5868/5868
f 5867/5867 5882/5882 5883/5883
f 5868/5868 5884/5884 5869/5869
f 5868/5868 5883/5883 5884/5884
f 5869/5869 5885/5885 5870/5870
f 5869/5869 5884/5884 5885/5885
f 5870/5870 5886/5886 5871/5871
f 5870/5870 5885/5885 5886/5886
f 5871/5871 5887/5887 5872/5872
f 5871/5871 5886/5886 5887/5887
f 5872/5872 5888/5888 5873/5873
f 5872/5872 5887/5887 5888/5888
f 5873/5873 5889/5889 5874/5874
f 5873/5873 5888/5888 5889/5889
f 5874/5874 5890/5890 5875/5875
f 5874/5874 5889/5889 5890/5890
f 5890/5890 5563/5563 5561/5561
f 5890/5890 5561/5561 5875/5875
f 5564/5564 5891/5891 5876/5876
f 5564/5564 5876/5876 5562/5562
f 5876/5876 5892/5892 5877/5877
f 5876/5876 5891/5891 5892/5892
f 5877/5877 5893/5893 5878/5878
f 5877/5877 5892/5892 5893/5893
f 5878/5878 5894/5894 5879/5879
f 5878/5878 5893/5893 5894/5894
f 5879/5879 5895/5895 5880/5880
f 5879/5879 5894/5894 5895/5895
f 5880/5880 5896/5896 5881/5881
f 5880/5880 5895/5895 5896/5896
f 5881/5881 5897/5897 5882/5882
f 5881/5881 5896/5896 5897/5897
f 5882/5882 5898/5898 5883/5883
f 5882/5882 5897/5897 5898/5898
f 5883/5883 5899/5899 5884/5884
f 5883/5883 5898/5898 5899/5899
f 5884/5884 5900/5900 5885/5885
f 5884/5884 5899/5899 5900/5900
f 5885/5885 5901/5901 5886/5886
f 5885/5885 5900/5900 5901/5901
f 5886/5886 5902/5902 5887/5887
f 5886/5886 5901/5901 5902/5902
f 5887/5887 5903/5903 5888/5888
f 5887/5887 5902/5902 5903/5903
f 5888/5888 5904/5904 5889/5889
f 5888/5888 5903/5903 5904/5904
f 5889/5889 5905/5905 5890/5890
f 5889/5889 5904/5904 5905/5905
f 5905/5905 5565/5565 5563/5563
f 5905/5905 5563/5563 5890/5890
f 5566/5566 5906/5906 5891/5891
f 5566/5566 5891/5891 5564/5564
f 5891/5891 5907/5907 5892/5892
f 5891/5891 5906/5906 5907/5907
f 5892/5892 5908/5908 5893/5893
f 5892/5892 5907/5907 5908/5908
f 5893/5893 5909/5909 5894/5894
f 5893/5893 5908/5908 5909/5909
f 5894/5894 5910/5910 5895/5895
f 5894/5894 5909/5909 5910/5910
f 5895/5895 5911/5911 5896/5896
f 5895/5895 5910/5910 5911/5911
f 5896/5896 5912/5912 5897/5897
f 5896/5896 5911/5911 5912/5912
f 5897/5897 5913/5913 5898/5898
f 5897/5897 5912/5912 5913/5913
f 5898/5898 5914/5914 5899/5899
f 5898/5898 5913/5913 5914/5914
f 5899/5899 5915/5915 5900/5900
f 5899/5899 5914/5914 5915/5915
f 5900/5900 5916/5916 5901/5901
f 5900/5900 5915/5915 5916/5916
f 5901/5901 5917/5917 5902/5902
f 5901/5901 5916/5916 5917/5917
f 5902/5902 5918/5918 5903/5903
f 5902/5902 5917/5917 5918/5918
f 5903/5903 5919/5919 5904/5904
f 5903/5903 5918/5918 5919/5919
f 5904/5904 5920/5920 5905/5905
f 5904/5904 5919/5919 5920/5920
f 5920/5920 5567/5567 5565/5565
f 5920/5920 5565/5565 5905/5905
f 5568/5568 5921/5921 5906/5906
f 5568/5568 5906/5906 5566/5566
f 5906/5906 5922/5922 5907/5907
f 5906/5906 5921/5921 5922/5922
f 5907/5907 5923/5923 5908/5908
f 5907/5907 5922/5922 5923/5923
f 5908/5908 5924/5924 5909/5909
f 5908/5908 5923/5923 5924/5924
f 5909/5909 5925/5925 5910/5910
f 5909/5909 5924/5924 5925/5925
f 5910/5910 5926/5926 5911/5911
f 5910/5910 5925/5925 5926/5926
f 5911/5911 5927/5927 5912/5912
f 5911/5911 5926/5926 5927/5927
f 5912/5912 5928/5928 5913/5913
f 5912/5912 5927/5927 5928/5928
f 5913/5913 5929/5929 5914/5914
f 5913/5913 5928/5928 5929/5929
f 5914/5914 5930/5930 5915/5915
f 5914/5914 5929/5929 5930/5930
f 5915/5915 5931/5931 5916/5916
f 5915/5915 5930/5930 5931/5931
f 5916/5916 5932/5932 5917/5917
f 5916/5916 5931/5931 5932/5932
f 5917/5917 5933/5933 5918/5918
f 5917/5917 5932/5932 5933/5933
f 5918/5918 5934/5934 5919/5919
f 5918/5918 5933/5933 5934/5934
f 5919/5919 5935/5935 5920/5920
f 5919/5919 5934/5934 5935/5935
f 5936/5936 5569/5569 5567/5567
f 5920/5920 5936/5936 5567/5567
f 5935/5935 5936/5936 5920/5920
f 5937/5937 5570/5570 5569/5569
f 5937/5937 5569/5569 5936/5936
f 5937/5937 5571/5571 5570/5570
f 5572/5572 5938/5938 5921/5921
f 5572/5572 5921/5921 5568/5568
f 5921/5921 5939/5939 5922/5922
f 5921/5921 5938/5938 5939/5939
f 5922/5922 5940/5940 5923/5923
f 5922/5922 5939/5939 5940/5940
f 5923/5923 5941/5941 5924/5924
f 5923/5923 5940/5940 5941/5941
f 5924/5924 5942/5942 5925/5925
f 5924/5924 5941/5941 5942/5942
f 5925/5925 5943/5943 5926/5926
f 5925/5925 5942/5942 5943/5943
f 5926/5926 5944/5944 5927/5927
f 5926/5926 5943/5943 5944/5944
f 5927/5927 5945/5945 5928/5928
f 5927/5927 5944/5944 5945/5945
f 5928/5928 5946/5946 5929/5929
f 5928/5928 5945/5945 5946/5946
f 5929/5929 5947/5947 5930/5930
f 5929/5929 5946/5946 5947/5947
f 5930/5930 5948/5948 5931/5931
f 5930/5930 5947/5947 5948/5948
f 5931/5931 5949/5949 5932/5932
f 5931/5931 5948/5948 5949/5949
f 5932/5932 5950/5950 5933/5933
f 5932/5932 5949/5949 5950/5950
f 5933/5933 5951/5951 5934/5934
f 5933/5933 5950/5950 5951/5951
f 5934/5934 5952/5952 5935/5935
f 5934/5934 5951/5951 5952/5952
f 5935/5935 5953/5953 5936/5936
f 5935/5935 5952/5952 5953/5953
f 5936/5936 5954/5954 5937/5937
f 5936/5936 5953/5953 5954/5954
f 5955/5955 5573/5573 5571/5571
f 5937/5937 5955/5955 5571/5571
f 5954/5954 5955/5955 5937/5937
f 5955/5955 5575/5575 5573/5573
f 5576/5576 5956/5956 5938/5938
f 5576/5576 5938/5938 5572/5572
f 5938/5938 5957/5957 5939/5939
f 5938/5938 5956/5956 5957/5957
f 5939/5939 5958/5958 5940/5940
f 5939/5939 5957/5957 5958/5958
f 5940/5940 5959/5959 5941/5941
f 5940/5940 5958/5958 5959/5959
f 5941/5941 5960/5960 5942/5942
f 5941/5941 5959/5959 5960/5960
f 5942/5942 5961/5961 5943/5943
f 5942/5942 5960/5960 5961/5961
f 5943/5943 5962/5962 5944/5944
f 5943/5943 5961/5961 5962/5962
f 5944/5944 5963/5963 5945/5945
f 5944/5944 5962/5962 5963/5963
f 5945/5945 5964/5964 5946/5946
f 5945/5945 5963/5963 5964/5964
f 5946/5946 5965/5965 5947/5947
f 5946/5946 5964/5964 5965/5965
f 5947/5947 5966/5966 5948/5948
f 5947/5947 5965/5965 5966/5966
f 5948/5948 5967/5967 5949/5949
f 5948/5948 5966/5966 5967/5967
f 5949/5949 5968/5968 5950/5950
f 5949/5949 5967/5967 5968/5968
f 5950/5950 5969/5969 5951/5951
f 5950/5950 5968/5968 5969/5969
f 5951/5951 5970/5970 5952/5952
f 5951/5951 5969/5969 5970/5970
f 5952/5952 5971/5971 5953/5953
f 5952/5952 5970/5970 5971/5971
f 5953/5953 5972/5972 5954/5954
f 5953/5953 5971/5971 5972/5972
f 5972/5972 5577/5577 5578/5578
f 5955/5955 5972/5972 5578/5578
f 5954/5954 5972/5972 5955/5955
f 5955/5955 5578/5578 5575/5575
f 5579/5579 5973/5973 5956/5956
f 5579/5579 5956/5956 5576/5576
f 5956/5956 5974/5974 5957/5957
f 5956/5956 5973/5973 5974/5974
f 5957/5957 5975/5975 5958/5958
f 5957/5957 5974/5974 5975/5975
f 5958/5958 5976/5976 5959/5959
f 5958/5958 5975/5975 5976/5976
f 5959/5959 5977/5977 5960/5960
f 5959/5959 5976/5976 5977/5977
f 5960/5960 5978/5978 5961/5961
f 5960/5960 5977/5977 5978/5978
f 5961/5961 5979/5979 5962/5962
f 5961/5961 5978/5978 5979/5979
f 5962/5962 5980/5980 5963/5963
f 5962/5962 5979/5979 5980/5980
f 5963/5963 5981/5981 5964/5964
f 5963/5963 5980/5980 5981/5981
f 5964/5964 5982/5982 5965/5965
f 5964/5964 5981/5981 5982/5982
f 5965/5965 5983/5983 5966/5966
f 5965/5965 5982/5982 5983/5983
f 5966/5966 5984/5984 5967/5967
f 5966/5966 5983/5983 5984/5984
f 5967/5967 5985/5985 5968/5968
f 5967/5967 5984/5984 5985/5985
f 5968/5968 5986/5986 5969/5969
f 5968/5968 5985/5985 5986/5986
f 5969/5969 5987/5987 5970/5970
f 5969/5969 5986/5986 5987/5987
f 5970/5970 5988/5988 5971/5971
f 5970/5970 5987/5987 5988/5988
f 5971/5971 5989/5989 5972/5972
f 5971/5971 5988/5988 5989/5989
f 5989/5989 5580/5580 5577/5577
f 5989/5989 5577/5577 5972/5972
f 5581/5581 5990/5990 5973/5973
f 5581/5581 5973/5973 5579/5579
f 5973/5973 5991/5991 5974/5974
f 5973/5973 5990/5990 5991/5991
f 5974/5974 5992/5992 5975/5975
f 5974/5974 5991/5991 5992/5992
f 5975/5975 5993/5993 5976/5976
f 5975/5975 5992/5992 5993/5993
f 5976/5976 5994/5994 5977/5977
f 5976/5976 5993/5993 5994/5994
f 5977/5977 5995/5995 5978/5978
f 5977/5977 5994/5994 5995/5995
f 5978/5978 5996/5996 5979/5979
f 5978/5978 5995/5995 5996/5996
f 5979/5979 5997/5997 5980/5980
f 5979/5979 5996/5996 5997/5997
f 5980/5980 5998/5998 5981/5981
f 5980/5980 5997/5997 5998/5998
f 5981/5981 5999/5999 5982/5982
f 5981/5981 5998/5998 5999/5999
f 5982/5982 6000/6000 5983/5983
f 5982/5982 5999/5999 6000/6000
f 5983/5983 6001/6001 5984/5984
f 5983/5983 6000/6000 6001/6001
f 5984/5984 6002/6002 5985/5985
f 5984/5984 6001/6001 6002/6002
f 5985/5985 6003/6003 5986/5986
f 5985/5985 6002/6002 6003/6003
f 5986/5986 6004/6004 5987/5987
f 5986/5986 6003/6003 6004/6004
f 5987/5987 6005/6005 5988/5988
f 5987/5987 6004/6004 6005/6005
f 5988/5988 6006/6006 5989/5989
f 5988/5988 6005/6005 6006/6006
f 6006/6006 5583/5583 5580/5580
f 6006/6006 5580/5580 5989/5989
f 5584/5584 6007/6007 5990/5990
f 5584/5584 5990/5990 5581/5581
f 5990/5990 6008/6008 5991/5991
f 5990/5990 6007/6007 6008/6008
f 5991/5991 6009/6009 5992/5992
f 5991/5991 6008/6008 6009/6009
f 5992/5992 6010/6010 5993/5993
f 5992/5992 6009/6009 6010/6010
f 5993/5993 6011/6011 5994/5994
f 5993/5993 6010/6010 6011/6011
f 5994/5994 6012/6012 5995/5995
f 5994/5994 6011/6011 6012/6012
f 5995/5995 6013/6013 5996/5996
f 5995/5995 6012/6012 6013/6013
f 5996/5996 6014/6014 5997/5997
f 5996/5996 6013/6013 6014/6014
f 5997/5997 6015/6015 5998/5998
f 5997/5997 6014/6014 6015/6015
f 5998/5998 6016/6016 5999/5999
f 5998/5998 6015/6015 6016/6016
f 5999/5999 6017/6017 6000/6000
f 5999/5999 6016/6016 6017/6017
f 6000/6000 6018/6018 6001/6001
f 6000/6000 6017/6017 6018/6018
f 6001/6001 6019/6019 6002/6002
f 6001/6001 6018/6018 6019/6019
f 6002/6002 6020/6020 6003/6003
f 6002/6002 6019/6019 6020/6020
f 6003/6003 6021/6021 6004/6004
f 6003/6003 6020/6020 6021/6021
f 6004/6004 6022/6022 6005/6005
f 6004/6004 6021/6021 6022/6022
f 6005/6005 6023/6023 6006/6006
f 6005/6005 6022/6022 6023/6023
f 6024/6024 5585/5585 5583/5583
f 6006/6006 6024/6024 5583/5583
f 6023/6023 6024/6024 6006/6006
f 6024/6024 5586/5586 5585/5585
f 5587/5587 6025/6025 6007/6007
f 5587/5587 6007/6007 5584/5584
f 6007/6007 6026/6026 6008/6008
f 6007/6007 6025/6025 6026/6026
f 6008/6008 6027/6027 6009/6009
f 6008/6008 6026/6026 6027/6027
f 6009/6009 6028/6028 6010/6010
f 6009/6009 6027/6027 6028/6028
f 6010/6010 6029/6029 6011/6011
f 6010/6010 6028/6028 6029/6029
f 6011/6011 6030/6030 6012/6012
f 6011/6011 6029/6029 6030/6030
f 6012/6012 6031/6031 6013/6013
f 6012/6012 6030/6030 6031/6031
f 6013/6013 6032/6032 6014/6014
f 6013/6013 6031/6031 6032/6032
f 6014/6014 6033/6033 6015/6015
f 6014/6014 6032/6032 6033/6033
f 6015/6015 6034/6034 6016/6016
f 6015/6015 6033/6033 6034/6034
f 6016/6016 6035/6035 6017/6017
f 6016/6016 6034/6034 6035/6035
f 6017/6017 6036/6036 6018/6018
f 6017/6017 6035/6035 6036/6036
f 6018/6018 6037/6037 6019/6019
f 6018/6018 6036/6036 6037/6037
f 6019/6019 6038/6038 6020/6020
f 6019/6019 6037/6037 6038/6038
f 6020/6020 6039/6039 6021/6021
f 6020/6020 6038/6038 6039/6039
f 6021/6021 6040/6040 6022/6022
f 6021/6021 6039/6039 6040/6040
f 6022/6022 6041/6041 6023/6023
f 6022/6022 6040/6040 6041/6041
f 6023/6023 6042/6042 6024/6024
f 6023/6023 6041/6041 6042/6042
f 6042/6042 5588/5588 5586/5586
f 6042/6042 5586/5586 6024/6024
f 5589/5589 6043/6043 6025/6025
f 5589/5589 6025/6025 5587/5587
f 6025/6025 6044/6044 6026/6026
f 6025/6025 6043/6043 6044/6044
f 6026/6026 6045/6045 6027/6027
f 6026/6026 6044/6044 6045/6045
f 6027/6027 6046/6046 6028/6028
f 6027/6027 6045/6045 6046/6046
f 6028/6028 6047/6047 6029/6029
f 6028/6028 6046/6046 6047/6047
f 6029/6029 6048/6048 6030/6030
f 6029/6029 6047/6047 6048/6048
f 6030/6030 6049/6049 6031/6031
f 6030/6030 6048/6048 6049/6049
f 6031/6031 6050/6050 6032/6032
f 6031/6031 6049/6049 6050/6050
f 6032/6032 6051/6051 6033/6033
f 6032/6032 6050/6050 6051/6051
f 6033/6033 6052/6052 6034/6034
f 6033/6033 6051/6051 6052/6052
f 6034/6034 6053/6053 6035/6035
f 6034/6034 6052/6052 6053/6053
f 6035/6035 6054/6054 6036/6036
f 6035/6035 6053/6053 6054/6054
f 6036/6036 6055/6055 6037/6037
f 6036/6036 6054/6054 6055/6055
f 6037/6037 6056/6056 6038/6038
f 6037/6037 6055/6055 6056/6056
f 6038/6038 6057/6057 6039/6039
f 6038/6038 6056/6056 6057/6057
f 6039/6039 6058/6058 6040/6040
f 6039/6039 6057/6057 6058/6058
f 6040/6040 6059/6059 6041/6041
f 6040/6040 6058/6058 6059/6059
f 6041/6041 6060/6060 6042/6042
f 6041/6041 6059/6059 6060/6060
f 6060/6060 5590/5590 5588/5588
f 6060/6060 5588/5588 6042/6042
f 5591/5591 6061/6061 6043/6043
f 5591/5591 6043/6043 5589/5589
f 6043/6043 6062/6062 6044/6044
f 6043/6043 6061/6061 6062/6062
f 6044/6044 6063/6063 6045/6045
f 6044/6044 6062/6062 6063/6063
f 6045/6045 6064/6064 6046/6046
f 6045/6045 6063/6063 6064/6064
f 6046/6046 6065/6065 6047/6047
f 6046/6046 6064/6064 6065/6065
f 6047/6047 6066/6066 6048/6048
f 6047/6047 6065/6065 6066/6066
f 6048/6048 6067/6067 6049/6049
f 6048/6048 6066/6066 6067/6067
f 6049/6049 6068/6068 6050/6050
f 6049/6049 6067/6067 6068/6068
f 6050/6050 6069/6069 6051/6051
f 6050/6050 6068/6068 6069/6069
f 6051/6051 6070/6070 6052/6052
f 6051/6051 6069/6069 6070/6070
f 6052/6052 6071/6071 6053/6053
f 6052/6052 6070/6070 6071/6071
f 6053/6053 6072/6072 6054/6054
f 6053/6053 6071/6071 6072/6072
f 6054/6054 6073/6073 6055/6055
f 6054/6054 6072/6072 6073/6073
f 6055/6055 6074/6074 6056/6056
f 6055/6055 6073/6073 6074/6074
f 6056/6056 6075/6075 6057/6057
f 6056/6056 6074/6074 6075/6075
f 6057/6057 6076/6076 6058/6058
f 6057/6057 6075/6075 6076/6076
f 6058/6058 6077/6077 6059/6059
f 6058/6058 6076/6076 6077/6077
f 6059/6059 6078/6078 6060/6060
f 6059/6059 6077/6077 6078/6078
f 6078/6078 5592/5592 5590/5590
f 6078/6078 5590/5590 6060/6060
f 5593/5593 6079/6079 6061/6061
f 5593/5593 6061/6061 5591/5591
f 6061/6061 6080/6080 6062/6062
f 6061/6061 6079/6079 6080/6080
f 6062/6062 6081/6081 6063/6063
f 6062/6062 6080/6080 6081/6081
f 6063/6063 6082/6082 6064/6064
f 6063/6063 6081/6081 6082/6082
f 6064/6064 6083/6083 6065/6065
f 6064/6064 6082/6082 6083/6083
f 6065/6065 6084/6084 6066/6066
f 6065/6065 6083/6083 6084/6084
f 6066/6066 6085/6085 6067/6067
f 6066/6066 6084/6084 6085/6085
f 6067/6067 6086/6086 6068/6068
f 6067/6067 6085/6085 6086/6086
f 6068/6068 6087/6087 6069/6069
f 6068/6068 6086/6086 6087/6087
f 6069/6069 6088/6088 6070/6070
f 6069/6069 6087/6087 6088/6088
f 6070/6070 6089/6089 6071/6071
f 6070/6070 6088/6088 6089/6089
f 6071/6071 6090/6090 6072/6072
f 6071/6071 6089/6089 6090/6090
f 6072/6072 6091/6091 6073/6073
f 6072/6072 6090/6090 6091/6091
f 6073/6073 6092/6092 6074/6074
f 6073/6073 6091/6091 6092/6092
f 6074/6074 6093/6093 6075/6075
f 6074/6074 6092/6092 6093/6093
f 6075/6075 6094/6094 6076/6076
f 6075/6075 6093/6093 6094/6094
f 6076/6076 6095/6095 6077/6077
f 6076/6076 6094/6094 6095/6095
f 6077/6077 6096/6096 6078/6078
f 6077/6077 6095/6095 6096/6096
f 6096/6096 5594/5594 5592/5592
f 6096/6096 5592/5592 6078/6078
f 5595/5595 6097/6097 6079/6079
f 5595/5595 6079/6079 5593/5593
f 6079/6079 6098/6098 6080/6080
f 6079/6079 6097/6097 6098/6098
f 6080/6080 6099/6099 6081/6081
f 6080/6080 6098/6098 6099/6099
f 6081/6081 6100/6100 6082/6082
f 6081/6081 6099/6099 6100/6100
f 6082/6082 6101/6101 6083/6083
f 6082/6082 6100/6100 6101/6101
f 6083/6083 6102/6102 6084/6084
f 6083/6083 6101/6101 6102/6102
f 6084/6084 6103/6103 6085/6085
f 6084/6084 6102/6102 6103/6103
f 6085/6085 6104/6104 6086/6086
f 6085/6085 6103/6103 6104/6104
f 6086/6086 6105/6105 6087/6087
f 6086/6086 6104/6104 6105/6105
f 6087/6087 6106/6106 6088/6088
f 6087/6087 6105/6105 6106/6106
f 6088/6088 6107/6107 6089/6089
f 6088/6088 6106/6106 6107/6107
f 6089/6089 6108/6108 6090/6090
f 6089/6089 6107/6107 6108/6108
f 6090/6090 6109/6109 6091/6091
f 6090/6090 6108/6108 6109/6109
f 6091/6091 6110/6110 6092/6092
f 6091/6091 6109/6109 6110/6110
f 6092/6092 6111/6111 6093/6093
f 6092/6092 6110/6110 6111/6111
f 6093/6093 6112/6112 6094/6094
f 6093/6093 6111/6111 6112/6112
f 6094/6094 6113/6113 6095/6095
f 6094/6094 6112/6112 6113/6113
f 6095/6095 6114/6114 6096/6096
f 6095/6095 6113/6113 6114/6114
f 6114/6114 5596/5596 5594/5594
f 6114/6114 5594/5594 6096/6096
f 5597/5597 6115/6115 6097/6097
f 5597/5597 6097/6097 5595/5595
f 6097/6097 6116/6116 6098/6098
f 6097/6097 6115/6115 6116/6116
f 6098/6098 6117/6117 6099/6099
f 6098/6098 6116/6116 6117/6117
f 6099/6099 6118/6118 6100/6100
f 6099/6099 6117/6117 6118/6118
f 6100/6100 6119/6119 6101/6101
f 6100/6100 6118/6118 6119/6119
f 6101/6101 6120/6120 6102/6102
f 6101/6101 6119/6119 6120/6120
f 6102/6102 6121/6121 6103/6103
f 6102/6102 6120/6120 6121/6121
f 6103/6103 6122/6122 6104/6104
f 6103/6103 6121/6121 6122/6122
f 6104/6104 6123/6123 6105/6105
f 6104/6104 6122/6122 6123/6123
f 6105/6105 6124/6124 6106/6106
f 6105/6105 6123/6123 6124/6124
f 6106/6106 6125/6125 6107/6107
f 6106/6106 6124/6124 6125/6125
f 6107/6107 6126/6126 6108/6108
f 6107/6107 6125/6125 6126/6126
f 6108/6108 6127/6127 6109/6109
f 6108/6108 6126/6126 6127/6127
f 6109/6109 6128/6128 6110/6110
f 6109/6109 6127/6127 6128/6128
f 6110/6110 6129/6129 6111/6111
f 6110/6110 6128/6128 6129/6129
f 6111/6111 6130/6130 6112/6112
f 6111/6111 6129/6129 6130/6130
f 6112/6112 6131/6131 6113/6113
f 6112/6112 6130/6130 6131/6131
f 6113/6113 6132/6132 6114/6114
f 6113/6113 6131/6131 6132/6132
f 6132/6132 5598/5598 5596/5596
f 6132/6132 5596/5596 6114/6114
f 5599/5599 6133/6133 6115/6115
f 5599/5599 6115/6115 5597/5597
f 6115/6115 6134/6134 6116/6116
f 6115/6115 6133/6133 6134/6134
f 6116/6116 6135/6135 6117/6117
f 6116/6116 6134/6134 6135/6135
f 6117/6117 6136/6136 6118/6118
f 6117/6117 6135/6135 6136/6136
f 6118/6118 6137/6137 6119/6119
f 6118/6118 6136/6136 6137/6137
f 6119/6119 6138/6138 6120/6120
f 6119/6119 6137/6137 6138/6138
f 6120/6120 6139/6139 6121/6121
f 6120/6120 6138/6138 6139/6139
f 6121/6121 6140/6140 6122/6122
f 6121/6121 6139/6139 6140/6140
f 6122/6122 6141/6141 6123/6123
f 6122/6122 6140/6140 6141/6141
f 6123/6123 6142/6142 6124/6124
f 6123/6123 6141/6141 6142/6142
f 6124/6124 6143/6143 6125/6125
f 6124/6124 6142/6142 6143/6143
f 6125/6125 6144/6144 6126/6126
f 6125/6125 6143/6143 6144/6144
f 6126/6126 6145/6145 6127/6127
f 6126/6126 6144/6144 6145/6145
f 6127/6127 6146/6146 6128/6128
f 6127/6127 6145/6145 6146/6146
f 6128/6128 6147/6147 6129/6129
f 6128/6128 6146/6146 6147/6147
f 6129/6129 6148/6148 6130/6130
f 6129/6129 6147/6147 6148/6148
f 6130/6130 6149/6149 6131/6131
f 6130/6130 6148/6148 6149/6149
f 6131/6131 6150/6150 6132/6132
f 6131/6131 6149/6149 6150/6150
f 6150/6150 5600/5600 5598/5598
f 6150/6150 5598/5598 6132/6132
f 5601/5601 6151/6151 6133/6133
f 5601/5601 6133/6133 5599/5599
f 6133/6133 6152/6152 6134/6134
f 6133/6133 6151/6151 6152/6152
f 6134/6134 6153/6153 6135/6135
f 6134/6134 6152/6152 6153/6153
f 6135/6135 6154/6154 6136/6136
f 6135/6135 6153/6153 6154/6154
f 6136/6136 6155/6155 6137/6137
f 6136/6136 6154/6154 6155/6155
f 6137/6137 6156/6156 6138/6138
f 6137/6137 6155/6155 6156/6156
f 6138/6138 6157/6157 6139/6139
f 6138/6138 6156/6156 6157/6157
f 6139/6139 6158/6158 6140/6140
f 6139/6139 6157/6157 6158/6158
f 6140/6140 6159/6159 6141/6141
f 6140/6140 6158/6158 6159/6159
f 6141/6141 6160/6160 6142/6142
f 6141/6141 6159/6159 6160/6160
f 6142/6142 6161/6161 6143/6143
f 6142/6142 6160/6160 6161/6161
f 6143/6143 6162/6162 6144/6144
f 6143/6143 6161/6161 6162/6162
f 6144/6144 6163/6163 6145/6145
f 6144/6144 6162/6162 6163/6163
f 6145/6145 6164/6164 6146/6146
f 6145/6145 6163/6163 6164/6164
f 6146/6146 6165/6165 6147/6147
f 6146/6146 6164/6164 6165/6165
f 6147/6147 6166/6166 6148/6148
f 6147/6147 6165/6165 6166/6166
f 6148/6148 6167/6167 6149/6149
f 6148/6148 6166/6166 6167/6167
f 6149/6149 6168/6168 6150/6150
f 6149/6149 6167/6167 6168/6168
f 6168/6168 5602/5602 5600/5600
f 6168/6168 5600/5600 6150/6150
f 5603/5603 6169/6169 6151/6151
f 5603/5603 6151/6151 5601/5601
f 6151/6151 6170/6170 6152/6152
f 6151/6151 6169/6169 6170/6170
f 6152/6152 6171/6171 6153/6153
f 6152/6152 6170/6170 6171/6171
f 6153/6153 6172/6172 6154/6154
f 6153/6153 6171/6171 6172/6172
f 6154/6154 6173/6173 6155/6155
f 6154/6154 6172/6172 6173/6173
f 6155/6155 6174/6174 6156/6156
f 6155/6155 6173/6173 6174/6174
f 6156/6156 6175/6175 6157/6157
f 6156/6156 6174/6174 6175/6175
f 6157/6157 6176/6176 6158/6158
f 6157/6157 6175/6175 6176/6176
f 6158/6158 6177/6177 6159/6159
f 6158/6158 6176/6176 6177/6177
f 6159/6159 6178/6178 6160/6160
f 6159/6159 6177/6177 6178/6178
f 6160/6160 6179/6179 6161/6161
f 6160/6160 6178/6178 6179/6179
f 6161/6161 6180/6180 6162/6162
f 6161/6161 6179/6179 6180/6180
f 6162/6162 6181/6181 6163/6163
f 6162/6162 6180/6180 6181/6181
f 6163/6163 6182/6182 6164/6164
f 6163/6163 6181/6181 6182/6182
f 6164/6164 6183/6183 6165/6165
f 6164/6164 6182/6182 6183/6183
f 6165/6165 6184/6184 6166/6166
f 6165/6165 6183/6183 6184/6184
f 6166/6166 6185/6185 6167/6167
f 6166/6166 6184/6184 6185/6185
f 6167/6167 6186/6186 6168/6168
f 6167/6167 6185/6185 6186/6186
f 6186/6186 5604/5604 5602/5602
f 6186/6186 5602/5602 6168/6168
f 5605/5605 6187/6187 6169/6169
f 5605/5605 6169/6169 5603/5603
f 6169/6169 6188/6188 6170/6170
f 6169/6169 6187/6187 6188/6188
f 6170/6170 6189/6189 6171/6171
f 6170/6170 6188/6188 6189/6189
f 6171/6171 6190/6190 6172/6172
f 6171/6171 6189/6189 6190/6190
f 6172/6172 6191/6191 6173/6173
f 6172/6172 6190/6190 6191/6191
f 6173/6173 6192/6192 6174/6174
f 6173/6173 6191/6191 6192/6192
f 6174/6174 6193/6193 6175/6175
f 6174/6174 6192/6192 6193/6193
f 6175/6175 6194/6194 6176/6176
f 6175/6175 6193/6193 6194/6194
f 6176/6176 6195/6195 6177/6177
f 6176/6176 6194/6194 6195/6195
f 6177/6177 6196/6196 6178/6178
f 6177/6177 6195/6195 6196/6196
f 6178/6178 6197/6197 6179/6179
f 6178/6178 6196/6196 6197/6197
f 6179/6179 6198/6198 6180/6180
f 6179/6179 6197/6197 6198/6198
f 6180/6180 6199/6199 6181/6181
f 6180/6180 6198/6198 6199/6199
f 6181/6181 6200/6200 6182/6182
f 6181/6181 6199/6199 6200/6200
f 6182/6182 6201/6201 6183/6183
f 6182/6182 6200/6200 6201/6201
f 6183/6183 6202/6202 6184/6184
f 6183/6183 6201/6201 6202/6202
f 6184/6184 6203/6203 6185/6185
f 6184/6184 6202/6202 6203/6203
f 6185/6185 6204/6204 6186/6186
f 6185/6185 6203/6203 6204/6204
f 6204/6204 5606/5606 5604/5604
f 6204/6204 5604/5604 6186/6186
f 5607/5607 6205/6205 6187/6187
f 5607/5607 6187/6187 5605/5605
f 6187/6187 6206/6206 6188/6188
f 6187/6187 6205/6205 6206/6206
f 6188/6188 6207/6207 6189/6189
f 6188/6188 6206/6206 6207/6207
f 6189/6189 6208/6208 6190/6190
f 6189/6189 6207/6207 6208/6208
f 6190/6190 6209/6209 6191/6191
f 6190/6190 6208/6208 6209/6209
f 6191/6191 6210/6210 6192/6192
f 6191/6191 6209/6209 6210/6210
f 6192/6192 6211/6211 6193/6193
f 6192/6192 6210/6210 6211/6211
f 6193/6193 6212/6212 6194/6194
f 6193/6193 6211/6211 6212/6212
f 6194/6194 6213/6213 6195/6195
f 6194/6194 6212/6212 6213/6213
f 6195/6195 6214/6214 6196/6196
f 6195/6195 6213/6213 6214/6214
f 6196/6196 6215/6215 6197/6197
f 6196/6196 6214/6214 6215/6215
f 6197/6197 6216/6216 6198/6198
f 6197/6197 6215/6215 6216/6216
f 6198/6198 6217/6217 6199/6199
f 6198/6198 6216/6216 6217/6217
f 6199/6199 6218/6218 6200/6200
f 6199/6199 6217/6217 6218/6218
f 6200/6200 6219/6219 6201/6201
f 6200/6200 6218/6218 6219/6219
f 6201/6201 6220/6220 6202/6202
f 6201/6201 6219/6219 6220/6220
f 6202/6202 6221/6221 6203/6203
f 6202/6202 6220/6220 6221/6221
f 6203/6203 6222/6222 6204/6204
f 6203/6203 6221/6221 6222/6222
f 6222/6222 5608/5608 5606/5606
f 6222/6222 5606/5606 6204/6204
f 5609/5609 6223/6223 6205/6205
f 5609/5609 6205/6205 5607/5607
f 6205/6205 6224/6224 6206/6206
f 6205/6205 6223/6223 6224/6224
f 6206/6206 6225/6225 6207/6207
f 6206/6206 6224/6224 6225/6225
f 6207/6207 6226/6226 6208/6208
f 6207/6207 6225/6225 6226/6226
f 6208/6208 6227/6227 6209/6209
f 6208/6208 6226/6226 6227/6227
f 6209/6209 6228/6228 6210/6210
f 6209/6209 6227/6227 6228/6228
f 6210/6210 6229/6229 6211/6211
f 6210/6210 6228/6228 6229/6229
f 6211/6211 6230/6230 6212/6212
f 6211/6211 6229/6229 6230/6230
f 6212/6212 6231/6231 6213/6213
f 6212/6212 6230/6230 6231/6231
f 6213/6213 6232/6232 6214/6214
f 6213/6213 6231/6231 6232/6232
f 6214/6214 6233/6233 6215/6215
f 6214/6214 6232/6232 6233/6233
f 6215/6215 6234/6234 6216/6216
f 6215/6215 6233/6233 6234/6234
f 6216/6216 6235/6235 6217/6217
f 6216/6216 6234/6234 6235/6235
f 6217/6217 6236/6236 6218/6218
f 6217/6217 6235/6235 6236/6236
f 6218/6218 6237/6237 6219/6219
f 6218/6218 6236/6236 6237/6237
f 6219/6219 6238/6238 6220/6220
f 6219/6219 6237/6237 6238/6238
f 6220/6220 6239/6239 6221/6221
f 6220/6220 6238/6238 6239/6239
f 6221/6221 6240/6240 6222/6222
f 6221/6221 6239/6239 6240/6240
f 6240/6240 5610/5610 5608/5608
f 6240/6240 5608/5608 6222/6222
f 5611/5611 6241/6241 6223/6223
f 5611/5611 6223/6223 5609/5609
f 6223/6223 6242/6242 6224/6224
f 6223/6223 6241/6241 6242/6242
f 6224/6224 6243/6243 6225/6225
f 6224/6224 6242/6242 6243/6243
f 6225/6225 6244/6244 6226/6226
f 6225/6225 6243/6243 6244/6244
f 6226/6226 6245/6245 6227/6227
f 6226/6226 6244/6244 6245/6245
f 6227/6227 6246/6246 6228/6228
f 6227/6227 6245/6245 6246/6246
f 6228/6228 6247/6247 6229/6229
f 6228/6228 6246/6246 6247/6247
f 6229/6229 6248/6248 6230/6230
f 6229/6229 6247/6247 6248/6248
f 6230/6230 6249/6249 6231/6231
f 6230/6230 6248/6248 6249/6249
f 6231/6231 6250/6250 6232/6232
f 6231/6231 6249/6249 6250/6250
f 6232/6232 6251/6251 6233/6233
f 6232/6232 6250/6250 6251/6251
f 6233/6233 6252/6252 6234/6234
f 6233/6233 6251/6251 6252/6252
f 6234/6234 6253/6253 6235/6235
f 6234/6234 6252/6252 6253/6253
f 6235/6235 6254/6254 6236/6236
f 6235/6235 6253/6253 6254/6254
f 6236/6236 6255/6255 6237/6237
f 6236/6236 6254/6254 6255/6255
f 6237/6237 6256/6256 6238/6238
f 6237/6237 6255/6255 6256/6256
f 6238/6238 6257/6257 6239/6239
f 6238/6238 6256/6256 6257/6257
f 6239/6239 6258/6258 6240/6240
f 6239/6239 6257/6257 6258/6258
f 6258/6258 5612/5612 5610/5610
f 6258/6258 5610/5610 6240/6240
f 5613/5613 6259/6259 6241/6241
f 5613/5613 6241/6241 5611/5611
f 6241/6241 6260/6260 6242/6242
f 6241/6241 6259/6259 6260/6260
f 6242/6242 6261/6261 6243/6243
f 6242/6242 6260/6260 6261/6261
f 6243/6243 6262/6262 6244/6244
f 6243/6243 6261/6261 6262/6262
f 6244/6244 6263/6263 6245/6245
f 6244/6244 6262/6262 6263/6263
f 6245/6245 6264/6264 6246/6246
f 6245/6245 6263/6263 6264/6264
f 6246/6246 6265/6265 6247/6247
f 6246/6246 6264/6264 6265/6265
f 6247/6247 6266/6266 6248/6248
f 6247/6247 6265/6265 6266/6266
f 6248/6248 6267/6267 6249/6249
f 6248/6248 6266/6266 6267/6267
f 6249/6249 6268/6268 6250/6250
f 6249/6249 6267/6267 6268/6268
f 6250/6250 6269/6269 6251/6251
f 6250/6250 6268/6268 6269/6269
f 6251/6251 6270/6270 6252/6252
f 6251/6251 6269/6269 6270/6270
f 6252/6252 6271/6271 6253/6253
f 6252/6252 6270/6270 6271/6271
f 6253/6253 6272/6272 6254/6254
f 6253/6253 6271/6271 6272/6272
f 6254/6254 6273/6273 6255/6255
f 6254/6254 6272/6272 6273/6273
f 6255/6255 6274/6274 6256/6256
f 6255/6255 6273/6273 6274/6274
f 6256/6256 6275/6275 6257/6257
f 6256/6256 6274/6274 6275/6275
f 6257/6257 6276/6276 6258/6258
f 6257/6257 6275/6275 6276/6276
f 6276/6276 5614/5614 5612/5612
f 6276/6276 5612/5612 6258/6258
f 5615/5615 6277/6277 6259/6259
f 5615/5615 6259/6259 5613/5613
f 6259/6259 6278/6278 6260/6260
f 6259/6259 6277/6277 6278/6278
f 6260/6260 6279/6279 6261/6261
f 6260/6260 6278/6278 6279/6279
f 6261/6261 6280/6280 6262/6262
f 6261/6261 6279/6279 6280/6280
f 6262/6262 6281/6281 6263/6263
f 6262/6262 6280/6280 6281/6281
f 6263/6263 6282/6282 6264/6264
f 6263/6263 6281/6281 6282/6282
f 6264/6264 6283/6283 6265/6265
f 6264/6264 6282/6282 6283/6283
f 6265/6265 6284/6284 6266/6266
f 6265/6265 6283/6283 6284/6284
f 6266/6266 6285/6285 6267/6267
f 6266/6266 6284/6284 6285/6285
f 6267/6267 6286/6286 6268/6268
f 6267/6267 6285/6285 6286/6286
f 6268/6268 6287/6287 6269/6269
f 6268/6268 6286/6286 6287/6287
f 6269/6269 6288/6288 6270/6270
f 6269/6269 6287/6287 6288/6288
f 6270/6270 6289/6289 6271/6271
f 6270/6270 6288/6288 6289/6289
f 6271/6271 6290/6290 6272/6272
f 6271/6271 6289/6289 6290/6290
f 6272/6272 6291/6291 6273/6273
f 6272/6272 6290/6290 6291/6291
f 6273/6273 6292/6292 6274/6274
f 6273/6273 6291/6291 6292/6292
f 6274/6274 6293/6293 6275/6275
f 6274/6274 6292/6292 6293/6293
f 6275/6275 6294/6294 6276/6276
f 6275/6275 6293/6293 6294/6294
f 6294/6294 5617/5617 5614/5614
f 6294/6294 5614/5614 6276/6276
f 5618/5618 6277/6277 5615/5615
f 6277/6277 5618/5618 5619/5619
f 6277/6277 5619/5619 6278/6278
f 6278/6278 5619/5619 5620/5620
f 6278/6278 5620/5620 6279/6279
f 6279/6279 5620/5620 5621/5621
f 6279/6279 5621/5621 6280/6280
f 6280/6280 5621/5621 5622/5622
f 6280/6280 5622/5622 6281/6281
f 6281/6281 5622/5622 5623/5623
f 6281/6281 5623/5623 6282/6282
f 6282/6282 5623/5623 5624/5624
f 6282/6282 5624/5624 6283/6283
f 6283/6283 5624/5624 5625/5625
f 6283/6283 5625/5625 6284/6284
f 6284/6284 5625/5625 5626/5626
f 6284/6284 5626/5626 6285/6285
f 6285/6285 5626/5626 5627/5627
f 6285/6285 5627/5627 6286/6286
f 6286/6286 5627/5627 5628/5628
f 6286/6286 5628/5628 6287/6287
f 6287/6287 5628/5628 5629/5629
f 6287/6287 5629/5629 6288/6288
f 6288/6288 5629/5629 5630/5630
f 6288/6288 5630/5630 6289/6289
f 6289/6289 5630/5630 5631/5631
f 6289/6289 5631/5631 6290/6290
f 6290/6290 5631/5631 5632/5632
f 6290/6290 5632/5632 6291/6291
f 6291/6291 5632/5632 5633/5633
f 6291/6291 5633/5633 6292/6292
f 6292/6292 5633/5633 5634/5634
f 6292/6292 5634/5634 6293/6293
f 6293/6293 5634/5634 5635/5635
f 6293/6293 5635/5635 6294/6294
f 6294/6294 5635/5635 5617/5617

